Workbook

Sheet الجدول
B1: ER ADMISSION-NIGHT-🚨🌙 | C1: ER ADMISSIONS -DAY-🚨☀️ | D1: ER-clinic Day ☀️🚨 | E1: ER GENERAL-DAY-🚨☀️ | F1: ER GENERAL-NIGHT-🚨🌙 | G1: ER PT-DAY-🚨☀️ | H1: ER PT-NIGHT-🚨🌙 | I1: ER TRIAGE-DAY-🚨☀️ | J1: ER TRIAGE-NIGHT-🚨🌙 | K1: ER WARD-DAY-🚨☀️ | L1: ER WARD-NIGHT-🚨🌙 | M1: 🗡️LISTA | N1: WARD-DAY-☀️ | O1: WARD-NIGHT-🌙
A2: 2026-02-01 الأحد | B2: بلال جودة (01066199644) | C2: سلمى أبوالعلا (01124166114) | D2: دانه طارق (01012809042) | E2: استيفن مدحت منير (01200226122) | F2: عمرو وائل سرور (01023140340) | G2: مينا رومانى عبده (01212866642) | H2: سندس أحمد سيد (01156131096) | I2: كارين روماني راشد (01102663062) | J2: ملك محمد فؤاد (01001721072) | K2: محمود عبد المحسن إبراهيم (01062086612) | L2: محمد الجمل (01091463337) | M2: ---------- | N2: ---------- | O2: ---------- | P2: =HYPERLINK("#مجمع!B" & 1, "ورديات اليوم مجمعة") -> ورديات اليوم مجمعة
B3: ---------- | C3: ---------- | D3: ---------- | E3: محمد خالد محمد (01008204601) | F3: محمد محمود ابراهيم (01112057358) | G3: منار احمد سعيد (01092708033) | H3: مصطفى عبد الراضى صديق (01226696153) | I3: ---------- | J3: ---------- | K3: سعيد السيد محمد السيد محمد سابق (01203394950) | L3: احمد عزت الشيخ (01226872660) | M3: ---------- | N3: ---------- | O3: ----------
B4: ---------- | C4: ---------- | D4: ---------- | E4: أحمد رجب محمد (01273127265) | F4: احمد ايهاب محمد عواد (01032298339) | G4: منار عواد عبدالعال عواد (01001915861) | H4: Ziad said mohamed (01028577876) | I4: ---------- | J4: ---------- | K4: أحمد زيدان (01110524147) | L4: ريهام سعد عبدالرحمن (01124867574) | M4: ---------- | N4: ---------- | O4: ----------
B5: ---------- | C5: ---------- | D5: ---------- | E5: عمر حسن محمد حسن حجازي (01019701020) | F5: احمد ناصر (01553479200) | G5: عبدالمسيح مكرم (01203267885) | H5: احمد حسين أحمد (01001877491) | I5: ---------- | J5: ---------- | K5: منة السيد عبد الباقي (01274588193) | L5: رؤى أحمد عبدالحميد البليهي (01021284862) | M5: ---------- | N5: ---------- | O5: ----------
B6: ---------- | C6: ---------- | D6: ---------- | E6: كارين باسم صومائيل (01274209975) | F6: محمد عمرو محمد عبدالباقي (01151653320) | G6: مها حسين السيد (01012349071) | H6: شهاب احمد حلمي (01055979002) | I6: ---------- | J6: ---------- | K6: احمد حسام الدين صلاح (01065567736) | L6: الاء الحداد (01033882560) | M6: ---------- | N6: ---------- | O6: ----------
B7: ---------- | C7: ---------- | D7: ---------- | E7: روان ياسر سليم (01005005160) | F7: مي طارق نهاد (01287477488) | G7: أعناب طارق عوض (01146334179) | H7: منه الله هشام السيد (01002996214) | I7: ---------- | J7: ---------- | K7: بلال أحمد (01066883767) | L7: تقى عماد حسني (01119716276) | M7: ---------- | N7: ---------- | O7: ----------
B8: ---------- | C8: ---------- | D8: ---------- | E8: هديل نادي محند (01033032220) | F8: يوسف عاطف رزق الله (01148183647) | G8: Sara Refaat (01220039613) | H8: احمدنوید قیومی (01104573242) | I8: ---------- | J8: ---------- | K8: ---------- | L8: ---------- | M8: ---------- | N8: ---------- | O8: ----------
B9: ---------- | C9: ---------- | D9: ---------- | E9: مي خالد ابوزيد (01023578224) | F9: Mohamed Ahmed | G9: هديل هشام منصور الوشاحي (01227221344) | H9: شيماء رمضان سعد (01021468731) | I9: ---------- | J9: ---------- | K9: ---------- | L9: ---------- | M9: ---------- | N9: ---------- | O9: ----------
B10: ---------- | C10: ---------- | D10: ---------- | E10: رنيم حاتم رفيق بسيسو (01144758373) | F10: ---------- | G10: ---------- | H10: شدو محمد شلتوت (1550336384) | I10: ---------- | J10: ---------- | K10: ---------- | L10: ---------- | M10: ---------- | N10: ---------- | O10: ----------
A11: 2026-02-02 الاثنين | B11: ---------- | C11: ---------- | D11: ---------- | E11: ---------- | F11: ---------- | G11: ---------- | H11: ---------- | I11: ---------- | J11: ---------- | K11: ---------- | L11: ---------- | M11: ---------- | N11: احمد حسام الدين صلاح (01065567736) | O11: سعيد السيد محمد السيد محمد سابق (01203394950) | P11: =HYPERLINK("#مجمع!B" & 2, "ورديات اليوم مجمعة") -> ورديات اليوم مجمعة
B12: ---------- | C12: ---------- | D12: ---------- | E12: ---------- | F12: ---------- | G12: ---------- | H12: ---------- | I12: ---------- | J12: ---------- | K12: ---------- | L12: ---------- | M12: ---------- | N12: بلال أحمد (01066883767) | O12: دانه طارق (01012809042)
B13: ---------- | C13: ---------- | D13: ---------- | E13: ---------- | F13: ---------- | G13: ---------- | H13: ---------- | I13: ---------- | J13: ---------- | K13: ---------- | L13: ---------- | M13: ---------- | N13: أحمد رجب محمد (01273127265) | O13: مريم السيد أحمد خيرالله (01099882992)
B14: ---------- | C14: ---------- | D14: ---------- | E14: ---------- | F14: ---------- | G14: ---------- | H14: ---------- | I14: ---------- | J14: ---------- | K14: ---------- | L14: ---------- | M14: ---------- | N14: مصطفى عبد الراضى صديق (01226696153) | O14: هديل هشام منصور الوشاحي (01227221344)
B15: ---------- | C15: ---------- | D15: ---------- | E15: ---------- | F15: ---------- | G15: ---------- | H15: ---------- | I15: ---------- | J15: ---------- | K15: ---------- | L15: ---------- | M15: ---------- | N15: منار احمد سعيد (01092708033) | O15: شيماء رمضان سعد (01021468731)
B16: ---------- | C16: ---------- | D16: ---------- | E16: ---------- | F16: ---------- | G16: ---------- | H16: ---------- | I16: ---------- | J16: ---------- | K16: ---------- | L16: ---------- | M16: ---------- | N16: أعناب طارق عوض (01146334179) | O16: ----------
B17: ---------- | C17: ---------- | D17: ---------- | E17: ---------- | F17: ---------- | G17: ---------- | H17: ---------- | I17: ---------- | J17: ---------- | K17: ---------- | L17: ---------- | M17: ---------- | N17: زينة أشرف حسين (01067196820) | O17: ----------
B18: ---------- | C18: ---------- | D18: ---------- | E18: ---------- | F18: ---------- | G18: ---------- | H18: ---------- | I18: ---------- | J18: ---------- | K18: ---------- | L18: ---------- | M18: ---------- | N18: زينة أشرف حسين (01067196820) | O18: ----------
A19: 2026-02-03 الثلاثاء | B19: ---------- | C19: ---------- | D19: ---------- | E19: ---------- | F19: ---------- | G19: ---------- | H19: ---------- | I19: ---------- | J19: ---------- | K19: ---------- | L19: ---------- | M19: محمد الجمل (01091463337) | N19: محمود عبد المحسن إبراهيم (01062086612) | O19: احمد عزت الشيخ (01226872660) | P19: =HYPERLINK("#مجمع!B" & 3, "ورديات اليوم مجمعة") -> ورديات اليوم مجمعة
B20: ---------- | C20: ---------- | D20: ---------- | E20: ---------- | F20: ---------- | G20: ---------- | H20: ---------- | I20: ---------- | J20: ---------- | K20: ---------- | L20: ---------- | M20: احمد عزت الشيخ (01226872660) | N20: Youssef elsemary (01126286820) | O20: محمد محمود ابراهيم (01112057358)
B21: ---------- | C21: ---------- | D21: ---------- | E21: ---------- | F21: ---------- | G21: ---------- | H21: ---------- | I21: ---------- | J21: ---------- | K21: ---------- | L21: ---------- | M21: مي خالد ابوزيد (01023578224) | N21: Sara Refaat (01220039613) | O21: مي طارق نهاد (01287477488)
B22: ---------- | C22: ---------- | D22: ---------- | E22: ---------- | F22: ---------- | G22: ---------- | H22: ---------- | I22: ---------- | J22: ---------- | K22: ---------- | L22: ---------- | M22: ---------- | N22: أعناب طارق عوض (01146334179) | O22: محمد الجمل (01091463337)
B23: ---------- | C23: ---------- | D23: ---------- | E23: ---------- | F23: ---------- | G23: ---------- | H23: ---------- | I23: ---------- | J23: ---------- | K23: ---------- | L23: ---------- | M23: ---------- | N23: استيفن مدحت منير (01200226122) | O23: ----------
B24: ---------- | C24: ---------- | D24: ---------- | E24: ---------- | F24: ---------- | G24: ---------- | H24: ---------- | I24: ---------- | J24: ---------- | K24: ---------- | L24: ---------- | M24: ---------- | N24: Mohamed Ahmed | O24: ----------
A25: 2026-02-04 الأربعاء | B25: ---------- | C25: ---------- | D25: ---------- | E25: ---------- | F25: ---------- | G25: ---------- | H25: ---------- | I25: ---------- | J25: ---------- | K25: ---------- | L25: ---------- | M25: ---------- | N25: سلمى أبوالعلا (01124166114) | O25: محمد عمرو محمد عبدالباقي (01151653320) | P25: =HYPERLINK("#مجمع!B" & 4, "ورديات اليوم مجمعة") -> ورديات اليوم مجمعة
B26: ---------- | C26: ---------- | D26: ---------- | E26: ---------- | F26: ---------- | G26: ---------- | H26: ---------- | I26: ---------- | J26: ---------- | K26: ---------- | L26: ---------- | M26: ---------- | N26: رنيم حاتم رفيق بسيسو (01144758373) | O26: الاء الحداد (01033882560)
B27: ---------- | C27: ---------- | D27: ---------- | E27: ---------- | F27: ---------- | G27: ---------- | H27: ---------- | I27: ---------- | J27: ---------- | K27: ---------- | L27: ---------- | M27: ---------- | N27: روان ياسر سليم (01005005160) | O27: احمد حسين أحمد (01001877491)
B28: ---------- | C28: ---------- | D28: ---------- | E28: ---------- | F28: ---------- | G28: ---------- | H28: ---------- | I28: ---------- | J28: ---------- | K28: ---------- | L28: ---------- | M28: ---------- | N28: عبدالمسيح مكرم (01203267885) | O28: Mohamed Ahmed
B29: ---------- | C29: ---------- | D29: ---------- | E29: ---------- | F29: ---------- | G29: ---------- | H29: ---------- | I29: ---------- | J29: ---------- | K29: ---------- | L29: ---------- | M29: ---------- | N29: مينا رومانى عبده (01212866642) | O29: ----------
B30: ---------- | C30: ---------- | D30: ---------- | E30: ---------- | F30: ---------- | G30: ---------- | H30: ---------- | I30: ---------- | J30: ---------- | K30: ---------- | L30: ---------- | M30: ---------- | N30: هديل نادي محند (01033032220) | O30: ----------
A31: 2026-02-05 الخميس | B31: ---------- | C31: ---------- | D31: ---------- | E31: ---------- | F31: ---------- | G31: ---------- | H31: ---------- | I31: ---------- | J31: ---------- | K31: ---------- | L31: ---------- | M31: ---------- | N31: Ziad said mohamed (01028577876) | O31: احمد عزت الشيخ (01226872660) | P31: =HYPERLINK("#مجمع!B" & 5, "ورديات اليوم مجمعة") -> ورديات اليوم مجمعة
B32: ---------- | C32: ---------- | D32: ---------- | E32: ---------- | F32: ---------- | G32: ---------- | H32: ---------- | I32: ---------- | J32: ---------- | K32: ---------- | L32: ---------- | M32: ---------- | N32: منه الله هشام السيد (01002996214) | O32: شهاب احمد حلمي (01055979002)
B33: ---------- | C33: ---------- | D33: ---------- | E33: ---------- | F33: ---------- | G33: ---------- | H33: ---------- | I33: ---------- | J33: ---------- | K33: ---------- | L33: ---------- | M33: ---------- | N33: عمر حسن محمد حسن حجازي (01019701020) | O33: Mohamed Ahmed
B34: ---------- | C34: ---------- | D34: ---------- | E34: ---------- | F34: ---------- | G34: ---------- | H34: ---------- | I34: ---------- | J34: ---------- | K34: ---------- | L34: ---------- | M34: ---------- | N34: بلال جودة (01066199644) | O34: ----------
B35: ---------- | C35: ---------- | D35: ---------- | E35: ---------- | F35: ---------- | G35: ---------- | H35: ---------- | I35: ---------- | J35: ---------- | K35: ---------- | L35: ---------- | M35: ---------- | N35: سندس أحمد سيد (01156131096) | O35: ----------
A36: 2026-02-06 الجمعة | B36: عمر محمد سيد (01000688544) | C36: شيماء رمضان سعد (01021468731) | D36: ---------- | E36: رنا اكرم احمد (01122182132) | F36: أحمد زيدان (01110524147) | G36: مصطفى محمد علي محمد بدر (01150245681) | H36: احمد حسين أحمد (01001877491) | I36: عبدالمسيح مكرم (01203267885) | J36: شيماء رمضان سعد (01021468731) | K36: ملك محمد فؤاد (01001721072) | L36: محمد الجمل (01091463337) | M36: ---------- | N36: ---------- | O36: ---------- | P36: =HYPERLINK("#مجمع!B" & 6, "ورديات اليوم مجمعة") -> ورديات اليوم مجمعة
B37: ---------- | C37: ---------- | D37: ---------- | E37: رنيم حاتم رفيق بسيسو (01144758373) | F37: شدو محمد شلتوت (1550336384) | G37: حنان النبوى محمد (01067888751) | H37: بلال جودة (01066199644) | I37: ---------- | J37: ---------- | K37: بلال جودة (01066199644) | L37: احمد عزت الشيخ (01226872660) | M37: ---------- | N37: ---------- | O37: ----------
B38: ---------- | C38: ---------- | D38: ---------- | E38: مها حسين السيد (01012349071) | F38: مي طارق نهاد (01287477488) | G38: عمرو عبدالغفار حمزة (01014246636) | H38: عمر حسن محمد حسن حجازي (01019701020) | I38: ---------- | J38: ---------- | K38: Marwan Ayman (01149894940) | L38: يوسف طه السيد (01207620695) | M38: ---------- | N38: ---------- | O38: ----------
B39: ---------- | C39: ---------- | D39: ---------- | E39: محمد خالد محمد (01008204601) | F39: عمرو وائل سرور (01023140340) | G39: Youssef elsemary (01126286820) | H39: نورهان محمد (0112 826 8287) | I39: ---------- | J39: ---------- | K39: أحمد زيدان (01110524147) | L39: سندس أحمد سيد (01156131096) | M39: ---------- | N39: ---------- | O39: ----------
B40: ---------- | C40: ---------- | D40: ---------- | E40: كارين باسم صومائيل (01274209975) | F40: الاء الحداد (01033882560) | G40: مريم السيد أحمد خيرالله (01099882992) | H40: احمدنوید قیومی (01104573242) | I40: ---------- | J40: ---------- | K40: ريهام سعد عبدالرحمن (01124867574) | L40: Mohamed Ahmed | M40: ---------- | N40: ---------- | O40: ----------
B41: ---------- | C41: ---------- | D41: ---------- | E41: Mostafa Ismail (01022400525) | F41: محمد عمرو محمد عبدالباقي (01151653320) | G41: منار عواد عبدالعال عواد (01001915861) | H41: مصطفى عبد الراضى صديق (01226696153) | I41: ---------- | J41: ---------- | K41: محمود محمد عبدالرحمن (01023283048) | L41: عبدالله احمد (01020242571) | M41: ---------- | N41: ---------- | O41: ----------
B42: ---------- | C42: ---------- | D42: ---------- | E42: هديل هشام منصور الوشاحي (01227221344) | F42: احمد ايهاب محمد عواد (01032298339) | G42: أعناب طارق عوض (01146334179) | H42: منه الله هشام السيد (01002996214) | I42: ---------- | J42: ---------- | K42: ---------- | L42: ---------- | M42: ---------- | N42: ---------- | O42: ----------
B43: ---------- | C43: ---------- | D43: ---------- | E43: سعيد السيد محمد السيد محمد سابق (01203394950) | F43: Rawan Elessawy (01010983040) | G43: رؤى أحمد عبدالحميد البليهي (01021284862) | H43: محمد خالد محمد (01008204601) | I43: ---------- | J43: ---------- | K43: ---------- | L43: ---------- | M43: ---------- | N43: ---------- | O43: ----------
B44: ---------- | C44: ---------- | D44: ---------- | E44: هديل نادي محند (01033032220) | F44: ---------- | G44: ---------- | H44: عمر حسن محمد حسن حجازي (01019701020) | I44: ---------- | J44: ---------- | K44: ---------- | L44: ---------- | M44: ---------- | N44: ---------- | O44: ----------
A45: 2026-02-07 السبت | B45: ---------- | C45: ---------- | D45: ---------- | E45: ---------- | F45: ---------- | G45: ---------- | H45: ---------- | I45: ---------- | J45: ---------- | K45: ---------- | L45: ---------- | M45: محمد عمرو محمد عبدالباقي (01151653320) | N45: منار عواد عبدالعال عواد (01001915861) | O45: احمد ايهاب محمد عواد (01032298339) | P45: =HYPERLINK("#مجمع!B" & 7, "ورديات اليوم مجمعة") -> ورديات اليوم مجمعة
B46: ---------- | C46: ---------- | D46: ---------- | E46: ---------- | F46: ---------- | G46: ---------- | H46: ---------- | I46: ---------- | J46: ---------- | K46: ---------- | L46: ---------- | M46: سلمى أبوالعلا (01124166114) | N46: رؤى أحمد عبدالحميد البليهي (01021284862) | O46: ملك محمد فؤاد (01001721072)
B47: ---------- | C47: ---------- | D47: ---------- | E47: ---------- | F47: ---------- | G47: ---------- | H47: ---------- | I47: ---------- | J47: ---------- | K47: ---------- | L47: ---------- | M47: يوسف طه السيد (01207620695) | N47: شيماء رمضان سعد (01021468731) | O47: احمد ناصر (01553479200)
B48: ---------- | C48: ---------- | D48: ---------- | E48: ---------- | F48: ---------- | G48: ---------- | H48: ---------- | I48: ---------- | J48: ---------- | K48: ---------- | L48: ---------- | M48: ---------- | N48: رنا اكرم احمد (01122182132) | O48: شدو محمد شلتوت (1550336384)
B49: ---------- | C49: ---------- | D49: ---------- | E49: ---------- | F49: ---------- | G49: ---------- | H49: ---------- | I49: ---------- | J49: ---------- | K49: ---------- | L49: ---------- | M49: ---------- | N49: احمد حسين أحمد (01001877491) | O49: عمر محمد سيد (01000688544)
B50: ---------- | C50: ---------- | D50: ---------- | E50: ---------- | F50: ---------- | G50: ---------- | H50: ---------- | I50: ---------- | J50: ---------- | K50: ---------- | L50: ---------- | M50: ---------- | N50: سعيد السيد محمد السيد محمد سابق (01203394950) | O50: ----------
B51: ---------- | C51: ---------- | D51: ---------- | E51: ---------- | F51: ---------- | G51: ---------- | H51: ---------- | I51: ---------- | J51: ---------- | K51: ---------- | L51: ---------- | M51: ---------- | N51: محمد خالد محمد (01008204601) | O51: ----------
B52: ---------- | C52: ---------- | D52: ---------- | E52: ---------- | F52: ---------- | G52: ---------- | H52: ---------- | I52: ---------- | J52: ---------- | K52: ---------- | L52: ---------- | M52: ---------- | N52: هديل نادي محند (01033032220) | O52: ----------
A53: 2026-02-08 الأحد | B53: حنان النبوى محمد (01067888751) | C53: عمر محمد سيد (01000688544) | D53: سلمى أبوالعلا (01124166114) | E53: هديل نادي محند (01033032220) | F53: يوسف عاطف رزق الله (01148183647) | G53: منار احمد سعيد (01092708033) | H53: يوسف طه السيد (01207620695) | I53: مريم السيد أحمد خيرالله (01099882992) | J53: احمد ايهاب محمد عواد (01032298339) | K53: أعناب طارق عوض (01146334179) | L53: محمد الجمل (01091463337) | M53: ---------- | N53: ---------- | O53: ---------- | P53: =HYPERLINK("#مجمع!B" & 8, "ورديات اليوم مجمعة") -> ورديات اليوم مجمعة
B54: ---------- | C54: ---------- | D54: ---------- | E54: محمود عبد المحسن إبراهيم (01062086612) | F54: محمد محمود ابراهيم (01112057358) | G54: مصطفى محمد علي محمد بدر (01150245681) | H54: Ziad said mohamed (01028577876) | I54: ---------- | J54: ---------- | K54: منار عواد عبدالعال عواد (01001915861) | L54: عبدالله احمد (01020242571) | M54: ---------- | N54: ---------- | O54: ----------
B55: ---------- | C55: ---------- | D55: ---------- | E55: دانه طارق (01012809042) | F55: زينة أشرف حسين (01067196820) | G55: مي خالد ابوزيد (01023578224) | H55: شهاب احمد حلمي (01055979002) | I55: ---------- | J55: ---------- | K55: مها حسين السيد (01012349071) | L55: احمد عزت الشيخ (01226872660) | M55: ---------- | N55: ---------- | O55: ----------
B56: ---------- | C56: ---------- | D56: ---------- | E56: بلال أحمد (01066883767) | F56: سعيد السيد محمد السيد محمد سابق (01203394950) | G56: مينا رومانى عبده (01212866642) | H56: عمرو وائل سرور (01023140340) | I56: ---------- | J56: ---------- | K56: منة السيد عبد الباقي (01274588193) | L56: تقى عماد حسني (01119716276) | M56: ---------- | N56: ---------- | O56: ----------
B57: ---------- | C57: ---------- | D57: ---------- | E57: أحمد رجب محمد (01273127265) | F57: مي طارق نهاد (01287477488) | G57: Youssef elsemary (01126286820) | H57: احمد حسين أحمد (01001877491) | I57: ---------- | J57: ---------- | K57: احمد ناصر (01553479200) | L57: Marwan Ayman (01149894940) | M57: ---------- | N57: ---------- | O57: ----------
B58: ---------- | C58: ---------- | D58: ---------- | E58: روان ياسر سليم (01005005160) | F58: محمد عمرو محمد عبدالباقي (01151653320) | G58: رؤى أحمد عبدالحميد البليهي (01021284862) | H58: منه الله هشام السيد (01002996214) | I58: ---------- | J58: ---------- | K58: Mostafa Ismail (01022400525) | L58: ريهام سعد عبدالرحمن (01124867574) | M58: ---------- | N58: ---------- | O58: ----------
B59: ---------- | C59: ---------- | D59: ---------- | E59: استيفن مدحت منير (01200226122) | F59: احمدنوید قیومی (01104573242) | G59: Mohamed Ahmed | H59: نورهان محمد (0112 826 8287) | I59: ---------- | J59: ---------- | K59: ---------- | L59: ---------- | M59: ---------- | N59: ---------- | O59: ----------
B60: ---------- | C60: ---------- | D60: ---------- | E60: احمد حسام الدين صلاح (01065567736) | F60: الاء الحداد (01033882560) | G60: محمود محمد عبدالرحمن (01023283048) | H60: عبدالمسيح مكرم (01203267885) | I60: ---------- | J60: ---------- | K60: ---------- | L60: ---------- | M60: ---------- | N60: ---------- | O60: ----------
B61: ---------- | C61: ---------- | D61: ---------- | E61: Rawan Elessawy (01010983040) | F61: ---------- | G61: ---------- | H61: كارين روماني راشد (01102663062) | I61: ---------- | J61: ---------- | K61: ---------- | L61: ---------- | M61: ---------- | N61: ---------- | O61: ----------
A62: 2026-02-09 الاثنين | B62: ---------- | C62: ---------- | D62: ---------- | E62: ---------- | F62: ---------- | G62: ---------- | H62: ---------- | I62: ---------- | J62: ---------- | K62: ---------- | L62: ---------- | M62: ---------- | N62: منار عواد عبدالعال عواد (01001915861) | O62: عمرو وائل سرور (01023140340) | P62: =HYPERLINK("#مجمع!B" & 9, "ورديات اليوم مجمعة") -> ورديات اليوم مجمعة
B63: ---------- | C63: ---------- | D63: ---------- | E63: ---------- | F63: ---------- | G63: ---------- | H63: ---------- | I63: ---------- | J63: ---------- | K63: ---------- | L63: ---------- | M63: ---------- | N63: الاء الحداد (01033882560) | O63: هديل هشام منصور الوشاحي (01227221344)
B64: ---------- | C64: ---------- | D64: ---------- | E64: ---------- | F64: ---------- | G64: ---------- | H64: ---------- | I64: ---------- | J64: ---------- | K64: ---------- | L64: ---------- | M64: ---------- | N64: Youssef elsemary (01126286820) | O64: مريم السيد أحمد خيرالله (01099882992)
B65: ---------- | C65: ---------- | D65: ---------- | E65: ---------- | F65: ---------- | G65: ---------- | H65: ---------- | I65: ---------- | J65: ---------- | K65: ---------- | L65: ---------- | M65: ---------- | N65: رؤى أحمد عبدالحميد البليهي (01021284862) | O65: تقى عماد حسني (01119716276)
B66: ---------- | C66: ---------- | D66: ---------- | E66: ---------- | F66: ---------- | G66: ---------- | H66: ---------- | I66: ---------- | J66: ---------- | K66: ---------- | L66: ---------- | M66: ---------- | N66: Mostafa Ismail (01022400525) | O66: سعيد السيد محمد السيد محمد سابق (01203394950)
B67: ---------- | C67: ---------- | D67: ---------- | E67: ---------- | F67: ---------- | G67: ---------- | H67: ---------- | I67: ---------- | J67: ---------- | K67: ---------- | L67: ---------- | M67: ---------- | N67: احمدنوید قیومی (01104573242) | O67: ----------
B68: ---------- | C68: ---------- | D68: ---------- | E68: ---------- | F68: ---------- | G68: ---------- | H68: ---------- | I68: ---------- | J68: ---------- | K68: ---------- | L68: ---------- | M68: ---------- | N68: مصطفى عبد الراضى صديق (01226696153) | O68: ----------
B69: ---------- | C69: ---------- | D69: ---------- | E69: ---------- | F69: ---------- | G69: ---------- | H69: ---------- | I69: ---------- | J69: ---------- | K69: ---------- | L69: ---------- | M69: ---------- | N69: Rawan Elessawy (01010983040) | O69: ----------
A70: 2026-02-10 الثلاثاء | B70: ---------- | C70: ---------- | D70: ---------- | E70: ---------- | F70: ---------- | G70: ---------- | H70: ---------- | I70: ---------- | J70: ---------- | K70: ---------- | L70: ---------- | M70: محمد خالد محمد (01008204601) | N70: أعناب طارق عوض (01146334179) | O70: احمد ناصر (01553479200) | P70: =HYPERLINK("#مجمع!B" & 10, "ورديات اليوم مجمعة") -> ورديات اليوم مجمعة
B71: ---------- | C71: ---------- | D71: ---------- | E71: ---------- | F71: ---------- | G71: ---------- | H71: ---------- | I71: ---------- | J71: ---------- | K71: ---------- | L71: ---------- | M71: ريهام سعد عبدالرحمن (01124867574) | N71: مي خالد ابوزيد (01023578224) | O71: مي طارق نهاد (01287477488)
B72: ---------- | C72: ---------- | D72: ---------- | E72: ---------- | F72: ---------- | G72: ---------- | H72: ---------- | I72: ---------- | J72: ---------- | K72: ---------- | L72: ---------- | M72: Youssef elsemary (01126286820) | N72: هديل نادي محند (01033032220) | O72: كارين باسم صومائيل (01274209975)
B73: ---------- | C73: ---------- | D73: ---------- | E73: ---------- | F73: ---------- | G73: ---------- | H73: ---------- | I73: ---------- | J73: ---------- | K73: ---------- | L73: ---------- | M73: ---------- | N73: محمود عبد المحسن إبراهيم (01062086612) | O73: محمد محمود ابراهيم (01112057358)
B74: ---------- | C74: ---------- | D74: ---------- | E74: ---------- | F74: ---------- | G74: ---------- | H74: ---------- | I74: ---------- | J74: ---------- | K74: ---------- | L74: ---------- | M74: ---------- | N74: احمد حسام الدين صلاح (01065567736) | O74: ----------
B75: ---------- | C75: ---------- | D75: ---------- | E75: ---------- | F75: ---------- | G75: ---------- | H75: ---------- | I75: ---------- | J75: ---------- | K75: ---------- | L75: ---------- | M75: ---------- | N75: استيفن مدحت منير (01200226122) | O75: ----------
A76: 2026-02-11 الأربعاء | B76: ---------- | C76: ---------- | D76: ---------- | E76: ---------- | F76: ---------- | G76: ---------- | H76: ---------- | I76: ---------- | J76: ---------- | K76: ---------- | L76: ---------- | M76: ---------- | N76: Sara Refaat (01220039613) | O76: سندس أحمد سيد (01156131096) | P76: =HYPERLINK("#مجمع!B" & 11, "ورديات اليوم مجمعة") -> ورديات اليوم مجمعة
B77: ---------- | C77: ---------- | D77: ---------- | E77: ---------- | F77: ---------- | G77: ---------- | H77: ---------- | I77: ---------- | J77: ---------- | K77: ---------- | L77: ---------- | M77: ---------- | N77: سلمى أبوالعلا (01124166114) | O77: سعيد السيد محمد السيد محمد سابق (01203394950)
B78: ---------- | C78: ---------- | D78: ---------- | E78: ---------- | F78: ---------- | G78: ---------- | H78: ---------- | I78: ---------- | J78: ---------- | K78: ---------- | L78: ---------- | M78: ---------- | N78: مينا رومانى عبده (01212866642) | O78: شهاب احمد حلمي (01055979002)
B79: ---------- | C79: ---------- | D79: ---------- | E79: ---------- | F79: ---------- | G79: ---------- | H79: ---------- | I79: ---------- | J79: ---------- | K79: ---------- | L79: ---------- | M79: ---------- | N79: منار احمد سعيد (01092708033) | O79: احمدنوید قیومی (01104573242)
B80: ---------- | C80: ---------- | D80: ---------- | E80: ---------- | F80: ---------- | G80: ---------- | H80: ---------- | I80: ---------- | J80: ---------- | K80: ---------- | L80: ---------- | M80: ---------- | N80: روان ياسر سليم (01005005160) | O80: ----------
B81: ---------- | C81: ---------- | D81: ---------- | E81: ---------- | F81: ---------- | G81: ---------- | H81: ---------- | I81: ---------- | J81: ---------- | K81: ---------- | L81: ---------- | M81: ---------- | N81: محمود محمد عبدالرحمن (01023283048) | O81: ----------
A82: 2026-02-12 الخميس | B82: ---------- | C82: ---------- | D82: ---------- | E82: ---------- | F82: ---------- | G82: ---------- | H82: ---------- | I82: ---------- | J82: ---------- | K82: ---------- | L82: ---------- | M82: ---------- | N82: Ziad said mohamed (01028577876) | O82: تقى عماد حسني (01119716276) | P82: =HYPERLINK("#مجمع!B" & 12, "ورديات اليوم مجمعة") -> ورديات اليوم مجمعة
B83: ---------- | C83: ---------- | D83: ---------- | E83: ---------- | F83: ---------- | G83: ---------- | H83: ---------- | I83: ---------- | J83: ---------- | K83: ---------- | L83: ---------- | M83: ---------- | N83: احمد حسام الدين صلاح (01065567736) | O83: Marwan Ayman (01149894940)
B84: ---------- | C84: ---------- | D84: ---------- | E84: ---------- | F84: ---------- | G84: ---------- | H84: ---------- | I84: ---------- | J84: ---------- | K84: ---------- | L84: ---------- | M84: ---------- | N84: أحمد رجب محمد (01273127265) | O84: عبدالمسيح مكرم (01203267885)
B85: ---------- | C85: ---------- | D85: ---------- | E85: ---------- | F85: ---------- | G85: ---------- | H85: ---------- | I85: ---------- | J85: ---------- | K85: ---------- | L85: ---------- | M85: ---------- | N85: منه الله هشام السيد (01002996214) | O85: ----------
B86: ---------- | C86: ---------- | D86: ---------- | E86: ---------- | F86: ---------- | G86: ---------- | H86: ---------- | I86: ---------- | J86: ---------- | K86: ---------- | L86: ---------- | M86: ---------- | N86: محمد خالد محمد (01008204601) | O86: ----------
A87: 2026-02-13 الجمعة | B87: ---------- | C87: ---------- | D87: ---------- | E87: ---------- | F87: ---------- | G87: ---------- | H87: ---------- | I87: ---------- | J87: ---------- | K87: ---------- | L87: ---------- | M87: ---------- | N87: الاء الحداد (01033882560) | O87: محمد الجمل (01091463337) | P87: =HYPERLINK("#مجمع!B" & 13, "ورديات اليوم مجمعة") -> ورديات اليوم مجمعة
B88: ---------- | C88: ---------- | D88: ---------- | E88: ---------- | F88: ---------- | G88: ---------- | H88: ---------- | I88: ---------- | J88: ---------- | K88: ---------- | L88: ---------- | M88: ---------- | N88: Mostafa Ismail (01022400525) | O88: عبدالله احمد (01020242571)
B89: ---------- | C89: ---------- | D89: ---------- | E89: ---------- | F89: ---------- | G89: ---------- | H89: ---------- | I89: ---------- | J89: ---------- | K89: ---------- | L89: ---------- | M89: ---------- | N89: رنيم حاتم رفيق بسيسو (01144758373) | O89: عمرو عبدالغفار حمزة (01014246636)
B90: ---------- | C90: ---------- | D90: ---------- | E90: ---------- | F90: ---------- | G90: ---------- | H90: ---------- | I90: ---------- | J90: ---------- | K90: ---------- | L90: ---------- | M90: ---------- | N90: عمرو وائل سرور (01023140340) | O90: حنان النبوى محمد (01067888751)
B91: ---------- | C91: ---------- | D91: ---------- | E91: ---------- | F91: ---------- | G91: ---------- | H91: ---------- | I91: ---------- | J91: ---------- | K91: ---------- | L91: ---------- | M91: ---------- | N91: محمود محمد عبدالرحمن (01023283048) | O91: ----------
A92: 2026-02-14 السبت | B92: ---------- | C92: ---------- | D92: ---------- | E92: ---------- | F92: ---------- | G92: ---------- | H92: ---------- | I92: ---------- | J92: ---------- | K92: ---------- | L92: ---------- | M92: Mostafa Ismail (01022400525) | N92: هديل نادي محند (01033032220) | O92: احمد عزت الشيخ (01226872660) | P92: =HYPERLINK("#مجمع!B" & 14, "ورديات اليوم مجمعة") -> ورديات اليوم مجمعة
B93: ---------- | C93: ---------- | D93: ---------- | E93: ---------- | F93: ---------- | G93: ---------- | H93: ---------- | I93: ---------- | J93: ---------- | K93: ---------- | L93: ---------- | M93: حنان النبوى محمد (01067888751) | N93: منار عواد عبدالعال عواد (01001915861) | O93: عمرو وائل سرور (01023140340)
B94: ---------- | C94: ---------- | D94: ---------- | E94: ---------- | F94: ---------- | G94: ---------- | H94: ---------- | I94: ---------- | J94: ---------- | K94: ---------- | L94: ---------- | M94: محمد محمود ابراهيم (01112057358) | N94: بلال جودة (01066199644) | O94: تقى عماد حسني (01119716276)
B95: ---------- | C95: ---------- | D95: ---------- | E95: ---------- | F95: ---------- | G95: ---------- | H95: ---------- | I95: ---------- | J95: ---------- | K95: ---------- | L95: ---------- | M95: ---------- | N95: رؤى أحمد عبدالحميد البليهي (01021284862) | O95: ----------
B96: ---------- | C96: ---------- | D96: ---------- | E96: ---------- | F96: ---------- | G96: ---------- | H96: ---------- | I96: ---------- | J96: ---------- | K96: ---------- | L96: ---------- | M96: ---------- | N96: Rawan Elessawy (01010983040) | O96: ----------
A97: 2026-02-15 الأحد | B97: مريم السيد أحمد خيرالله (01099882992) | C97: مها حسين السيد (01012349071) | D97: دانه طارق (01012809042) | E97: أحمد رجب محمد (01273127265) | F97: حنان النبوى محمد (01067888751) | G97: منار احمد سعيد (01092708033) | H97: مي طارق نهاد (01287477488) | I97: عمر محمد سيد (01000688544) | J97: بلال جودة (01066199644) | K97: أعناب طارق عوض (01146334179) | L97: محمد الجمل (01091463337) | M97: ---------- | N97: ---------- | O97: ---------- | P97: =HYPERLINK("#مجمع!B" & 15, "ورديات اليوم مجمعة") -> ورديات اليوم مجمعة
B98: ---------- | C98: ---------- | D98: ---------- | E98: بلال أحمد (01066883767) | F98: شدو محمد شلتوت (1550336384) | G98: Youssef elsemary (01126286820) | H98: Marwan Ayman (01149894940) | I98: ---------- | J98: ---------- | K98: منار عواد عبدالعال عواد (01001915861) | L98: عبدالله احمد (01020242571) | M98: ---------- | N98: ---------- | O98: ----------
B99: ---------- | C99: ---------- | D99: ---------- | E99: احمد حسام الدين صلاح (01065567736) | F99: احمد ايهاب محمد عواد (01032298339) | G99: مي خالد ابوزيد (01023578224) | H99: Ziad said mohamed (01028577876) | I99: ---------- | J99: ---------- | K99: محمود عبد المحسن إبراهيم (01062086612) | L99: احمد عزت الشيخ (01226872660) | M99: ---------- | N99: ---------- | O99: ----------
B100: ---------- | C100: ---------- | D100: ---------- | E100: رؤى أحمد عبدالحميد البليهي (01021284862) | F100: تقى عماد حسني (01119716276) | G100: روان ياسر سليم (01005005160) | H100: منه الله هشام السيد (01002996214) | I100: ---------- | J100: ---------- | K100: منة السيد عبد الباقي (01274588193) | L100: نورهان محمد (0112 826 8287) | M100: ---------- | N100: ---------- | O100: ----------
...

Sheet مجمع
A1: اليوم | B1: الورديات مجمعة
A2: 2026-02-01 الأحد | B2: ="" & "■■ " & 'الجدول'!B1 & " ■■" & CHAR(10) & "• " & 'الجدول'!B2 & CHAR(10) & "• " & 'الجدول'!B3 & CHAR(10) & "• " & 'الجدول'!B4 & CHAR(10) & "• " & 'الجدول'!B5 & CHAR(10) & "• " & 'الجدول'!B6 & CHAR(10) & "• " & 'الجدول'!B7 & CHAR(10) & "• " & 'الجدول'!B8 & CHAR(10) & "• " & 'الجدول'!B9 & CHAR(10) & "• " & 'الجدول'!B10 & CHAR(10) & CHAR(10) & "■■ " & 'الجدول'!C1 & " ■■" & CHAR(10) & "• " & 'الجدول'!C2 & CHAR(10) & "• " & 'الجدول'!C3 & CHAR(10) & "• " & 'الجدول'!C4 & CHAR(10) & "• " & 'الجدول'!C5 & CHAR(10) & "• " & 'الجدول'!C6 & CHAR(10) & "• " & 'الجدول'!C7 & CHAR(10) & "• " & 'الجدول'!C8 & CHAR(10) & "• " & 'الجدول'!C9 & CHAR(10) & "• " & 'الجدول'!C10 & CHAR(10) & CHAR(10) & "■■ " & 'الجدول'!D1 & " ■■" & CHAR(10) & "• " & 'الجدول'!D2 & CHAR(10) & "• " & 'الجدول'!D3 & CHAR(10) & "• " & 'الجدول'!D4 & CHAR(10) & "• " & 'الجدول'!D5 & CHAR(10) & "• " & 'الجدول'!D6 & CHAR(10) & "• " & 'الجدول'!D7 & CHAR(10) & "• " & 'الجدول'!D8 & CHAR(10) & "• " & 'الجدول'!D9 & CHAR(10) & "• " & 'الجدول'!D10 & CHAR(10) & CHAR(10) & "■■ " & 'الجدول'!E1 & " ■■" & CHAR(10) & "• " & 'الجدول'!E2 & CHAR(10) & "• " & 'الجدول'!E3 & CHAR(10) & "• " & 'الجدول'!E4 & CHAR(10) & "• " & 'الجدول'!E5 & CHAR(10) & "• " & 'الجدول'!E6 & CHAR(10) & "• " & 'الجدول'!E7 & CHAR(10) & "• " & 'الجدول'!E8 & CHAR(10) & "• " & 'الجدول'!E9 & CHAR(10) & "• " & 'الجدول'!E10 & CHAR(10) & CHAR(10) & "■■ " & 'الجدول'!F1 & " ■■" & CHAR(10) & "• " & 'الجدول'!F2 & CHAR(10) & "• " & 'الجدول'!F3 & CHAR(10) & "• " & 'الجدول'!F4 & CHAR(10) & "• " & 'الجدول'!F5 & CHAR(10) & "• " & 'الجدول'!F6 & CHAR(10) & "• " & 'الجدول'!F7 & CHAR(10) & "• " & 'الجدول'!F8 & CHAR(10) & "• " & 'الجدول'!F9 & CHAR(10) & "• " & 'الجدول'!F10 & CHAR(10) & CHAR(10) & "■■ " & 'الجدول'!G1 & " ■■" & CHAR(10) & "• " & 'الجدول'!G2 & CHAR(10) & "• " & 'الجدول'!G3 & CHAR(10) & "• " & 'الجدول'!G4 & CHAR(10) & "• " & 'الجدول'!G5 & CHAR(10) & "• " & 'الجدول'!G6 & CHAR(10) & "• " & 'الجدول'!G7 & CHAR(10) & "• " & 'الجدول'!G8 & CHAR(10) & "• " & 'الجدول'!G9 & CHAR(10) & "• " & 'الجدول'!G10 & CHAR(10) & CHAR(10) & "■■ " & 'الجدول'!H1 & " ■■" & CHAR(10) & "• " & 'الجدول'!H2 & CHAR(10) & "• " & 'الجدول'!H3 & CHAR(10) & "• " & 'الجدول'!H4 & CHAR(10) & "• " & 'الجدول'!H5 & CHAR(10) & "• " & 'الجدول'!H6 & CHAR(10) & "• " & 'الجدول'!H7 & CHAR(10) & "• " & 'الجدول'!H8 & CHAR(10) & "• " & 'الجدول'!H9 & CHAR(10) & "• " & 'الجدول'!H10 & CHAR(10) & CHAR(10) & "■■ " & 'الجدول'!I1 & " ■■" & CHAR(10) & "• " & 'الجدول'!I2 & CHAR(10) & "• " & 'الجدول'!I3 & CHAR(10) & "• " & 'الجدول'!I4 & CHAR(10) & "• " & 'الجدول'!I5 & CHAR(10) & "• " & 'الجدول'!I6 & CHAR(10) & "• " & 'الجدول'!I7 & CHAR(10) & "• " & 'الجدول'!I8 & CHAR(10) & "• " & 'الجدول'!I9 & CHAR(10) & "• " & 'الجدول'!I10 & CHAR(10) & CHAR(10) & "■■ " & 'الجدول'!J1 & " ■■" & CHAR(10) & "• " & 'الجدول'!J2 & CHAR(10) & "• " & 'الجدول'!J3 & CHAR(10) & "• " & 'الجدول'!J4 & CHAR(10) & "• " & 'الجدول'!J5 & CHAR(10) & "• " & 'الجدول'!J6 & CHAR(10) & "• " & 'الجدول'!J7 & CHAR(10) & "• " & 'الجدول'!J8 & CHAR(10) & "• " & 'الجدول'!J9 & CHAR(10) & "• " & 'الجدول'!J10 & CHAR(10) & CHAR(10) & "■■ " & 'الجدول'!K1 & " ■■" & CHAR(10) & "• " & 'الجدول'!K2 & CHAR(10) & "• " & 'الجدول'!K3 & CHAR(10) & "• " & 'الجدول'!K4 & CHAR(10) & "• " & 'الجدول'!K5 & CHAR(10) & "• " & 'الجدول'!K6 & CHAR(10) & "• " & 'الجدول'!K7 & CHAR(10) & "• " & 'الجدول'!K8 & CHAR(10) & "• " & 'الجدول'!K9 & CHAR(10) & "• " & 'الجدول'!K10 & CHAR(10) & CHAR(10) & "■■ " & 'الجدول'!L1 & " ■■" & CHAR(10) & "• " & 'الجدول'!L2 & CHAR(10) & "• " & 'الجدول'!L3 & CHAR(10) & "• " & 'الجدول'!L4 & CHAR(10) & "• " & 'الجدول'!L5 & CHAR(10) & "• " & 'الجدول'!L6 & CHAR(10) & "• " & 'الجدول'!L7 & CHAR(10) & "• " & 'الجدول'!L8 & CHAR(10) & "• " & 'الجدول'!L9 & CHAR(10) & "• " & 'الجدول'!L10 & CHAR(10) & CHAR(10) & "■■ " & 'الجدول'!M1 & " ■■" & CHAR(10) & "• " & 'الجدول'!M2 & CHAR(10) & "• " & 'الجدول'!M3 & CHAR(10) & "• " & 'الجدول'!M4 & CHAR(10) & "• " & 'الجدول'!M5 & CHAR(10) & "• " & 'الجدول'!M6 & CHAR(10) & "• " & 'الجدول'!M7 & CHAR(10) & "• " & 'الجدول'!M8 & CHAR(10) & "• " & 'الجدول'!M9 & CHAR(10) & "• " & 'الجدول'!M10 & CHAR(10) & CHAR(10) & "■■ " & 'الجدول'!N1 & " ■■" & CHAR(10) & "• " & 'الجدول'!N2 & CHAR(10) & "• " & 'الجدول'!N3 & CHAR(10) & "• " & 'الجدول'!N4 & CHAR(10) & "• " & 'الجدول'!N5 & CHAR(10) & "• " & 'الجدول'!N6 & CHAR(10) & "• " & 'الجدول'!N7 & CHAR(10) & "• " & 'الجدول'!N8 & CHAR(10) & "• " & 'الجدول'!N9 & CHAR(10) & "• " & 'الجدول'!N10 & CHAR(10) & CHAR(10) & "■■ " & 'الجدول'!O1 & " ■■" & CHAR(10) & "• " & 'الجدول'!O2 & CHAR(10) & "• " & 'الجدول'!O3 & CHAR(10) & "• " & 'الجدول'!O4 & CHAR(10) & "• " & 'الجدول'!O5 & CHAR(10) & "• " & 'الجدول'!O6 & CHAR(10) & "• " & 'الجدول'!O7 & CHAR(10) & "• " & 'الجدول'!O8 & CHAR(10) & "• " & 'الجدول'!O9 & CHAR(10) & "• " & 'الجدول'!O10 & CHAR(10) & CHAR(10) -> ■■ ER ADMISSION-NIGHT-🚨🌙 ■■ • بلال جودة (01066199644) • ---------- • ---------- • ---------- • ---------- • ---------- • ---------- • ---------- • ---------- ■■ ER ADMISSIONS -DAY-🚨☀️ ■■ • سلمى أبوالعلا (01124166114) • ---------- • ---------- • ---------- • ---------- • ---------- • ---------- • ---------- • ---------- ■■ ER-clinic Day ☀️🚨 ■■ • دانه طارق (01012809042) • ---------- • ---------- • ---------- • ---------- • ---------- • ---------- • ---------- • ---------- ■■ ER GENERAL-DAY-🚨☀️ ■■ • استيفن مدحت منير (01200226122) • محمد خالد محمد (01008204601) • أحمد رجب محمد (01273127265) • عمر حسن محمد حسن حجازي (01019701020) • كارين باسم صومائيل (01274209975) • روان ياسر سليم (01005005160) • هديل نادي محند (01033032220) • مي خالد ابوزيد (01023578224) • رنيم حاتم رفيق بسيسو (01144758373) ■■ ER GENERAL-NIGHT-🚨🌙 ■■ • عمرو وائل سرور (01023140340) • محمد محمود ابراهيم (01112057358) • احمد ايهاب محمد عواد (01032298339) • احمد ناصر (01553479200) • محمد عمرو محمد عبدالباقي (01151653320) • مي طارق نهاد (01287477488) • يوسف عاطف رزق الله (01148183647) • Mohamed Ahmed • ---------- ■■ ER PT-DAY-🚨☀️ ■■ • مينا رومانى عبده (01212866642) • منار احمد سعيد (01092708033) • منار عواد عبدالعال عواد (01001915861) • عبدالمسيح مكرم (01203267885) • مها حسين السيد (01012349071) • أعناب طارق عوض (01146334179) • Sara Refaat (01220039613) • هديل هشام منصور الوشاحي (01227221344) • ---------- ■■ ER PT-NIGHT-🚨🌙 ■■ • سندس أحمد سيد (01156131096) • مصطفى عبد الراضى صديق (01226696153) • Ziad said mohamed (01028577876) • احمد حسين أحمد (01001877491) • شهاب احمد حلمي (01055979002) • منه الله هشام السيد (01002996214) • احمدنوید قیومی (01104573242) • شيماء رمضان سعد (01021468731) • شدو محمد شلتوت (1550336384) ■■ ER TRIAGE-DAY-🚨☀️ ■■ • كارين روماني راشد (01102663062) • ---------- • ---------- • ---------- • ---------- • ---------- • ---------- • ---------- • ---------- ■■ ER TRIAGE-NIGHT-🚨🌙 ■■ • ملك محمد فؤاد (01001721072) • ---------- • ---------- • ---------- • ---------- • ---------- • ---------- • ---------- • ---------- ■■ ER WARD-DAY-🚨☀️ ■■ • محمود عبد المحسن إبراهيم (01062086612) • سعيد السيد محمد السيد محمد سابق (01203394950) • أحمد زيدان (01110524147) • منة السيد عبد الباقي (01274588193) • احمد حسام الدين صلاح (01065567736) • بلال أحمد (01066883767) • ---------- • ---------- • ---------- ■■ ER WARD-NIGHT-🚨🌙 ■■ • محمد الجمل (01091463337) • احمد عزت الشيخ (01226872660) • ريهام سعد عبدالرحمن (01124867574) • رؤى أحمد عبدالحميد البليهي (01021284862) • الاء الحداد (01033882560) • تقى عماد حسني (01119716276) • ---------- • ---------- • ---------- ■■ 🗡️LISTA ■■ • ---------- • ---------- • ---------- • ---------- • ---------- • ---------- • ---------- • ---------- • ---------- ■■ WARD-DAY-☀️ ■■ • ---------- • ---------- • ---------- • ---------- • ---------- • ---------- • ---------- • ---------- • ---------- ■■ WARD-NIGHT-🌙 ■■ • ---------- • ---------- • ---------- • ---------- • ---------- • ---------- • ---------- • ---------- • ---------- | C2: =HYPERLINK("#الجدول!A" & 1, "الجدول الأساسي") -> الجدول الأساسي
A3: 2026-02-02 الاثنين | B3: ="" & "■■ " & 'الجدول'!B1 & " ■■" & CHAR(10) & "• " & 'الجدول'!B11 & CHAR(10) & "• " & 'الجدول'!B12 & CHAR(10) & "• " & 'الجدول'!B13 & CHAR(10) & "• " & 'الجدول'!B14 & CHAR(10) & "• " & 'الجدول'!B15 & CHAR(10) & "• " & 'الجدول'!B16 & CHAR(10) & "• " & 'الجدول'!B17 & CHAR(10) & "• " & 'الجدول'!B18 & CHAR(10) & CHAR(10) & "■■ " & 'الجدول'!C1 & " ■■" & CHAR(10) & "• " & 'الجدول'!C11 & CHAR(10) & "• " & 'الجدول'!C12 & CHAR(10) & "• " & 'الجدول'!C13 & CHAR(10) & "• " & 'الجدول'!C14 & CHAR(10) & "• " & 'الجدول'!C15 & CHAR(10) & "• " & 'الجدول'!C16 & CHAR(10) & "• " & 'الجدول'!C17 & CHAR(10) & "• " & 'الجدول'!C18 & CHAR(10) & CHAR(10) & "■■ " & 'الجدول'!D1 & " ■■" & CHAR(10) & "• " & 'الجدول'!D11 & CHAR(10) & "• " & 'الجدول'!D12 & CHAR(10) & "• " & 'الجدول'!D13 & CHAR(10) & "• " & 'الجدول'!D14 & CHAR(10) & "• " & 'الجدول'!D15 & CHAR(10) & "• " & 'الجدول'!D16 & CHAR(10) & "• " & 'الجدول'!D17 & CHAR(10) & "• " & 'الجدول'!D18 & CHAR(10) & CHAR(10) & "■■ " & 'الجدول'!E1 & " ■■" & CHAR(10) & "• " & 'الجدول'!E11 & CHAR(10) & "• " & 'الجدول'!E12 & CHAR(10) & "• " & 'الجدول'!E13 & CHAR(10) & "• " & 'الجدول'!E14 & CHAR(10) & "• " & 'الجدول'!E15 & CHAR(10) & "• " & 'الجدول'!E16 & CHAR(10) & "• " & 'الجدول'!E17 & CHAR(10) & "• " & 'الجدول'!E18 & CHAR(10) & CHAR(10) & "■■ " & 'الجدول'!F1 & " ■■" & CHAR(10) & "• " & 'الجدول'!F11 & CHAR(10) & "• " & 'الجدول'!F12 & CHAR(10) & "• " & 'الجدول'!F13 & CHAR(10) & "• " & 'الجدول'!F14 & CHAR(10) & "• " & 'الجدول'!F15 & CHAR(10) & "• " & 'الجدول'!F16 & CHAR(10) & "• " & 'الجدول'!F17 & CHAR(10) & "• " & 'الجدول'!F18 & CHAR(10) & CHAR(10) & "■■ " & 'الجدول'!G1 & " ■■" & CHAR(10) & "• " & 'الجدول'!G11 & CHAR(10) & "• " & 'الجدول'!G12 & CHAR(10) & "• " & 'الجدول'!G13 & CHAR(10) & "• " & 'الجدول'!G14 & CHAR(10) & "• " & 'الجدول'!G15 & CHAR(10) & "• " & 'الجدول'!G16 & CHAR(10) & "• " & 'الجدول'!G17 & CHAR(10) & "• " & 'الجدول'!G18 & CHAR(10) & CHAR(10) & "■■ " & 'الجدول'!H1 & " ■■" & CHAR(10) & "• " & 'الجدول'!H11 & CHAR(10) & "• " & 'الجدول'!H12 & CHAR(10) & "• " & 'الجدول'!H13 & CHAR(10) & "• " & 'الجدول'!H14 & CHAR(10) & "• " & 'الجدول'!H15 & CHAR(10) & "• " & 'الجدول'!H16 & CHAR(10) & "• " & 'الجدول'!H17 & CHAR(10) & "• " & 'الجدول'!H18 & CHAR(10) & CHAR(10) & "■■ " & 'الجدول'!I1 & " ■■" & CHAR(10) & "• " & 'الجدول'!I11 & CHAR(10) & "• " & 'الجدول'!I12 & CHAR(10) & "• " & 'الجدول'!I13 & CHAR(10) & "• " & 'الجدول'!I14 & CHAR(10) & "• " & 'الجدول'!I15 & CHAR(10) & "• " & 'الجدول'!I16 & CHAR(10) & "• " & 'الجدول'!I17 & CHAR(10) & "• " & 'الجدول'!I18 & CHAR(10) & CHAR(10) & "■■ " & 'الجدول'!J1 & " ■■" & CHAR(10) & "• " & 'الجدول'!J11 & CHAR(10) & "• " & 'الجدول'!J12 & CHAR(10) & "• " & 'الجدول'!J13 & CHAR(10) & "• " & 'الجدول'!J14 & CHAR(10) & "• " & 'الجدول'!J15 & CHAR(10) & "• " & 'الجدول'!J16 & CHAR(10) & "• " & 'الجدول'!J17 & CHAR(10) & "• " & 'الجدول'!J18 & CHAR(10) & CHAR(10) & "■■ " & 'الجدول'!K1 & " ■■" & CHAR(10) & "• " & 'الجدول'!K11 & CHAR(10) & "• " & 'الجدول'!K12 & CHAR(10) & "• " & 'الجدول'!K13 & CHAR(10) & "• " & 'الجدول'!K14 & CHAR(10) & "• " & 'الجدول'!K15 & CHAR(10) & "• " & 'الجدول'!K16 & CHAR(10) & "• " & 'الجدول'!K17 & CHAR(10) & "• " & 'الجدول'!K18 & CHAR(10) & CHAR(10) & "■■ " & 'الجدول'!L1 & " ■■" & CHAR(10) & "• " & 'الجدول'!L11 & CHAR(10) & "• " & 'الجدول'!L12 & CHAR(10) & "• " & 'الجدول'!L13 & CHAR(10) & "• " & 'الجدول'!L14 & CHAR(10) & "• " & 'الجدول'!L15 & CHAR(10) & "• " & 'الجدول'!L16 & CHAR(10) & "• " & 'الجدول'!L17 & CHAR(10) & "• " & 'الجدول'!L18 & CHAR(10) & CHAR(10) & "■■ " & 'الجدول'!M1 & " ■■" & CHAR(10) & "• " & 'الجدول'!M11 & CHAR(10) & "• " & 'الجدول'!M12 & CHAR(10) & "• " & 'الجدول'!M13 & CHAR(10) & "• " & 'الجدول'!M14 & CHAR(10) & "• " & 'الجدول'!M15 & CHAR(10) & "• " & 'الجدول'!M16 & CHAR(10) & "• " & 'الجدول'!M17 & CHAR(10) & "• " & 'الجدول'!M18 & CHAR(10) & CHAR(10) & "■■ " & 'الجدول'!N1 & " ■■" & CHAR(10) & "• " & 'الجدول'!N11 & CHAR(10) & "• " & 'الجدول'!N12 & CHAR(10) & "• " & 'الجدول'!N13 & CHAR(10) & "• " & 'الجدول'!N14 & CHAR(10) & "• " & 'الجدول'!N15 & CHAR(10) & "• " & 'الجدول'!N16 & CHAR(10) & "• " & 'الجدول'!N17 & CHAR(10) & "• " & 'الجدول'!N18 & CHAR(10) & CHAR(10) & "■■ " & 'الجدول'!O1 & " ■■" & CHAR(10) & "• " & 'الجدول'!O11 & CHAR(10) & "• " & 'الجدول'!O12 & CHAR(10) & "• " & 'الجدول'!O13 & CHAR(10) & "• " & 'الجدول'!O14 & CHAR(10) & "• " & 'الجدول'!O15 & CHAR(10) & "• " & 'الجدول'!O16 & CHAR(10) & "• " & 'الجدول'!O17 & CHAR(10) & "• " & 'الجدول'!O18 & CHAR(10) & CHAR(10) -> ■■ ER ADMISSION-NIGHT-🚨🌙 ■■ • ---------- • ---------- • ---------- • ---------- • ---------- • ---------- • ---------- • ---------- ■■ ER ADMISSIONS -DAY-🚨☀️ ■■ • ---------- • ---------- • ---------- • ---------- • ---------- • ---------- • ---------- • ---------- ■■ ER-clinic Day ☀️🚨 ■■ • ---------- • ---------- • ---------- • ---------- • ---------- • ---------- • ---------- • ---------- ■■ ER GENERAL-DAY-🚨☀️ ■■ • ---------- • ---------- • ---------- • ---------- • ---------- • ---------- • ---------- • ---------- ■■ ER GENERAL-NIGHT-🚨🌙 ■■ • ---------- • ---------- • ---------- • ---------- • ---------- • ---------- • ---------- • ---------- ■■ ER PT-DAY-🚨☀️ ■■ • ---------- • ---------- • ---------- • ---------- • ---------- • ---------- • ---------- • ---------- ■■ ER PT-NIGHT-🚨🌙 ■■ • ---------- • ---------- • ---------- • ---------- • ---------- • ---------- • ---------- • ---------- ■■ ER TRIAGE-DAY-🚨☀️ ■■ • ---------- • ---------- • ---------- • ---------- • ---------- • ---------- • ---------- • ---------- ■■ ER TRIAGE-NIGHT-🚨🌙 ■■ • ---------- • ---------- • ---------- • ---------- • ---------- • ---------- • ---------- • ---------- ■■ ER WARD-DAY-🚨☀️ ■■ • ---------- • ---------- • ---------- • ---------- • ---------- • ---------- • ---------- • ---------- ■■ ER WARD-NIGHT-🚨🌙 ■■ • ---------- • ---------- • ---------- • ---------- • ---------- • ---------- • ---------- • ---------- ■■ 🗡️LISTA ■■ • ---------- • ---------- • ---------- • ---------- • ---------- • ---------- • ---------- • ---------- ■■ WARD-DAY-☀️ ■■ • احمد حسام الدين صلاح (01065567736) • بلال أحمد (01066883767) • أحمد رجب محمد (01273127265) • مصطفى عبد الراضى صديق (01226696153) • منار احمد سعيد (01092708033) • أعناب طارق عوض (01146334179) • زينة أشرف حسين (01067196820) • زينة أشرف حسين (01067196820) ■■ WARD-NIGHT-🌙 ■■ • سعيد السيد محمد السيد محمد سابق (01203394950) • دانه طارق (01012809042) • مريم السيد أحمد خيرالله (01099882992) • هديل هشام منصور الوشاحي (01227221344) • شيماء رمضان سعد (01021468731) • ---------- • ---------- • ---------- | C3: =HYPERLINK("#الجدول!A" & 10, "الجدول الأساسي") -> الجدول الأساسي
A4: 2026-02-03 الثلاثاء | B4: ="" & "■■ " & 'الجدول'!B1 & " ■■" & CHAR(10) & "• " & 'الجدول'!B19 & CHAR(10) & "• " & 'الجدول'!B20 & CHAR(10) & "• " & 'الجدول'!B21 & CHAR(10) & "• " & 'الجدول'!B22 & CHAR(10) & "• " & 'الجدول'!B23 & CHAR(10) & "• " & 'الجدول'!B24 & CHAR(10) & CHAR(10) & "■■ " & 'الجدول'!C1 & " ■■" & CHAR(10) & "• " & 'الجدول'!C19 & CHAR(10) & "• " & 'الجدول'!C20 & CHAR(10) & "• " & 'الجدول'!C21 & CHAR(10) & "• " & 'الجدول'!C22 & CHAR(10) & "• " & 'الجدول'!C23 & CHAR(10) & "• " & 'الجدول'!C24 & CHAR(10) & CHAR(10) & "■■ " & 'الجدول'!D1 & " ■■" & CHAR(10) & "• " & 'الجدول'!D19 & CHAR(10) & "• " & 'الجدول'!D20 & CHAR(10) & "• " & 'الجدول'!D21 & CHAR(10) & "• " & 'الجدول'!D22 & CHAR(10) & "• " & 'الجدول'!D23 & CHAR(10) & "• " & 'الجدول'!D24 & CHAR(10) & CHAR(10) & "■■ " & 'الجدول'!E1 & " ■■" & CHAR(10) & "• " & 'الجدول'!E19 & CHAR(10) & "• " & 'الجدول'!E20 & CHAR(10) & "• " & 'الجدول'!E21 & CHAR(10) & "• " & 'الجدول'!E22 & CHAR(10) & "• " & 'الجدول'!E23 & CHAR(10) & "• " & 'الجدول'!E24 & CHAR(10) & CHAR(10) & "■■ " & 'الجدول'!F1 & " ■■" & CHAR(10) & "• " & 'الجدول'!F19 & CHAR(10) & "• " & 'الجدول'!F20 & CHAR(10) & "• " & 'الجدول'!F21 & CHAR(10) & "• " & 'الجدول'!F22 & CHAR(10) & "• " & 'الجدول'!F23 & CHAR(10) & "• " & 'الجدول'!F24 & CHAR(10) & CHAR(10) & "■■ " & 'الجدول'!G1 & " ■■" & CHAR(10) & "• " & 'الجدول'!G19 & CHAR(10) & "• " & 'الجدول'!G20 & CHAR(10) & "• " & 'الجدول'!G21 & CHAR(10) & "• " & 'الجدول'!G22 & CHAR(10) & "• " & 'الجدول'!G23 & CHAR(10) & "• " & 'الجدول'!G24 & CHAR(10) & CHAR(10) & "■■ " & 'الجدول'!H1 & " ■■" & CHAR(10) & "• " & 'الجدول'!H19 & CHAR(10) & "• " & 'الجدول'!H20 & CHAR(10) & "• " & 'الجدول'!H21 & CHAR(10) & "• " & 'الجدول'!H22 & CHAR(10) & "• " & 'الجدول'!H23 & CHAR(10) & "• " & 'الجدول'!H24 & CHAR(10) & CHAR(10) & "■■ " & 'الجدول'!I1 & " ■■" & CHAR(10) & "• " & 'الجدول'!I19 & CHAR(10) & "• " & 'الجدول'!I20 & CHAR(10) & "• " & 'الجدول'!I21 & CHAR(10) & "• " & 'الجدول'!I22 & CHAR(10) & "• " & 'الجدول'!I23 & CHAR(10) & "• " & 'الجدول'!I24 & CHAR(10) & CHAR(10) & "■■ " & 'الجدول'!J1 & " ■■" & CHAR(10) & "• " & 'الجدول'!J19 & CHAR(10) & "• " & 'الجدول'!J20 & CHAR(10) & "• " & 'الجدول'!J21 & CHAR(10) & "• " & 'الجدول'!J22 & CHAR(10) & "• " & 'الجدول'!J23 & CHAR(10) & "• " & 'الجدول'!J24 & CHAR(10) & CHAR(10) & "■■ " & 'الجدول'!K1 & " ■■" & CHAR(10) & "• " & 'الجدول'!K19 & CHAR(10) & "• " & 'الجدول'!K20 & CHAR(10) & "• " & 'الجدول'!K21 & CHAR(10) & "• " & 'الجدول'!K22 & CHAR(10) & "• " & 'الجدول'!K23 & CHAR(10) & "• " & 'الجدول'!K24 & CHAR(10) & CHAR(10) & "■■ " & 'الجدول'!L1 & " ■■" & CHAR(10) & "• " & 'الجدول'!L19 & CHAR(10) & "• " & 'الجدول'!L20 & CHAR(10) & "• " & 'الجدول'!L21 & CHAR(10) & "• " & 'الجدول'!L22 & CHAR(10) & "• " & 'الجدول'!L23 & CHAR(10) & "• " & 'الجدول'!L24 & CHAR(10) & CHAR(10) & "■■ " & 'الجدول'!M1 & " ■■" & CHAR(10) & "• " & 'الجدول'!M19 & CHAR(10) & "• " & 'الجدول'!M20 & CHAR(10) & "• " & 'الجدول'!M21 & CHAR(10) & "• " & 'الجدول'!M22 & CHAR(10) & "• " & 'الجدول'!M23 & CHAR(10) & "• " & 'الجدول'!M24 & CHAR(10) & CHAR(10) & "■■ " & 'الجدول'!N1 & " ■■" & CHAR(10) & "• " & 'الجدول'!N19 & CHAR(10) & "• " & 'الجدول'!N20 & CHAR(10) & "• " & 'الجدول'!N21 & CHAR(10) & "• " & 'الجدول'!N22 & CHAR(10) & "• " & 'الجدول'!N23 & CHAR(10) & "• " & 'الجدول'!N24 & CHAR(10) & CHAR(10) & "■■ " & 'الجدول'!O1 & " ■■" & CHAR(10) & "• " & 'الجدول'!O19 & CHAR(10) & "• " & 'الجدول'!O20 & CHAR(10) & "• " & 'الجدول'!O21 & CHAR(10) & "• " & 'الجدول'!O22 & CHAR(10) & "• " & 'الجدول'!O23 & CHAR(10) & "• " & 'الجدول'!O24 & CHAR(10) & CHAR(10) -> ■■ ER ADMISSION-NIGHT-🚨🌙 ■■ • ---------- • ---------- • ---------- • ---------- • ---------- • ---------- ■■ ER ADMISSIONS -DAY-🚨☀️ ■■ • ---------- • ---------- • ---------- • ---------- • ---------- • ---------- ■■ ER-clinic Day ☀️🚨 ■■ • ---------- • ---------- • ---------- • ---------- • ---------- • ---------- ■■ ER GENERAL-DAY-🚨☀️ ■■ • ---------- • ---------- • ---------- • ---------- • ---------- • ---------- ■■ ER GENERAL-NIGHT-🚨🌙 ■■ • ---------- • ---------- • ---------- • ---------- • ---------- • ---------- ■■ ER PT-DAY-🚨☀️ ■■ • ---------- • ---------- • ---------- • ---------- • ---------- • ---------- ■■ ER PT-NIGHT-🚨🌙 ■■ • ---------- • ---------- • ---------- • ---------- • ---------- • ---------- ■■ ER TRIAGE-DAY-🚨☀️ ■■ • ---------- • ---------- • ---------- • ---------- • ---------- • ---------- ■■ ER TRIAGE-NIGHT-🚨🌙 ■■ • ---------- • ---------- • ---------- • ---------- • ---------- • ---------- ■■ ER WARD-DAY-🚨☀️ ■■ • ---------- • ---------- • ---------- • ---------- • ---------- • ---------- ■■ ER WARD-NIGHT-🚨🌙 ■■ • ---------- • ---------- • ---------- • ---------- • ---------- • ---------- ■■ 🗡️LISTA ■■ • محمد الجمل (01091463337) • احمد عزت الشيخ (01226872660) • مي خالد ابوزيد (01023578224) • ---------- • ---------- • ---------- ■■ WARD-DAY-☀️ ■■ • محمود عبد المحسن إبراهيم (01062086612) • Youssef elsemary (01126286820) • Sara Refaat (01220039613) • أعناب طارق عوض (01146334179) • استيفن مدحت منير (01200226122) • Mohamed Ahmed ■■ WARD-NIGHT-🌙 ■■ • احمد عزت الشيخ (01226872660) • محمد محمود ابراهيم (01112057358) • مي طارق نهاد (01287477488) • محمد الجمل (01091463337) • ---------- • ---------- | C4: =HYPERLINK("#الجدول!A" & 18, "الجدول الأساسي") -> الجدول الأساسي
A5: 2026-02-04 الأربعاء | B5: ="" & "■■ " & 'الجدول'!B1 & " ■■" & CHAR(10) & "• " & 'الجدول'!B25 & CHAR(10) & "• " & 'الجدول'!B26 & CHAR(10) & "• " & 'الجدول'!B27 & CHAR(10) & "• " & 'الجدول'!B28 & CHAR(10) & "• " & 'الجدول'!B29 & CHAR(10) & "• " & 'الجدول'!B30 & CHAR(10) & CHAR(10) & "■■ " & 'الجدول'!C1 & " ■■" & CHAR(10) & "• " & 'الجدول'!C25 & CHAR(10) & "• " & 'الجدول'!C26 & CHAR(10) & "• " & 'الجدول'!C27 & CHAR(10) & "• " & 'الجدول'!C28 & CHAR(10) & "• " & 'الجدول'!C29 & CHAR(10) & "• " & 'الجدول'!C30 & CHAR(10) & CHAR(10) & "■■ " & 'الجدول'!D1 & " ■■" & CHAR(10) & "• " & 'الجدول'!D25 & CHAR(10) & "• " & 'الجدول'!D26 & CHAR(10) & "• " & 'الجدول'!D27 & CHAR(10) & "• " & 'الجدول'!D28 & CHAR(10) & "• " & 'الجدول'!D29 & CHAR(10) & "• " & 'الجدول'!D30 & CHAR(10) & CHAR(10) & "■■ " & 'الجدول'!E1 & " ■■" & CHAR(10) & "• " & 'الجدول'!E25 & CHAR(10) & "• " & 'الجدول'!E26 & CHAR(10) & "• " & 'الجدول'!E27 & CHAR(10) & "• " & 'الجدول'!E28 & CHAR(10) & "• " & 'الجدول'!E29 & CHAR(10) & "• " & 'الجدول'!E30 & CHAR(10) & CHAR(10) & "■■ " & 'الجدول'!F1 & " ■■" & CHAR(10) & "• " & 'الجدول'!F25 & CHAR(10) & "• " & 'الجدول'!F26 & CHAR(10) & "• " & 'الجدول'!F27 & CHAR(10) & "• " & 'الجدول'!F28 & CHAR(10) & "• " & 'الجدول'!F29 & CHAR(10) & "• " & 'الجدول'!F30 & CHAR(10) & CHAR(10) & "■■ " & 'الجدول'!G1 & " ■■" & CHAR(10) & "• " & 'الجدول'!G25 & CHAR(10) & "• " & 'الجدول'!G26 & CHAR(10) & "• " & 'الجدول'!G27 & CHAR(10) & "• " & 'الجدول'!G28 & CHAR(10) & "• " & 'الجدول'!G29 & CHAR(10) & "• " & 'الجدول'!G30 & CHAR(10) & CHAR(10) & "■■ " & 'الجدول'!H1 & " ■■" & CHAR(10) & "• " & 'الجدول'!H25 & CHAR(10) & "• " & 'الجدول'!H26 & CHAR(10) & "• " & 'الجدول'!H27 & CHAR(10) & "• " & 'الجدول'!H28 & CHAR(10) & "• " & 'الجدول'!H29 & CHAR(10) & "• " & 'الجدول'!H30 & CHAR(10) & CHAR(10) & "■■ " & 'الجدول'!I1 & " ■■" & CHAR(10) & "• " & 'الجدول'!I25 & CHAR(10) & "• " & 'الجدول'!I26 & CHAR(10) & "• " & 'الجدول'!I27 & CHAR(10) & "• " & 'الجدول'!I28 & CHAR(10) & "• " & 'الجدول'!I29 & CHAR(10) & "• " & 'الجدول'!I30 & CHAR(10) & CHAR(10) & "■■ " & 'الجدول'!J1 & " ■■" & CHAR(10) & "• " & 'الجدول'!J25 & CHAR(10) & "• " & 'الجدول'!J26 & CHAR(10) & "• " & 'الجدول'!J27 & CHAR(10) & "• " & 'الجدول'!J28 & CHAR(10) & "• " & 'الجدول'!J29 & CHAR(10) & "• " & 'الجدول'!J30 & CHAR(10) & CHAR(10) & "■■ " & 'الجدول'!K1 & " ■■" & CHAR(10) & "• " & 'الجدول'!K25 & CHAR(10) & "• " & 'الجدول'!K26 & CHAR(10) & "• " & 'الجدول'!K27 & CHAR(10) & "• " & 'الجدول'!K28 & CHAR(10) & "• " & 'الجدول'!K29 & CHAR(10) & "• " & 'الجدول'!K30 & CHAR(10) & CHAR(10) & "■■ " & 'الجدول'!L1 & " ■■" & CHAR(10) & "• " & 'الجدول'!L25 & CHAR(10) & "• " & 'الجدول'!L26 & CHAR(10) & "• " & 'الجدول'!L27 & CHAR(10) & "• " & 'الجدول'!L28 & CHAR(10) & "• " & 'الجدول'!L29 & CHAR(10) & "• " & 'الجدول'!L30 & CHAR(10) & CHAR(10) & "■■ " & 'الجدول'!M1 & " ■■" & CHAR(10) & "• " & 'الجدول'!M25 & CHAR(10) & "• " & 'الجدول'!M26 & CHAR(10) & "• " & 'الجدول'!M27 & CHAR(10) & "• " & 'الجدول'!M28 & CHAR(10) & "• " & 'الجدول'!M29 & CHAR(10) & "• " & 'الجدول'!M30 & CHAR(10) & CHAR(10) & "■■ " & 'الجدول'!N1 & " ■■" & CHAR(10) & "• " & 'الجدول'!N25 & CHAR(10) & "• " & 'الجدول'!N26 & CHAR(10) & "• " & 'الجدول'!N27 & CHAR(10) & "• " & 'الجدول'!N28 & CHAR(10) & "• " & 'الجدول'!N29 & CHAR(10) & "• " & 'الجدول'!N30 & CHAR(10) & CHAR(10) & "■■ " & 'الجدول'!O1 & " ■■" & CHAR(10) & "• " & 'الجدول'!O25 & CHAR(10) & "• " & 'الجدول'!O26 & CHAR(10) & "• " & 'الجدول'!O27 & CHAR(10) & "• " & 'الجدول'!O28 & CHAR(10) & "• " & 'الجدول'!O29 & CHAR(10) & "• " & 'الجدول'!O30 & CHAR(10) & CHAR(10) -> ■■ ER ADMISSION-NIGHT-🚨🌙 ■■ • ---------- • ---------- • ---------- • ---------- • ---------- • ---------- ■■ ER ADMISSIONS -DAY-🚨☀️ ■■ • ---------- • ---------- • ---------- • ---------- • ---------- • ---------- ■■ ER-clinic Day ☀️🚨 ■■ • ---------- • ---------- • ---------- • ---------- • ---------- • ---------- ■■ ER GENERAL-DAY-🚨☀️ ■■ • ---------- • ---------- • ---------- • ---------- • ---------- • ---------- ■■ ER GENERAL-NIGHT-🚨🌙 ■■ • ---------- • ---------- • ---------- • ---------- • ---------- • ---------- ■■ ER PT-DAY-🚨☀️ ■■ • ---------- • ---------- • ---------- • ---------- • ---------- • ---------- ■■ ER PT-NIGHT-🚨🌙 ■■ • ---------- • ---------- • ---------- • ---------- • ---------- • ---------- ■■ ER TRIAGE-DAY-🚨☀️ ■■ • ---------- • ---------- • ---------- • ---------- • ---------- • ---------- ■■ ER TRIAGE-NIGHT-🚨🌙 ■■ • ---------- • ---------- • ---------- • ---------- • ---------- • ---------- ■■ ER WARD-DAY-🚨☀️ ■■ • ---------- • ---------- • ---------- • ---------- • ---------- • ---------- ■■ ER WARD-NIGHT-🚨🌙 ■■ • ---------- • ---------- • ---------- • ---------- • ---------- • ---------- ■■ 🗡️LISTA ■■ • ---------- • ---------- • ---------- • ---------- • ---------- • ---------- ■■ WARD-DAY-☀️ ■■ • سلمى أبوالعلا (01124166114) • رنيم حاتم رفيق بسيسو (01144758373) • روان ياسر سليم (01005005160) • عبدالمسيح مكرم (01203267885) • مينا رومانى عبده (01212866642) • هديل نادي محند (01033032220) ■■ WARD-NIGHT-🌙 ■■ • محمد عمرو محمد عبدالباقي (01151653320) • الاء الحداد (01033882560) • احمد حسين أحمد (01001877491) • Mohamed Ahmed • ---------- • ---------- | C5: =HYPERLINK("#الجدول!A" & 24, "الجدول الأساسي") -> الجدول الأساسي
A6: 2026-02-05 الخميس | B6: ="" & "■■ " & 'الجدول'!B1 & " ■■" & CHAR(10) & "• " & 'الجدول'!B31 & CHAR(10) & "• " & 'الجدول'!B32 & CHAR(10) & "• " & 'الجدول'!B33 & CHAR(10) & "• " & 'الجدول'!B34 & CHAR(10) & "• " & 'الجدول'!B35 & CHAR(10) & CHAR(10) & "■■ " & 'الجدول'!C1 & " ■■" & CHAR(10) & "• " & 'الجدول'!C31 & CHAR(10) & "• " & 'الجدول'!C32 & CHAR(10) & "• " & 'الجدول'!C33 & CHAR(10) & "• " & 'الجدول'!C34 & CHAR(10) & "• " & 'الجدول'!C35 & CHAR(10) & CHAR(10) & "■■ " & 'الجدول'!D1 & " ■■" & CHAR(10) & "• " & 'الجدول'!D31 & CHAR(10) & "• " & 'الجدول'!D32 & CHAR(10) & "• " & 'الجدول'!D33 & CHAR(10) & "• " & 'الجدول'!D34 & CHAR(10) & "• " & 'الجدول'!D35 & CHAR(10) & CHAR(10) & "■■ " & 'الجدول'!E1 & " ■■" & CHAR(10) & "• " & 'الجدول'!E31 & CHAR(10) & "• " & 'الجدول'!E32 & CHAR(10) & "• " & 'الجدول'!E33 & CHAR(10) & "• " & 'الجدول'!E34 & CHAR(10) & "• " & 'الجدول'!E35 & CHAR(10) & CHAR(10) & "■■ " & 'الجدول'!F1 & " ■■" & CHAR(10) & "• " & 'الجدول'!F31 & CHAR(10) & "• " & 'الجدول'!F32 & CHAR(10) & "• " & 'الجدول'!F33 & CHAR(10) & "• " & 'الجدول'!F34 & CHAR(10) & "• " & 'الجدول'!F35 & CHAR(10) & CHAR(10) & "■■ " & 'الجدول'!G1 & " ■■" & CHAR(10) & "• " & 'الجدول'!G31 & CHAR(10) & "• " & 'الجدول'!G32 & CHAR(10) & "• " & 'الجدول'!G33 & CHAR(10) & "• " & 'الجدول'!G34 & CHAR(10) & "• " & 'الجدول'!G35 & CHAR(10) & CHAR(10) & "■■ " & 'الجدول'!H1 & " ■■" & CHAR(10) & "• " & 'الجدول'!H31 & CHAR(10) & "• " & 'الجدول'!H32 & CHAR(10) & "• " & 'الجدول'!H33 & CHAR(10) & "• " & 'الجدول'!H34 & CHAR(10) & "• " & 'الجدول'!H35 & CHAR(10) & CHAR(10) & "■■ " & 'الجدول'!I1 & " ■■" & CHAR(10) & "• " & 'الجدول'!I31 & CHAR(10) & "• " & 'الجدول'!I32 & CHAR(10) & "• " & 'الجدول'!I33 & CHAR(10) & "• " & 'الجدول'!I34 & CHAR(10) & "• " & 'الجدول'!I35 & CHAR(10) & CHAR(10) & "■■ " & 'الجدول'!J1 & " ■■" & CHAR(10) & "• " & 'الجدول'!J31 & CHAR(10) & "• " & 'الجدول'!J32 & CHAR(10) & "• " & 'الجدول'!J33 & CHAR(10) & "• " & 'الجدول'!J34 & CHAR(10) & "• " & 'الجدول'!J35 & CHAR(10) & CHAR(10) & "■■ " & 'الجدول'!K1 & " ■■" & CHAR(10) & "• " & 'الجدول'!K31 & CHAR(10) & "• " & 'الجدول'!K32 & CHAR(10) & "• " & 'الجدول'!K33 & CHAR(10) & "• " & 'الجدول'!K34 & CHAR(10) & "• " & 'الجدول'!K35 & CHAR(10) & CHAR(10) & "■■ " & 'الجدول'!L1 & " ■■" & CHAR(10) & "• " & 'الجدول'!L31 & CHAR(10) & "• " & 'الجدول'!L32 & CHAR(10) & "• " & 'الجدول'!L33 & CHAR(10) & "• " & 'الجدول'!L34 & CHAR(10) & "• " & 'الجدول'!L35 & CHAR(10) & CHAR(10) & "■■ " & 'الجدول'!M1 & " ■■" & CHAR(10) & "• " & 'الجدول'!M31 & CHAR(10) & "• " & 'الجدول'!M32 & CHAR(10) & "• " & 'الجدول'!M33 & CHAR(10) & "• " & 'الجدول'!M34 & CHAR(10) & "• " & 'الجدول'!M35 & CHAR(10) & CHAR(10) & "■■ " & 'الجدول'!N1 & " ■■" & CHAR(10) & "• " & 'الجدول'!N31 & CHAR(10) & "• " & 'الجدول'!N32 & CHAR(10) & "• " & 'الجدول'!N33 & CHAR(10) & "• " & 'الجدول'!N34 & CHAR(10) & "• " & 'الجدول'!N35 & CHAR(10) & CHAR(10) & "■■ " & 'الجدول'!O1 & " ■■" & CHAR(10) & "• " & 'الجدول'!O31 & CHAR(10) & "• " & 'الجدول'!O32 & CHAR(10) & "• " & 'الجدول'!O33 & CHAR(10) & "• " & 'الجدول'!O34 & CHAR(10) & "• " & 'الجدول'!O35 & CHAR(10) & CHAR(10) -> ■■ ER ADMISSION-NIGHT-🚨🌙 ■■ • ---------- • ---------- • ---------- • ---------- • ---------- ■■ ER ADMISSIONS -DAY-🚨☀️ ■■ • ---------- • ---------- • ---------- • ---------- • ---------- ■■ ER-clinic Day ☀️🚨 ■■ • ---------- • ---------- • ---------- • ---------- • ---------- ■■ ER GENERAL-DAY-🚨☀️ ■■ • ---------- • ---------- • ---------- • ---------- • ---------- ■■ ER GENERAL-NIGHT-🚨🌙 ■■ • ---------- • ---------- • ---------- • ---------- • ---------- ■■ ER PT-DAY-🚨☀️ ■■ • ---------- • ---------- • ---------- • ---------- • ---------- ■■ ER PT-NIGHT-🚨🌙 ■■ • ---------- • ---------- • ---------- • ---------- • ---------- ■■ ER TRIAGE-DAY-🚨☀️ ■■ • ---------- • ---------- • ---------- • ---------- • ---------- ■■ ER TRIAGE-NIGHT-🚨🌙 ■■ • ---------- • ---------- • ---------- • ---------- • ---------- ■■ ER WARD-DAY-🚨☀️ ■■ • ---------- • ---------- • ---------- • ---------- • ---------- ■■ ER WARD-NIGHT-🚨🌙 ■■ • ---------- • ---------- • ---------- • ---------- • ---------- ■■ 🗡️LISTA ■■ • ---------- • ---------- • ---------- • ---------- • ---------- ■■ WARD-DAY-☀️ ■■ • Ziad said mohamed (01028577876) • منه الله هشام السيد (01002996214) • عمر حسن محمد حسن حجازي (01019701020) • بلال جودة (01066199644) • سندس أحمد سيد (01156131096) ■■ WARD-NIGHT-🌙 ■■ • احمد عزت الشيخ (01226872660) • شهاب احمد حلمي (01055979002) • Mohamed Ahmed • ---------- • ---------- | C6: =HYPERLINK("#الجدول!A" & 30, "الجدول الأساسي") -> الجدول الأساسي
A7: 2026-02-06 الجمعة | B7: ="" & "■■ " & 'الجدول'!B1 & " ■■" & CHAR(10) & "• " & 'الجدول'!B36 & CHAR(10) & "• " & 'الجدول'!B37 & CHAR(10) & "• " & 'الجدول'!B38 & CHAR(10) & "• " & 'الجدول'!B39 & CHAR(10) & "• " & 'الجدول'!B40 & CHAR(10) & "• " & 'الجدول'!B41 & CHAR(10) & "• " & 'الجدول'!B42 & CHAR(10) & "• " & 'الجدول'!B43 & CHAR(10) & "• " & 'الجدول'!B44 & CHAR(10) & CHAR(10) & "■■ " & 'الجدول'!C1 & " ■■" & CHAR(10) & "• " & 'الجدول'!C36 & CHAR(10) & "• " & 'الجدول'!C37 & CHAR(10) & "• " & 'الجدول'!C38 & CHAR(10) & "• " & 'الجدول'!C39 & CHAR(10) & "• " & 'الجدول'!C40 & CHAR(10) & "• " & 'الجدول'!C41 & CHAR(10) & "• " & 'الجدول'!C42 & CHAR(10) & "• " & 'الجدول'!C43 & CHAR(10) & "• " & 'الجدول'!C44 & CHAR(10) & CHAR(10) & "■■ " & 'الجدول'!D1 & " ■■" & CHAR(10) & "• " & 'الجدول'!D36 & CHAR(10) & "• " & 'الجدول'!D37 & CHAR(10) & "• " & 'الجدول'!D38 & CHAR(10) & "• " & 'الجدول'!D39 & CHAR(10) & "• " & 'الجدول'!D40 & CHAR(10) & "• " & 'الجدول'!D41 & CHAR(10) & "• " & 'الجدول'!D42 & CHAR(10) & "• " & 'الجدول'!D43 & CHAR(10) & "• " & 'الجدول'!D44 & CHAR(10) & CHAR(10) & "■■ " & 'الجدول'!E1 & " ■■" & CHAR(10) & "• " & 'الجدول'!E36 & CHAR(10) & "• " & 'الجدول'!E37 & CHAR(10) & "• " & 'الجدول'!E38 & CHAR(10) & "• " & 'الجدول'!E39 & CHAR(10) & "• " & 'الجدول'!E40 & CHAR(10) & "• " & 'الجدول'!E41 & CHAR(10) & "• " & 'الجدول'!E42 & CHAR(10) & "• " & 'الجدول'!E43 & CHAR(10) & "• " & 'الجدول'!E44 & CHAR(10) & CHAR(10) & "■■ " & 'الجدول'!F1 & " ■■" & CHAR(10) & "• " & 'الجدول'!F36 & CHAR(10) & "• " & 'الجدول'!F37 & CHAR(10) & "• " & 'الجدول'!F38 & CHAR(10) & "• " & 'الجدول'!F39 & CHAR(10) & "• " & 'الجدول'!F40 & CHAR(10) & "• " & 'الجدول'!F41 & CHAR(10) & "• " & 'الجدول'!F42 & CHAR(10) & "• " & 'الجدول'!F43 & CHAR(10) & "• " & 'الجدول'!F44 & CHAR(10) & CHAR(10) & "■■ " & 'الجدول'!G1 & " ■■" & CHAR(10) & "• " & 'الجدول'!G36 & CHAR(10) & "• " & 'الجدول'!G37 & CHAR(10) & "• " & 'الجدول'!G38 & CHAR(10) & "• " & 'الجدول'!G39 & CHAR(10) & "• " & 'الجدول'!G40 & CHAR(10) & "• " & 'الجدول'!G41 & CHAR(10) & "• " & 'الجدول'!G42 & CHAR(10) & "• " & 'الجدول'!G43 & CHAR(10) & "• " & 'الجدول'!G44 & CHAR(10) & CHAR(10) & "■■ " & 'الجدول'!H1 & " ■■" & CHAR(10) & "• " & 'الجدول'!H36 & CHAR(10) & "• " & 'الجدول'!H37 & CHAR(10) & "• " & 'الجدول'!H38 & CHAR(10) & "• " & 'الجدول'!H39 & CHAR(10) & "• " & 'الجدول'!H40 & CHAR(10) & "• " & 'الجدول'!H41 & CHAR(10) & "• " & 'الجدول'!H42 & CHAR(10) & "• " & 'الجدول'!H43 & CHAR(10) & "• " & 'الجدول'!H44 & CHAR(10) & CHAR(10) & "■■ " & 'الجدول'!I1 & " ■■" & CHAR(10) & "• " & 'الجدول'!I36 & CHAR(10) & "• " & 'الجدول'!I37 & CHAR(10) & "• " & 'الجدول'!I38 & CHAR(10) & "• " & 'الجدول'!I39 & CHAR(10) & "• " & 'الجدول'!I40 & CHAR(10) & "• " & 'الجدول'!I41 & CHAR(10) & "• " & 'الجدول'!I42 & CHAR(10) & "• " & 'الجدول'!I43 & CHAR(10) & "• " & 'الجدول'!I44 & CHAR(10) & CHAR(10) & "■■ " & 'الجدول'!J1 & " ■■" & CHAR(10) & "• " & 'الجدول'!J36 & CHAR(10) & "• " & 'الجدول'!J37 & CHAR(10) & "• " & 'الجدول'!J38 & CHAR(10) & "• " & 'الجدول'!J39 & CHAR(10) & "• " & 'الجدول'!J40 & CHAR(10) & "• " & 'الجدول'!J41 & CHAR(10) & "• " & 'الجدول'!J42 & CHAR(10) & "• " & 'الجدول'!J43 & CHAR(10) & "• " & 'الجدول'!J44 & CHAR(10) & CHAR(10) & "■■ " & 'الجدول'!K1 & " ■■" & CHAR(10) & "• " & 'الجدول'!K36 & CHAR(10) & "• " & 'الجدول'!K37 & CHAR(10) & "• " & 'الجدول'!K38 & CHAR(10) & "• " & 'الجدول'!K39 & CHAR(10) & "• " & 'الجدول'!K40 & CHAR(10) & "• " & 'الجدول'!K41 & CHAR(10) & "• " & 'الجدول'!K42 & CHAR(10) & "• " & 'الجدول'!K43 & CHAR(10) & "• " & 'الجدول'!K44 & CHAR(10) & CHAR(10) & "■■ " & 'الجدول'!L1 & " ■■" & CHAR(10) & "• " & 'الجدول'!L36 & CHAR(10) & "• " & 'الجدول'!L37 & CHAR(10) & "• " & 'الجدول'!L38 & CHAR(10) & "• " & 'الجدول'!L39 & CHAR(10) & "• " & 'الجدول'!L40 & CHAR(10) & "• " & 'الجدول'!L41 & CHAR(10) & "• " & 'الجدول'!L42 & CHAR(10) & "• " & 'الجدول'!L43 & CHAR(10) & "• " & 'الجدول'!L44 & CHAR(10) & CHAR(10) & "■■ " & 'الجدول'!M1 & " ■■" & CHAR(10) & "• " & 'الجدول'!M36 & CHAR(10) & "• " & 'الجدول'!M37 & CHAR(10) & "• " & 'الجدول'!M38 & CHAR(10) & "• " & 'الجدول'!M39 & CHAR(10) & "• " & 'الجدول'!M40 & CHAR(10) & "• " & 'الجدول'!M41 & CHAR(10) & "• " & 'الجدول'!M42 & CHAR(10) & "• " & 'الجدول'!M43 & CHAR(10) & "• " & 'الجدول'!M44 & CHAR(10) & CHAR(10) & "■■ " & 'الجدول'!N1 & " ■■" & CHAR(10) & "• " & 'الجدول'!N36 & CHAR(10) & "• " & 'الجدول'!N37 & CHAR(10) & "• " & 'الجدول'!N38 & CHAR(10) & "• " & 'الجدول'!N39 & CHAR(10) & "• " & 'الجدول'!N40 & CHAR(10) & "• " & 'الجدول'!N41 & CHAR(10) & "• " & 'الجدول'!N42 & CHAR(10) & "• " & 'الجدول'!N43 & CHAR(10) & "• " & 'الجدول'!N44 & CHAR(10) & CHAR(10) & "■■ " & 'الجدول'!O1 & " ■■" & CHAR(10) & "• " & 'الجدول'!O36 & CHAR(10) & "• " & 'الجدول'!O37 & CHAR(10) & "• " & 'الجدول'!O38 & CHAR(10) & "• " & 'الجدول'!O39 & CHAR(10) & "• " & 'الجدول'!O40 & CHAR(10) & "• " & 'الجدول'!O41 & CHAR(10) & "• " & 'الجدول'!O42 & CHAR(10) & "• " & 'الجدول'!O43 & CHAR(10) & "• " & 'الجدول'!O44 & CHAR(10) & CHAR(10) -> ■■ ER ADMISSION-NIGHT-🚨🌙 ■■ • عمر محمد سيد (01000688544) • ---------- • ---------- • ---------- • ---------- • ---------- • ---------- • ---------- • ---------- ■■ ER ADMISSIONS -DAY-🚨☀️ ■■ • شيماء رمضان سعد (01021468731) • ---------- • ---------- • ---------- • ---------- • ---------- • ---------- • ---------- • ---------- ■■ ER-clinic Day ☀️🚨 ■■ • ---------- • ---------- • ---------- • ---------- • ---------- • ---------- • ---------- • ---------- • ---------- ■■ ER GENERAL-DAY-🚨☀️ ■■ • رنا اكرم احمد (01122182132) • رنيم حاتم رفيق بسيسو (01144758373) • مها حسين السيد (01012349071) • محمد خالد محمد (01008204601) • كارين باسم صومائيل (01274209975) • Mostafa Ismail (01022400525) • هديل هشام منصور الوشاحي (01227221344) • سعيد السيد محمد السيد محمد سابق (01203394950) • هديل نادي محند (01033032220) ■■ ER GENERAL-NIGHT-🚨🌙 ■■ • أحمد زيدان (01110524147) • شدو محمد شلتوت (1550336384) • مي طارق نهاد (01287477488) • عمرو وائل سرور (01023140340) • الاء الحداد (01033882560) • محمد عمرو محمد عبدالباقي (01151653320) • احمد ايهاب محمد عواد (01032298339) • Rawan Elessawy (01010983040) • ---------- ■■ ER PT-DAY-🚨☀️ ■■ • مصطفى محمد علي محمد بدر (01150245681) • حنان النبوى محمد (01067888751) • عمرو عبدالغفار حمزة (01014246636) • Youssef elsemary (01126286820) • مريم السيد أحمد خيرالله (01099882992) • منار عواد عبدالعال عواد (01001915861) • أعناب طارق عوض (01146334179) • رؤى أحمد عبدالحميد البليهي (01021284862) • ---------- ■■ ER PT-NIGHT-🚨🌙 ■■ • احمد حسين أحمد (01001877491) • بلال جودة (01066199644) • عمر حسن محمد حسن حجازي (01019701020) • نورهان محمد (0112 826 8287) • احمدنوید قیومی (01104573242) • مصطفى عبد الراضى صديق (01226696153) • منه الله هشام السيد (01002996214) • محمد خالد محمد (01008204601) • عمر حسن محمد حسن حجازي (01019701020) ■■ ER TRIAGE-DAY-🚨☀️ ■■ • عبدالمسيح مكرم (01203267885) • ---------- • ---------- • ---------- • ---------- • ---------- • ---------- • ---------- • ---------- ■■ ER TRIAGE-NIGHT-🚨🌙 ■■ • شيماء رمضان سعد (01021468731) • ---------- • ---------- • ---------- • ---------- • ---------- • ---------- • ---------- • ---------- ■■ ER WARD-DAY-🚨☀️ ■■ • ملك محمد فؤاد (01001721072) • بلال جودة (01066199644) • Marwan Ayman (01149894940) • أحمد زيدان (01110524147) • ريهام سعد عبدالرحمن (01124867574) • محمود محمد عبدالرحمن (01023283048) • ---------- • ---------- • ---------- ■■ ER WARD-NIGHT-🚨🌙 ■■ • محمد الجمل (01091463337) • احمد عزت الشيخ (01226872660) • يوسف طه السيد (01207620695) • سندس أحمد سيد (01156131096) • Mohamed Ahmed • عبدالله احمد (01020242571) • ---------- • ---------- • ---------- ■■ 🗡️LISTA ■■ • ---------- • ---------- • ---------- • ---------- • ---------- • ---------- • ---------- • ---------- • ---------- ■■ WARD-DAY-☀️ ■■ • ---------- • ---------- • ---------- • ---------- • ---------- • ---------- • ---------- • ---------- • ---------- ■■ WARD-NIGHT-🌙 ■■ • ---------- • ---------- • ---------- • ---------- • ---------- • ---------- • ---------- • ---------- • ---------- | C7: =HYPERLINK("#الجدول!A" & 35, "الجدول الأساسي") -> الجدول الأساسي
A8: 2026-02-07 السبت | B8: ="" & "■■ " & 'الجدول'!B1 & " ■■" & CHAR(10) & "• " & 'الجدول'!B45 & CHAR(10) & "• " & 'الجدول'!B46 & CHAR(10) & "• " & 'الجدول'!B47 & CHAR(10) & "• " & 'الجدول'!B48 & CHAR(10) & "• " & 'الجدول'!B49 & CHAR(10) & "• " & 'الجدول'!B50 & CHAR(10) & "• " & 'الجدول'!B51 & CHAR(10) & "• " & 'الجدول'!B52 & CHAR(10) & CHAR(10) & "■■ " & 'الجدول'!C1 & " ■■" & CHAR(10) & "• " & 'الجدول'!C45 & CHAR(10) & "• " & 'الجدول'!C46 & CHAR(10) & "• " & 'الجدول'!C47 & CHAR(10) & "• " & 'الجدول'!C48 & CHAR(10) & "• " & 'الجدول'!C49 & CHAR(10) & "• " & 'الجدول'!C50 & CHAR(10) & "• " & 'الجدول'!C51 & CHAR(10) & "• " & 'الجدول'!C52 & CHAR(10) & CHAR(10) & "■■ " & 'الجدول'!D1 & " ■■" & CHAR(10) & "• " & 'الجدول'!D45 & CHAR(10) & "• " & 'الجدول'!D46 & CHAR(10) & "• " & 'الجدول'!D47 & CHAR(10) & "• " & 'الجدول'!D48 & CHAR(10) & "• " & 'الجدول'!D49 & CHAR(10) & "• " & 'الجدول'!D50 & CHAR(10) & "• " & 'الجدول'!D51 & CHAR(10) & "• " & 'الجدول'!D52 & CHAR(10) & CHAR(10) & "■■ " & 'الجدول'!E1 & " ■■" & CHAR(10) & "• " & 'الجدول'!E45 & CHAR(10) & "• " & 'الجدول'!E46 & CHAR(10) & "• " & 'الجدول'!E47 & CHAR(10) & "• " & 'الجدول'!E48 & CHAR(10) & "• " & 'الجدول'!E49 & CHAR(10) & "• " & 'الجدول'!E50 & CHAR(10) & "• " & 'الجدول'!E51 & CHAR(10) & "• " & 'الجدول'!E52 & CHAR(10) & CHAR(10) & "■■ " & 'الجدول'!F1 & " ■■" & CHAR(10) & "• " & 'الجدول'!F45 & CHAR(10) & "• " & 'الجدول'!F46 & CHAR(10) & "• " & 'الجدول'!F47 & CHAR(10) & "• " & 'الجدول'!F48 & CHAR(10) & "• " & 'الجدول'!F49 & CHAR(10) & "• " & 'الجدول'!F50 & CHAR(10) & "• " & 'الجدول'!F51 & CHAR(10) & "• " & 'الجدول'!F52 & CHAR(10) & CHAR(10) & "■■ " & 'الجدول'!G1 & " ■■" & CHAR(10) & "• " & 'الجدول'!G45 & CHAR(10) & "• " & 'الجدول'!G46 & CHAR(10) & "• " & 'الجدول'!G47 & CHAR(10) & "• " & 'الجدول'!G48 & CHAR(10) & "• " & 'الجدول'!G49 & CHAR(10) & "• " & 'الجدول'!G50 & CHAR(10) & "• " & 'الجدول'!G51 & CHAR(10) & "• " & 'الجدول'!G52 & CHAR(10) & CHAR(10) & "■■ " & 'الجدول'!H1 & " ■■" & CHAR(10) & "• " & 'الجدول'!H45 & CHAR(10) & "• " & 'الجدول'!H46 & CHAR(10) & "• " & 'الجدول'!H47 & CHAR(10) & "• " & 'الجدول'!H48 & CHAR(10) & "• " & 'الجدول'!H49 & CHAR(10) & "• " & 'الجدول'!H50 & CHAR(10) & "• " & 'الجدول'!H51 & CHAR(10) & "• " & 'الجدول'!H52 & CHAR(10) & CHAR(10) & "■■ " & 'الجدول'!I1 & " ■■" & CHAR(10) & "• " & 'الجدول'!I45 & CHAR(10) & "• " & 'الجدول'!I46 & CHAR(10) & "• " & 'الجدول'!I47 & CHAR(10) & "• " & 'الجدول'!I48 & CHAR(10) & "• " & 'الجدول'!I49 & CHAR(10) & "• " & 'الجدول'!I50 & CHAR(10) & "• " & 'الجدول'!I51 & CHAR(10) & "• " & 'الجدول'!I52 & CHAR(10) & CHAR(10) & "■■ " & 'الجدول'!J1 & " ■■" & CHAR(10) & "• " & 'الجدول'!J45 & CHAR(10) & "• " & 'الجدول'!J46 & CHAR(10) & "• " & 'الجدول'!J47 & CHAR(10) & "• " & 'الجدول'!J48 & CHAR(10) & "• " & 'الجدول'!J49 & CHAR(10) & "• " & 'الجدول'!J50 & CHAR(10) & "• " & 'الجدول'!J51 & CHAR(10) & "• " & 'الجدول'!J52 & CHAR(10) & CHAR(10) & "■■ " & 'الجدول'!K1 & " ■■" & CHAR(10) & "• " & 'الجدول'!K45 & CHAR(10) & "• " & 'الجدول'!K46 & CHAR(10) & "• " & 'الجدول'!K47 & CHAR(10) & "• " & 'الجدول'!K48 & CHAR(10) & "• " & 'الجدول'!K49 & CHAR(10) & "• " & 'الجدول'!K50 & CHAR(10) & "• " & 'الجدول'!K51 & CHAR(10) & "• " & 'الجدول'!K52 & CHAR(10) & CHAR(10) & "■■ " & 'الجدول'!L1 & " ■■" & CHAR(10) & "• " & 'الجدول'!L45 & CHAR(10) & "• " & 'الجدول'!L46 & CHAR(10) & "• " & 'الجدول'!L47 & CHAR(10) & "• " & 'الجدول'!L48 & CHAR(10) & "• " & 'الجدول'!L49 & CHAR(10) & "• " & 'الجدول'!L50 & CHAR(10) & "• " & 'الجدول'!L51 & CHAR(10) & "• " & 'الجدول'!L52 & CHAR(10) & CHAR(10) & "■■ " & 'الجدول'!M1 & " ■■" & CHAR(10) & "• " & 'الجدول'!M45 & CHAR(10) & "• " & 'الجدول'!M46 & CHAR(10) & "• " & 'الجدول'!M47 & CHAR(10) & "• " & 'الجدول'!M48 & CHAR(10) & "• " & 'الجدول'!M49 & CHAR(10) & "• " & 'الجدول'!M50 & CHAR(10) & "• " & 'الجدول'!M51 & CHAR(10) & "• " & 'الجدول'!M52 & CHAR(10) & CHAR(10) & "■■ " & 'الجدول'!N1 & " ■■" & CHAR(10) & "• " & 'الجدول'!N45 & CHAR(10) & "• " & 'الجدول'!N46 & CHAR(10) & "• " & 'الجدول'!N47 & CHAR(10) & "• " & 'الجدول'!N48 & CHAR(10) & "• " & 'الجدول'!N49 & CHAR(10) & "• " & 'الجدول'!N50 & CHAR(10) & "• " & 'الجدول'!N51 & CHAR(10) & "• " & 'الجدول'!N52 & CHAR(10) & CHAR(10) & "■■ " & 'الجدول'!O1 & " ■■" & CHAR(10) & "• " & 'الجدول'!O45 & CHAR(10) & "• " & 'الجدول'!O46 & CHAR(10) & "• " & 'الجدول'!O47 & CHAR(10) & "• " & 'الجدول'!O48 & CHAR(10) & "• " & 'الجدول'!O49 & CHAR(10) & "• " & 'الجدول'!O50 & CHAR(10) & "• " & 'الجدول'!O51 & CHAR(10) & "• " & 'الجدول'!O52 & CHAR(10) & CHAR(10) -> ■■ ER ADMISSION-NIGHT-🚨🌙 ■■ • ---------- • ---------- • ---------- • ---------- • ---------- • ---------- • ---------- • ---------- ■■ ER ADMISSIONS -DAY-🚨☀️ ■■ • ---------- • ---------- • ---------- • ---------- • ---------- • ---------- • ---------- • ---------- ■■ ER-clinic Day ☀️🚨 ■■ • ---------- • ---------- • ---------- • ---------- • ---------- • ---------- • ---------- • ---------- ■■ ER GENERAL-DAY-🚨☀️ ■■ • ---------- • ---------- • ---------- • ---------- • ---------- • ---------- • ---------- • ---------- ■■ ER GENERAL-NIGHT-🚨🌙 ■■ • ---------- • ---------- • ---------- • ---------- • ---------- • ---------- • ---------- • ---------- ■■ ER PT-DAY-🚨☀️ ■■ • ---------- • ---------- • ---------- • ---------- • ---------- • ---------- • ---------- • ---------- ■■ ER PT-NIGHT-🚨🌙 ■■ • ---------- • ---------- • ---------- • ---------- • ---------- • ---------- • ---------- • ---------- ■■ ER TRIAGE-DAY-🚨☀️ ■■ • ---------- • ---------- • ---------- • ---------- • ---------- • ---------- • ---------- • ---------- ■■ ER TRIAGE-NIGHT-🚨🌙 ■■ • ---------- • ---------- • ---------- • ---------- • ---------- • ---------- • ---------- • ---------- ■■ ER WARD-DAY-🚨☀️ ■■ • ---------- • ---------- • ---------- • ---------- • ---------- • ---------- • ---------- • ---------- ■■ ER WARD-NIGHT-🚨🌙 ■■ • ---------- • ---------- • ---------- • ---------- • ---------- • ---------- • ---------- • ---------- ■■ 🗡️LISTA ■■ • محمد عمرو محمد عبدالباقي (01151653320) • سلمى أبوالعلا (01124166114) • يوسف طه السيد (01207620695) • ---------- • ---------- • ---------- • ---------- • ---------- ■■ WARD-DAY-☀️ ■■ • منار عواد عبدالعال عواد (01001915861) • رؤى أحمد عبدالحميد البليهي (01021284862) • شيماء رمضان سعد (01021468731) • رنا اكرم احمد (01122182132) • احمد حسين أحمد (01001877491) • سعيد السيد محمد السيد محمد سابق (01203394950) • محمد خالد محمد (01008204601) • هديل نادي محند (01033032220) ■■ WARD-NIGHT-🌙 ■■ • احمد ايهاب محمد عواد (01032298339) • ملك محمد فؤاد (01001721072) • احمد ناصر (01553479200) • شدو محمد شلتوت (1550336384) • عمر محمد سيد (01000688544) • ---------- • ---------- • ---------- | C8: =HYPERLINK("#الجدول!A" & 44, "الجدول الأساسي") -> الجدول الأساسي
A9: 2026-02-08 الأحد | B9: ="" & "■■ " & 'الجدول'!B1 & " ■■" & CHAR(10) & "• " & 'الجدول'!B53 & CHAR(10) & "• " & 'الجدول'!B54 & CHAR(10) & "• " & 'الجدول'!B55 & CHAR(10) & "• " & 'الجدول'!B56 & CHAR(10) & "• " & 'الجدول'!B57 & CHAR(10) & "• " & 'الجدول'!B58 & CHAR(10) & "• " & 'الجدول'!B59 & CHAR(10) & "• " & 'الجدول'!B60 & CHAR(10) & "• " & 'الجدول'!B61 & CHAR(10) & CHAR(10) & "■■ " & 'الجدول'!C1 & " ■■" & CHAR(10) & "• " & 'الجدول'!C53 & CHAR(10) & "• " & 'الجدول'!C54 & CHAR(10) & "• " & 'الجدول'!C55 & CHAR(10) & "• " & 'الجدول'!C56 & CHAR(10) & "• " & 'الجدول'!C57 & CHAR(10) & "• " & 'الجدول'!C58 & CHAR(10) & "• " & 'الجدول'!C59 & CHAR(10) & "• " & 'الجدول'!C60 & CHAR(10) & "• " & 'الجدول'!C61 & CHAR(10) & CHAR(10) & "■■ " & 'الجدول'!D1 & " ■■" & CHAR(10) & "• " & 'الجدول'!D53 & CHAR(10) & "• " & 'الجدول'!D54 & CHAR(10) & "• " & 'الجدول'!D55 & CHAR(10) & "• " & 'الجدول'!D56 & CHAR(10) & "• " & 'الجدول'!D57 & CHAR(10) & "• " & 'الجدول'!D58 & CHAR(10) & "• " & 'الجدول'!D59 & CHAR(10) & "• " & 'الجدول'!D60 & CHAR(10) & "• " & 'الجدول'!D61 & CHAR(10) & CHAR(10) & "■■ " & 'الجدول'!E1 & " ■■" & CHAR(10) & "• " & 'الجدول'!E53 & CHAR(10) & "• " & 'الجدول'!E54 & CHAR(10) & "• " & 'الجدول'!E55 & CHAR(10) & "• " & 'الجدول'!E56 & CHAR(10) & "• " & 'الجدول'!E57 & CHAR(10) & "• " & 'الجدول'!E58 & CHAR(10) & "• " & 'الجدول'!E59 & CHAR(10) & "• " & 'الجدول'!E60 & CHAR(10) & "• " & 'الجدول'!E61 & CHAR(10) & CHAR(10) & "■■ " & 'الجدول'!F1 & " ■■" & CHAR(10) & "• " & 'الجدول'!F53 & CHAR(10) & "• " & 'الجدول'!F54 & CHAR(10) & "• " & 'الجدول'!F55 & CHAR(10) & "• " & 'الجدول'!F56 & CHAR(10) & "• " & 'الجدول'!F57 & CHAR(10) & "• " & 'الجدول'!F58 & CHAR(10) & "• " & 'الجدول'!F59 & CHAR(10) & "• " & 'الجدول'!F60 & CHAR(10) & "• " & 'الجدول'!F61 & CHAR(10) & CHAR(10) & "■■ " & 'الجدول'!G1 & " ■■" & CHAR(10) & "• " & 'الجدول'!G53 & CHAR(10) & "• " & 'الجدول'!G54 & CHAR(10) & "• " & 'الجدول'!G55 & CHAR(10) & "• " & 'الجدول'!G56 & CHAR(10) & "• " & 'الجدول'!G57 & CHAR(10) & "• " & 'الجدول'!G58 & CHAR(10) & "• " & 'الجدول'!G59 & CHAR(10) & "• " & 'الجدول'!G60 & CHAR(10) & "• " & 'الجدول'!G61 & CHAR(10) & CHAR(10) & "■■ " & 'الجدول'!H1 & " ■■" & CHAR(10) & "• " & 'الجدول'!H53 & CHAR(10) & "• " & 'الجدول'!H54 & CHAR(10) & "• " & 'الجدول'!H55 & CHAR(10) & "• " & 'الجدول'!H56 & CHAR(10) & "• " & 'الجدول'!H57 & CHAR(10) & "• " & 'الجدول'!H58 & CHAR(10) & "• " & 'الجدول'!H59 & CHAR(10) & "• " & 'الجدول'!H60 & CHAR(10) & "• " & 'الجدول'!H61 & CHAR(10) & CHAR(10) & "■■ " & 'الجدول'!I1 & " ■■" & CHAR(10) & "• " & 'الجدول'!I53 & CHAR(10) & "• " & 'الجدول'!I54 & CHAR(10) & "• " & 'الجدول'!I55 & CHAR(10) & "• " & 'الجدول'!I56 & CHAR(10) & "• " & 'الجدول'!I57 & CHAR(10) & "• " & 'الجدول'!I58 & CHAR(10) & "• " & 'الجدول'!I59 & CHAR(10) & "• " & 'الجدول'!I60 & CHAR(10) & "• " & 'الجدول'!I61 & CHAR(10) & CHAR(10) & "■■ " & 'الجدول'!J1 & " ■■" & CHAR(10) & "• " & 'الجدول'!J53 & CHAR(10) & "• " & 'الجدول'!J54 & CHAR(10) & "• " & 'الجدول'!J55 & CHAR(10) & "• " & 'الجدول'!J56 & CHAR(10) & "• " & 'الجدول'!J57 & CHAR(10) & "• " & 'الجدول'!J58 & CHAR(10) & "• " & 'الجدول'!J59 & CHAR(10) & "• " & 'الجدول'!J60 & CHAR(10) & "• " & 'الجدول'!J61 & CHAR(10) & CHAR(10) & "■■ " & 'الجدول'!K1 & " ■■" & CHAR(10) & "• " & 'الجدول'!K53 & CHAR(10) & "• " & 'الجدول'!K54 & CHAR(10) & "• " & 'الجدول'!K55 & CHAR(10) & "• " & 'الجدول'!K56 & CHAR(10) & "• " & 'الجدول'!K57 & CHAR(10) & "• " & 'الجدول'!K58 & CHAR(10) & "• " & 'الجدول'!K59 & CHAR(10) & "• " & 'الجدول'!K60 & CHAR(10) & "• " & 'الجدول'!K61 & CHAR(10) & CHAR(10) & "■■ " & 'الجدول'!L1 & " ■■" & CHAR(10) & "• " & 'الجدول'!L53 & CHAR(10) & "• " & 'الجدول'!L54 & CHAR(10) & "• " & 'الجدول'!L55 & CHAR(10) & "• " & 'الجدول'!L56 & CHAR(10) & "• " & 'الجدول'!L57 & CHAR(10) & "• " & 'الجدول'!L58 & CHAR(10) & "• " & 'الجدول'!L59 & CHAR(10) & "• " & 'الجدول'!L60 & CHAR(10) & "• " & 'الجدول'!L61 & CHAR(10) & CHAR(10) & "■■ " & 'الجدول'!M1 & " ■■" & CHAR(10) & "• " & 'الجدول'!M53 & CHAR(10) & "• " & 'الجدول'!M54 & CHAR(10) & "• " & 'الجدول'!M55 & CHAR(10) & "• " & 'الجدول'!M56 & CHAR(10) & "• " & 'الجدول'!M57 & CHAR(10) & "• " & 'الجدول'!M58 & CHAR(10) & "• " & 'الجدول'!M59 & CHAR(10) & "• " & 'الجدول'!M60 & CHAR(10) & "• " & 'الجدول'!M61 & CHAR(10) & CHAR(10) & "■■ " & 'الجدول'!N1 & " ■■" & CHAR(10) & "• " & 'الجدول'!N53 & CHAR(10) & "• " & 'الجدول'!N54 & CHAR(10) & "• " & 'الجدول'!N55 & CHAR(10) & "• " & 'الجدول'!N56 & CHAR(10) & "• " & 'الجدول'!N57 & CHAR(10) & "• " & 'الجدول'!N58 & CHAR(10) & "• " & 'الجدول'!N59 & CHAR(10) & "• " & 'الجدول'!N60 & CHAR(10) & "• " & 'الجدول'!N61 & CHAR(10) & CHAR(10) & "■■ " & 'الجدول'!O1 & " ■■" & CHAR(10) & "• " & 'الجدول'!O53 & CHAR(10) & "• " & 'الجدول'!O54 & CHAR(10) & "• " & 'الجدول'!O55 & CHAR(10) & "• " & 'الجدول'!O56 & CHAR(10) & "• " & 'الجدول'!O57 & CHAR(10) & "• " & 'الجدول'!O58 & CHAR(10) & "• " & 'الجدول'!O59 & CHAR(10) & "• " & 'الجدول'!O60 & CHAR(10) & "• " & 'الجدول'!O61 & CHAR(10) & CHAR(10) -> ■■ ER ADMISSION-NIGHT-🚨🌙 ■■ • حنان النبوى محمد (01067888751) • ---------- • ---------- • ---------- • ---------- • ---------- • ---------- • ---------- • ---------- ■■ ER ADMISSIONS -DAY-🚨☀️ ■■ • عمر محمد سيد (01000688544) • ---------- • ---------- • ---------- • ---------- • ---------- • ---------- • ---------- • ---------- ■■ ER-clinic Day ☀️🚨 ■■ • سلمى أبوالعلا (01124166114) • ---------- • ---------- • ---------- • ---------- • ---------- • ---------- • ---------- • ---------- ■■ ER GENERAL-DAY-🚨☀️ ■■ • هديل نادي محند (01033032220) • محمود عبد المحسن إبراهيم (01062086612) • دانه طارق (01012809042) • بلال أحمد (01066883767) • أحمد رجب محمد (01273127265) • روان ياسر سليم (01005005160) • استيفن مدحت منير (01200226122) • احمد حسام الدين صلاح (01065567736) • Rawan Elessawy (01010983040) ■■ ER GENERAL-NIGHT-🚨🌙 ■■ • يوسف عاطف رزق الله (01148183647) • محمد محمود ابراهيم (01112057358) • زينة أشرف حسين (01067196820) • سعيد السيد محمد السيد محمد سابق (01203394950) • مي طارق نهاد (01287477488) • محمد عمرو محمد عبدالباقي (01151653320) • احمدنوید قیومی (01104573242) • الاء الحداد (01033882560) • ---------- ■■ ER PT-DAY-🚨☀️ ■■ • منار احمد سعيد (01092708033) • مصطفى محمد علي محمد بدر (01150245681) • مي خالد ابوزيد (01023578224) • مينا رومانى عبده (01212866642) • Youssef elsemary (01126286820) • رؤى أحمد عبدالحميد البليهي (01021284862) • Mohamed Ahmed • محمود محمد عبدالرحمن (01023283048) • ---------- ■■ ER PT-NIGHT-🚨🌙 ■■ • يوسف طه السيد (01207620695) • Ziad said mohamed (01028577876) • شهاب احمد حلمي (01055979002) • عمرو وائل سرور (01023140340) • احمد حسين أحمد (01001877491) • منه الله هشام السيد (01002996214) • نورهان محمد (0112 826 8287) • عبدالمسيح مكرم (01203267885) • كارين روماني راشد (01102663062) ■■ ER TRIAGE-DAY-🚨☀️ ■■ • مريم السيد أحمد خيرالله (01099882992) • ---------- • ---------- • ---------- • ---------- • ---------- • ---------- • ---------- • ---------- ■■ ER TRIAGE-NIGHT-🚨🌙 ■■ • احمد ايهاب محمد عواد (01032298339) • ---------- • ---------- • ---------- • ---------- • ---------- • ---------- • ---------- • ---------- ■■ ER WARD-DAY-🚨☀️ ■■ • أعناب طارق عوض (01146334179) • منار عواد عبدالعال عواد (01001915861) • مها حسين السيد (01012349071) • منة السيد عبد الباقي (01274588193) • احمد ناصر (01553479200) • Mostafa Ismail (01022400525) • ---------- • ---------- • ---------- ■■ ER WARD-NIGHT-🚨🌙 ■■ • محمد الجمل (01091463337) • عبدالله احمد (01020242571) • احمد عزت الشيخ (01226872660) • تقى عماد حسني (01119716276) • Marwan Ayman (01149894940) • ريهام سعد عبدالرحمن (01124867574) • ---------- • ---------- • ---------- ■■ 🗡️LISTA ■■ • ---------- • ---------- • ---------- • ---------- • ---------- • ---------- • ---------- • ---------- • ---------- ■■ WARD-DAY-☀️ ■■ • ---------- • ---------- • ---------- • ---------- • ---------- • ---------- • ---------- • ---------- • ---------- ■■ WARD-NIGHT-🌙 ■■ • ---------- • ---------- • ---------- • ---------- • ---------- • ---------- • ---------- • ---------- • ---------- | C9: =HYPERLINK("#الجدول!A" & 52, "الجدول الأساسي") -> الجدول الأساسي
A10: 2026-02-09 الاثنين | B10: ="" & "■■ " & 'الجدول'!B1 & " ■■" & CHAR(10) & "• " & 'الجدول'!B62 & CHAR(10) & "• " & 'الجدول'!B63 & CHAR(10) & "• " & 'الجدول'!B64 & CHAR(10) & "• " & 'الجدول'!B65 & CHAR(10) & "• " & 'الجدول'!B66 & CHAR(10) & "• " & 'الجدول'!B67 & CHAR(10) & "• " & 'الجدول'!B68 & CHAR(10) & "• " & 'الجدول'!B69 & CHAR(10) & CHAR(10) & "■■ " & 'الجدول'!C1 & " ■■" & CHAR(10) & "• " & 'الجدول'!C62 & CHAR(10) & "• " & 'الجدول'!C63 & CHAR(10) & "• " & 'الجدول'!C64 & CHAR(10) & "• " & 'الجدول'!C65 & CHAR(10) & "• " & 'الجدول'!C66 & CHAR(10) & "• " & 'الجدول'!C67 & CHAR(10) & "• " & 'الجدول'!C68 & CHAR(10) & "• " & 'الجدول'!C69 & CHAR(10) & CHAR(10) & "■■ " & 'الجدول'!D1 & " ■■" & CHAR(10) & "• " & 'الجدول'!D62 & CHAR(10) & "• " & 'الجدول'!D63 & CHAR(10) & "• " & 'الجدول'!D64 & CHAR(10) & "• " & 'الجدول'!D65 & CHAR(10) & "• " & 'الجدول'!D66 & CHAR(10) & "• " & 'الجدول'!D67 & CHAR(10) & "• " & 'الجدول'!D68 & CHAR(10) & "• " & 'الجدول'!D69 & CHAR(10) & CHAR(10) & "■■ " & 'الجدول'!E1 & " ■■" & CHAR(10) & "• " & 'الجدول'!E62 & CHAR(10) & "• " & 'الجدول'!E63 & CHAR(10) & "• " & 'الجدول'!E64 & CHAR(10) & "• " & 'الجدول'!E65 & CHAR(10) & "• " & 'الجدول'!E66 & CHAR(10) & "• " & 'الجدول'!E67 & CHAR(10) & "• " & 'الجدول'!E68 & CHAR(10) & "• " & 'الجدول'!E69 & CHAR(10) & CHAR(10) & "■■ " & 'الجدول'!F1 & " ■■" & CHAR(10) & "• " & 'الجدول'!F62 & CHAR(10) & "• " & 'الجدول'!F63 & CHAR(10) & "• " & 'الجدول'!F64 & CHAR(10) & "• " & 'الجدول'!F65 & CHAR(10) & "• " & 'الجدول'!F66 & CHAR(10) & "• " & 'الجدول'!F67 & CHAR(10) & "• " & 'الجدول'!F68 & CHAR(10) & "• " & 'الجدول'!F69 & CHAR(10) & CHAR(10) & "■■ " & 'الجدول'!G1 & " ■■" & CHAR(10) & "• " & 'الجدول'!G62 & CHAR(10) & "• " & 'الجدول'!G63 & CHAR(10) & "• " & 'الجدول'!G64 & CHAR(10) & "• " & 'الجدول'!G65 & CHAR(10) & "• " & 'الجدول'!G66 & CHAR(10) & "• " & 'الجدول'!G67 & CHAR(10) & "• " & 'الجدول'!G68 & CHAR(10) & "• " & 'الجدول'!G69 & CHAR(10) & CHAR(10) & "■■ " & 'الجدول'!H1 & " ■■" & CHAR(10) & "• " & 'الجدول'!H62 & CHAR(10) & "• " & 'الجدول'!H63 & CHAR(10) & "• " & 'الجدول'!H64 & CHAR(10) & "• " & 'الجدول'!H65 & CHAR(10) & "• " & 'الجدول'!H66 & CHAR(10) & "• " & 'الجدول'!H67 & CHAR(10) & "• " & 'الجدول'!H68 & CHAR(10) & "• " & 'الجدول'!H69 & CHAR(10) & CHAR(10) & "■■ " & 'الجدول'!I1 & " ■■" & CHAR(10) & "• " & 'الجدول'!I62 & CHAR(10) & "• " & 'الجدول'!I63 & CHAR(10) & "• " & 'الجدول'!I64 & CHAR(10) & "• " & 'الجدول'!I65 & CHAR(10) & "• " & 'الجدول'!I66 & CHAR(10) & "• " & 'الجدول'!I67 & CHAR(10) & "• " & 'الجدول'!I68 & CHAR(10) & "• " & 'الجدول'!I69 & CHAR(10) & CHAR(10) & "■■ " & 'الجدول'!J1 & " ■■" & CHAR(10) & "• " & 'الجدول'!J62 & CHAR(10) & "• " & 'الجدول'!J63 & CHAR(10) & "• " & 'الجدول'!J64 & CHAR(10) & "• " & 'الجدول'!J65 & CHAR(10) & "• " & 'الجدول'!J66 & CHAR(10) & "• " & 'الجدول'!J67 & CHAR(10) & "• " & 'الجدول'!J68 & CHAR(10) & "• " & 'الجدول'!J69 & CHAR(10) & CHAR(10) & "■■ " & 'الجدول'!K1 & " ■■" & CHAR(10) & "• " & 'الجدول'!K62 & CHAR(10) & "• " & 'الجدول'!K63 & CHAR(10) & "• " & 'الجدول'!K64 & CHAR(10) & "• " & 'الجدول'!K65 & CHAR(10) & "• " & 'الجدول'!K66 & CHAR(10) & "• " & 'الجدول'!K67 & CHAR(10) & "• " & 'الجدول'!K68 & CHAR(10) & "• " & 'الجدول'!K69 & CHAR(10) & CHAR(10) & "■■ " & 'الجدول'!L1 & " ■■" & CHAR(10) & "• " & 'الجدول'!L62 & CHAR(10) & "• " & 'الجدول'!L63 & CHAR(10) & "• " & 'الجدول'!L64 & CHAR(10) & "• " & 'الجدول'!L65 & CHAR(10) & "• " & 'الجدول'!L66 & CHAR(10) & "• " & 'الجدول'!L67 & CHAR(10) & "• " & 'الجدول'!L68 & CHAR(10) & "• " & 'الجدول'!L69 & CHAR(10) & CHAR(10) & "■■ " & 'الجدول'!M1 & " ■■" & CHAR(10) & "• " & 'الجدول'!M62 & CHAR(10) & "• " & 'الجدول'!M63 & CHAR(10) & "• " & 'الجدول'!M64 & CHAR(10) & "• " & 'الجدول'!M65 & CHAR(10) & "• " & 'الجدول'!M66 & CHAR(10) & "• " & 'الجدول'!M67 & CHAR(10) & "• " & 'الجدول'!M68 & CHAR(10) & "• " & 'الجدول'!M69 & CHAR(10) & CHAR(10) & "■■ " & 'الجدول'!N1 & " ■■" & CHAR(10) & "• " & 'الجدول'!N62 & CHAR(10) & "• " & 'الجدول'!N63 & CHAR(10) & "• " & 'الجدول'!N64 & CHAR(10) & "• " & 'الجدول'!N65 & CHAR(10) & "• " & 'الجدول'!N66 & CHAR(10) & "• " & 'الجدول'!N67 & CHAR(10) & "• " & 'الجدول'!N68 & CHAR(10) & "• " & 'الجدول'!N69 & CHAR(10) & CHAR(10) & "■■ " & 'الجدول'!O1 & " ■■" & CHAR(10) & "• " & 'الجدول'!O62 & CHAR(10) & "• " & 'الجدول'!O63 & CHAR(10) & "• " & 'الجدول'!O64 & CHAR(10) & "• " & 'الجدول'!O65 & CHAR(10) & "• " & 'الجدول'!O66 & CHAR(10) & "• " & 'الجدول'!O67 & CHAR(10) & "• " & 'الجدول'!O68 & CHAR(10) & "• " & 'الجدول'!O69 & CHAR(10) & CHAR(10) -> ■■ ER ADMISSION-NIGHT-🚨🌙 ■■ • ---------- • ---------- • ---------- • ---------- • ---------- • ---------- • ---------- • ---------- ■■ ER ADMISSIONS -DAY-🚨☀️ ■■ • ---------- • ---------- • ---------- • ---------- • ---------- • ---------- • ---------- • ---------- ■■ ER-clinic Day ☀️🚨 ■■ • ---------- • ---------- • ---------- • ---------- • ---------- • ---------- • ---------- • ---------- ■■ ER GENERAL-DAY-🚨☀️ ■■ • ---------- • ---------- • ---------- • ---------- • ---------- • ---------- • ---------- • ---------- ■■ ER GENERAL-NIGHT-🚨🌙 ■■ • ---------- • ---------- • ---------- • ---------- • ---------- • ---------- • ---------- • ---------- ■■ ER PT-DAY-🚨☀️ ■■ • ---------- • ---------- • ---------- • ---------- • ---------- • ---------- • ---------- • ---------- ■■ ER PT-NIGHT-🚨🌙 ■■ • ---------- • ---------- • ---------- • ---------- • ---------- • ---------- • ---------- • ---------- ■■ ER TRIAGE-DAY-🚨☀️ ■■ • ---------- • ---------- • ---------- • ---------- • ---------- • ---------- • ---------- • ---------- ■■ ER TRIAGE-NIGHT-🚨🌙 ■■ • ---------- • ---------- • ---------- • ---------- • ---------- • ---------- • ---------- • ---------- ■■ ER WARD-DAY-🚨☀️ ■■ • ---------- • ---------- • ---------- • ---------- • ---------- • ---------- • ---------- • ---------- ■■ ER WARD-NIGHT-🚨🌙 ■■ • ---------- • ---------- • ---------- • ---------- • ---------- • ---------- • ---------- • ---------- ■■ 🗡️LISTA ■■ • ---------- • ---------- • ---------- • ---------- • ---------- • ---------- • ---------- • ---------- ■■ WARD-DAY-☀️ ■■ • منار عواد عبدالعال عواد (01001915861) • الاء الحداد (01033882560) • Youssef elsemary (01126286820) • رؤى أحمد عبدالحميد البليهي (01021284862) • Mostafa Ismail (01022400525) • احمدنوید قیومی (01104573242) • مصطفى عبد الراضى صديق (01226696153) • Rawan Elessawy (01010983040) ■■ WARD-NIGHT-🌙 ■■ • عمرو وائل سرور (01023140340) • هديل هشام منصور الوشاحي (01227221344) • مريم السيد أحمد خيرالله (01099882992) • تقى عماد حسني (01119716276) • سعيد السيد محمد السيد محمد سابق (01203394950) • ---------- • ---------- • ---------- | C10: =HYPERLINK("#الجدول!A" & 61, "الجدول الأساسي") -> الجدول الأساسي
A11: 2026-02-10 الثلاثاء | B11: ="" & "■■ " & 'الجدول'!B1 & " ■■" & CHAR(10) & "• " & 'الجدول'!B70 & CHAR(10) & "• " & 'الجدول'!B71 & CHAR(10) & "• " & 'الجدول'!B72 & CHAR(10) & "• " & 'الجدول'!B73 & CHAR(10) & "• " & 'الجدول'!B74 & CHAR(10) & "• " & 'الجدول'!B75 & CHAR(10) & CHAR(10) & "■■ " & 'الجدول'!C1 & " ■■" & CHAR(10) & "• " & 'الجدول'!C70 & CHAR(10) & "• " & 'الجدول'!C71 & CHAR(10) & "• " & 'الجدول'!C72 & CHAR(10) & "• " & 'الجدول'!C73 & CHAR(10) & "• " & 'الجدول'!C74 & CHAR(10) & "• " & 'الجدول'!C75 & CHAR(10) & CHAR(10) & "■■ " & 'الجدول'!D1 & " ■■" & CHAR(10) & "• " & 'الجدول'!D70 & CHAR(10) & "• " & 'الجدول'!D71 & CHAR(10) & "• " & 'الجدول'!D72 & CHAR(10) & "• " & 'الجدول'!D73 & CHAR(10) & "• " & 'الجدول'!D74 & CHAR(10) & "• " & 'الجدول'!D75 & CHAR(10) & CHAR(10) & "■■ " & 'الجدول'!E1 & " ■■" & CHAR(10) & "• " & 'الجدول'!E70 & CHAR(10) & "• " & 'الجدول'!E71 & CHAR(10) & "• " & 'الجدول'!E72 & CHAR(10) & "• " & 'الجدول'!E73 & CHAR(10) & "• " & 'الجدول'!E74 & CHAR(10) & "• " & 'الجدول'!E75 & CHAR(10) & CHAR(10) & "■■ " & 'الجدول'!F1 & " ■■" & CHAR(10) & "• " & 'الجدول'!F70 & CHAR(10) & "• " & 'الجدول'!F71 & CHAR(10) & "• " & 'الجدول'!F72 & CHAR(10) & "• " & 'الجدول'!F73 & CHAR(10) & "• " & 'الجدول'!F74 & CHAR(10) & "• " & 'الجدول'!F75 & CHAR(10) & CHAR(10) & "■■ " & 'الجدول'!G1 & " ■■" & CHAR(10) & "• " & 'الجدول'!G70 & CHAR(10) & "• " & 'الجدول'!G71 & CHAR(10) & "• " & 'الجدول'!G72 & CHAR(10) & "• " & 'الجدول'!G73 & CHAR(10) & "• " & 'الجدول'!G74 & CHAR(10) & "• " & 'الجدول'!G75 & CHAR(10) & CHAR(10) & "■■ " & 'الجدول'!H1 & " ■■" & CHAR(10) & "• " & 'الجدول'!H70 & CHAR(10) & "• " & 'الجدول'!H71 & CHAR(10) & "• " & 'الجدول'!H72 & CHAR(10) & "• " & 'الجدول'!H73 & CHAR(10) & "• " & 'الجدول'!H74 & CHAR(10) & "• " & 'الجدول'!H75 & CHAR(10) & CHAR(10) & "■■ " & 'الجدول'!I1 & " ■■" & CHAR(10) & "• " & 'الجدول'!I70 & CHAR(10) & "• " & 'الجدول'!I71 & CHAR(10) & "• " & 'الجدول'!I72 & CHAR(10) & "• " & 'الجدول'!I73 & CHAR(10) & "• " & 'الجدول'!I74 & CHAR(10) & "• " & 'الجدول'!I75 & CHAR(10) & CHAR(10) & "■■ " & 'الجدول'!J1 & " ■■" & CHAR(10) & "• " & 'الجدول'!J70 & CHAR(10) & "• " & 'الجدول'!J71 & CHAR(10) & "• " & 'الجدول'!J72 & CHAR(10) & "• " & 'الجدول'!J73 & CHAR(10) & "• " & 'الجدول'!J74 & CHAR(10) & "• " & 'الجدول'!J75 & CHAR(10) & CHAR(10) & "■■ " & 'الجدول'!K1 & " ■■" & CHAR(10) & "• " & 'الجدول'!K70 & CHAR(10) & "• " & 'الجدول'!K71 & CHAR(10) & "• " & 'الجدول'!K72 & CHAR(10) & "• " & 'الجدول'!K73 & CHAR(10) & "• " & 'الجدول'!K74 & CHAR(10) & "• " & 'الجدول'!K75 & CHAR(10) & CHAR(10) & "■■ " & 'الجدول'!L1 & " ■■" & CHAR(10) & "• " & 'الجدول'!L70 & CHAR(10) & "• " & 'الجدول'!L71 & CHAR(10) & "• " & 'الجدول'!L72 & CHAR(10) & "• " & 'الجدول'!L73 & CHAR(10) & "• " & 'الجدول'!L74 & CHAR(10) & "• " & 'الجدول'!L75 & CHAR(10) & CHAR(10) & "■■ " & 'الجدول'!M1 & " ■■" & CHAR(10) & "• " & 'الجدول'!M70 & CHAR(10) & "• " & 'الجدول'!M71 & CHAR(10) & "• " & 'الجدول'!M72 & CHAR(10) & "• " & 'الجدول'!M73 & CHAR(10) & "• " & 'الجدول'!M74 & CHAR(10) & "• " & 'الجدول'!M75 & CHAR(10) & CHAR(10) & "■■ " & 'الجدول'!N1 & " ■■" & CHAR(10) & "• " & 'الجدول'!N70 & CHAR(10) & "• " & 'الجدول'!N71 & CHAR(10) & "• " & 'الجدول'!N72 & CHAR(10) & "• " & 'الجدول'!N73 & CHAR(10) & "• " & 'الجدول'!N74 & CHAR(10) & "• " & 'الجدول'!N75 & CHAR(10) & CHAR(10) & "■■ " & 'الجدول'!O1 & " ■■" & CHAR(10) & "• " & 'الجدول'!O70 & CHAR(10) & "• " & 'الجدول'!O71 & CHAR(10) & "• " & 'الجدول'!O72 & CHAR(10) & "• " & 'الجدول'!O73 & CHAR(10) & "• " & 'الجدول'!O74 & CHAR(10) & "• " & 'الجدول'!O75 & CHAR(10) & CHAR(10) -> ■■ ER ADMISSION-NIGHT-🚨🌙 ■■ • ---------- • ---------- • ---------- • ---------- • ---------- • ---------- ■■ ER ADMISSIONS -DAY-🚨☀️ ■■ • ---------- • ---------- • ---------- • ---------- • ---------- • ---------- ■■ ER-clinic Day ☀️🚨 ■■ • ---------- • ---------- • ---------- • ---------- • ---------- • ---------- ■■ ER GENERAL-DAY-🚨☀️ ■■ • ---------- • ---------- • ---------- • ---------- • ---------- • ---------- ■■ ER GENERAL-NIGHT-🚨🌙 ■■ • ---------- • ---------- • ---------- • ---------- • ---------- • ---------- ■■ ER PT-DAY-🚨☀️ ■■ • ---------- • ---------- • ---------- • ---------- • ---------- • ---------- ■■ ER PT-NIGHT-🚨🌙 ■■ • ---------- • ---------- • ---------- • ---------- • ---------- • ---------- ■■ ER TRIAGE-DAY-🚨☀️ ■■ • ---------- • ---------- • ---------- • ---------- • ---------- • ---------- ■■ ER TRIAGE-NIGHT-🚨🌙 ■■ • ---------- • ---------- • ---------- • ---------- • ---------- • ---------- ■■ ER WARD-DAY-🚨☀️ ■■ • ---------- • ---------- • ---------- • ---------- • ---------- • ---------- ■■ ER WARD-NIGHT-🚨🌙 ■■ • ---------- • ---------- • ---------- • ---------- • ---------- • ---------- ■■ 🗡️LISTA ■■ • محمد خالد محمد (01008204601) • ريهام سعد عبدالرحمن (01124867574) • Youssef elsemary (01126286820) • ---------- • ---------- • ---------- ■■ WARD-DAY-☀️ ■■ • أعناب طارق عوض (01146334179) • مي خالد ابوزيد (01023578224) • هديل نادي محند (01033032220) • محمود عبد المحسن إبراهيم (01062086612) • احمد حسام الدين صلاح (01065567736) • استيفن مدحت منير (01200226122) ■■ WARD-NIGHT-🌙 ■■ • احمد ناصر (01553479200) • مي طارق نهاد (01287477488) • كارين باسم صومائيل (01274209975) • محمد محمود ابراهيم (01112057358) • ---------- • ---------- | C11: =HYPERLINK("#الجدول!A" & 69, "الجدول الأساسي") -> الجدول الأساسي
A12: 2026-02-11 الأربعاء | B12: ="" & "■■ " & 'الجدول'!B1 & " ■■" & CHAR(10) & "• " & 'الجدول'!B76 & CHAR(10) & "• " & 'الجدول'!B77 & CHAR(10) & "• " & 'الجدول'!B78 & CHAR(10) & "• " & 'الجدول'!B79 & CHAR(10) & "• " & 'الجدول'!B80 & CHAR(10) & "• " & 'الجدول'!B81 & CHAR(10) & CHAR(10) & "■■ " & 'الجدول'!C1 & " ■■" & CHAR(10) & "• " & 'الجدول'!C76 & CHAR(10) & "• " & 'الجدول'!C77 & CHAR(10) & "• " & 'الجدول'!C78 & CHAR(10) & "• " & 'الجدول'!C79 & CHAR(10) & "• " & 'الجدول'!C80 & CHAR(10) & "• " & 'الجدول'!C81 & CHAR(10) & CHAR(10) & "■■ " & 'الجدول'!D1 & " ■■" & CHAR(10) & "• " & 'الجدول'!D76 & CHAR(10) & "• " & 'الجدول'!D77 & CHAR(10) & "• " & 'الجدول'!D78 & CHAR(10) & "• " & 'الجدول'!D79 & CHAR(10) & "• " & 'الجدول'!D80 & CHAR(10) & "• " & 'الجدول'!D81 & CHAR(10) & CHAR(10) & "■■ " & 'الجدول'!E1 & " ■■" & CHAR(10) & "• " & 'الجدول'!E76 & CHAR(10) & "• " & 'الجدول'!E77 & CHAR(10) & "• " & 'الجدول'!E78 & CHAR(10) & "• " & 'الجدول'!E79 & CHAR(10) & "• " & 'الجدول'!E80 & CHAR(10) & "• " & 'الجدول'!E81 & CHAR(10) & CHAR(10) & "■■ " & 'الجدول'!F1 & " ■■" & CHAR(10) & "• " & 'الجدول'!F76 & CHAR(10) & "• " & 'الجدول'!F77 & CHAR(10) & "• " & 'الجدول'!F78 & CHAR(10) & "• " & 'الجدول'!F79 & CHAR(10) & "• " & 'الجدول'!F80 & CHAR(10) & "• " & 'الجدول'!F81 & CHAR(10) & CHAR(10) & "■■ " & 'الجدول'!G1 & " ■■" & CHAR(10) & "• " & 'الجدول'!G76 & CHAR(10) & "• " & 'الجدول'!G77 & CHAR(10) & "• " & 'الجدول'!G78 & CHAR(10) & "• " & 'الجدول'!G79 & CHAR(10) & "• " & 'الجدول'!G80 & CHAR(10) & "• " & 'الجدول'!G81 & CHAR(10) & CHAR(10) & "■■ " & 'الجدول'!H1 & " ■■" & CHAR(10) & "• " & 'الجدول'!H76 & CHAR(10) & "• " & 'الجدول'!H77 & CHAR(10) & "• " & 'الجدول'!H78 & CHAR(10) & "• " & 'الجدول'!H79 & CHAR(10) & "• " & 'الجدول'!H80 & CHAR(10) & "• " & 'الجدول'!H81 & CHAR(10) & CHAR(10) & "■■ " & 'الجدول'!I1 & " ■■" & CHAR(10) & "• " & 'الجدول'!I76 & CHAR(10) & "• " & 'الجدول'!I77 & CHAR(10) & "• " & 'الجدول'!I78 & CHAR(10) & "• " & 'الجدول'!I79 & CHAR(10) & "• " & 'الجدول'!I80 & CHAR(10) & "• " & 'الجدول'!I81 & CHAR(10) & CHAR(10) & "■■ " & 'الجدول'!J1 & " ■■" & CHAR(10) & "• " & 'الجدول'!J76 & CHAR(10) & "• " & 'الجدول'!J77 & CHAR(10) & "• " & 'الجدول'!J78 & CHAR(10) & "• " & 'الجدول'!J79 & CHAR(10) & "• " & 'الجدول'!J80 & CHAR(10) & "• " & 'الجدول'!J81 & CHAR(10) & CHAR(10) & "■■ " & 'الجدول'!K1 & " ■■" & CHAR(10) & "• " & 'الجدول'!K76 & CHAR(10) & "• " & 'الجدول'!K77 & CHAR(10) & "• " & 'الجدول'!K78 & CHAR(10) & "• " & 'الجدول'!K79 & CHAR(10) & "• " & 'الجدول'!K80 & CHAR(10) & "• " & 'الجدول'!K81 & CHAR(10) & CHAR(10) & "■■ " & 'الجدول'!L1 & " ■■" & CHAR(10) & "• " & 'الجدول'!L76 & CHAR(10) & "• " & 'الجدول'!L77 & CHAR(10) & "• " & 'الجدول'!L78 & CHAR(10) & "• " & 'الجدول'!L79 & CHAR(10) & "• " & 'الجدول'!L80 & CHAR(10) & "• " & 'الجدول'!L81 & CHAR(10) & CHAR(10) & "■■ " & 'الجدول'!M1 & " ■■" & CHAR(10) & "• " & 'الجدول'!M76 & CHAR(10) & "• " & 'الجدول'!M77 & CHAR(10) & "• " & 'الجدول'!M78 & CHAR(10) & "• " & 'الجدول'!M79 & CHAR(10) & "• " & 'الجدول'!M80 & CHAR(10) & "• " & 'الجدول'!M81 & CHAR(10) & CHAR(10) & "■■ " & 'الجدول'!N1 & " ■■" & CHAR(10) & "• " & 'الجدول'!N76 & CHAR(10) & "• " & 'الجدول'!N77 & CHAR(10) & "• " & 'الجدول'!N78 & CHAR(10) & "• " & 'الجدول'!N79 & CHAR(10) & "• " & 'الجدول'!N80 & CHAR(10) & "• " & 'الجدول'!N81 & CHAR(10) & CHAR(10) & "■■ " & 'الجدول'!O1 & " ■■" & CHAR(10) & "• " & 'الجدول'!O76 & CHAR(10) & "• " & 'الجدول'!O77 & CHAR(10) & "• " & 'الجدول'!O78 & CHAR(10) & "• " & 'الجدول'!O79 & CHAR(10) & "• " & 'الجدول'!O80 & CHAR(10) & "• " & 'الجدول'!O81 & CHAR(10) & CHAR(10) -> ■■ ER ADMISSION-NIGHT-🚨🌙 ■■ • ---------- • ---------- • ---------- • ---------- • ---------- • ---------- ■■ ER ADMISSIONS -DAY-🚨☀️ ■■ • ---------- • ---------- • ---------- • ---------- • ---------- • ---------- ■■ ER-clinic Day ☀️🚨 ■■ • ---------- • ---------- • ---------- • ---------- • ---------- • ---------- ■■ ER GENERAL-DAY-🚨☀️ ■■ • ---------- • ---------- • ---------- • ---------- • ---------- • ---------- ■■ ER GENERAL-NIGHT-🚨🌙 ■■ • ---------- • ---------- • ---------- • ---------- • ---------- • ---------- ■■ ER PT-DAY-🚨☀️ ■■ • ---------- • ---------- • ---------- • ---------- • ---------- • ---------- ■■ ER PT-NIGHT-🚨🌙 ■■ • ---------- • ---------- • ---------- • ---------- • ---------- • ---------- ■■ ER TRIAGE-DAY-🚨☀️ ■■ • ---------- • ---------- • ---------- • ---------- • ---------- • ---------- ■■ ER TRIAGE-NIGHT-🚨🌙 ■■ • ---------- • ---------- • ---------- • ---------- • ---------- • ---------- ■■ ER WARD-DAY-🚨☀️ ■■ • ---------- • ---------- • ---------- • ---------- • ---------- • ---------- ■■ ER WARD-NIGHT-🚨🌙 ■■ • ---------- • ---------- • ---------- • ---------- • ---------- • ---------- ■■ 🗡️LISTA ■■ • ---------- • ---------- • ---------- • ---------- • ---------- • ---------- ■■ WARD-DAY-☀️ ■■ • Sara Refaat (01220039613) • سلمى أبوالعلا (01124166114) • مينا رومانى عبده (01212866642) • منار احمد سعيد (01092708033) • روان ياسر سليم (01005005160) • محمود محمد عبدالرحمن (01023283048) ■■ WARD-NIGHT-🌙 ■■ • سندس أحمد سيد (01156131096) • سعيد السيد محمد السيد محمد سابق (01203394950) • شهاب احمد حلمي (01055979002) • احمدنوید قیومی (01104573242) • ---------- • ---------- | C12: =HYPERLINK("#الجدول!A" & 75, "الجدول الأساسي") -> الجدول الأساسي
A13: 2026-02-12 الخميس | B13: ="" & "■■ " & 'الجدول'!B1 & " ■■" & CHAR(10) & "• " & 'الجدول'!B82 & CHAR(10) & "• " & 'الجدول'!B83 & CHAR(10) & "• " & 'الجدول'!B84 & CHAR(10) & "• " & 'الجدول'!B85 & CHAR(10) & "• " & 'الجدول'!B86 & CHAR(10) & CHAR(10) & "■■ " & 'الجدول'!C1 & " ■■" & CHAR(10) & "• " & 'الجدول'!C82 & CHAR(10) & "• " & 'الجدول'!C83 & CHAR(10) & "• " & 'الجدول'!C84 & CHAR(10) & "• " & 'الجدول'!C85 & CHAR(10) & "• " & 'الجدول'!C86 & CHAR(10) & CHAR(10) & "■■ " & 'الجدول'!D1 & " ■■" & CHAR(10) & "• " & 'الجدول'!D82 & CHAR(10) & "• " & 'الجدول'!D83 & CHAR(10) & "• " & 'الجدول'!D84 & CHAR(10) & "• " & 'الجدول'!D85 & CHAR(10) & "• " & 'الجدول'!D86 & CHAR(10) & CHAR(10) & "■■ " & 'الجدول'!E1 & " ■■" & CHAR(10) & "• " & 'الجدول'!E82 & CHAR(10) & "• " & 'الجدول'!E83 & CHAR(10) & "• " & 'الجدول'!E84 & CHAR(10) & "• " & 'الجدول'!E85 & CHAR(10) & "• " & 'الجدول'!E86 & CHAR(10) & CHAR(10) & "■■ " & 'الجدول'!F1 & " ■■" & CHAR(10) & "• " & 'الجدول'!F82 & CHAR(10) & "• " & 'الجدول'!F83 & CHAR(10) & "• " & 'الجدول'!F84 & CHAR(10) & "• " & 'الجدول'!F85 & CHAR(10) & "• " & 'الجدول'!F86 & CHAR(10) & CHAR(10) & "■■ " & 'الجدول'!G1 & " ■■" & CHAR(10) & "• " & 'الجدول'!G82 & CHAR(10) & "• " & 'الجدول'!G83 & CHAR(10) & "• " & 'الجدول'!G84 & CHAR(10) & "• " & 'الجدول'!G85 & CHAR(10) & "• " & 'الجدول'!G86 & CHAR(10) & CHAR(10) & "■■ " & 'الجدول'!H1 & " ■■" & CHAR(10) & "• " & 'الجدول'!H82 & CHAR(10) & "• " & 'الجدول'!H83 & CHAR(10) & "• " & 'الجدول'!H84 & CHAR(10) & "• " & 'الجدول'!H85 & CHAR(10) & "• " & 'الجدول'!H86 & CHAR(10) & CHAR(10) & "■■ " & 'الجدول'!I1 & " ■■" & CHAR(10) & "• " & 'الجدول'!I82 & CHAR(10) & "• " & 'الجدول'!I83 & CHAR(10) & "• " & 'الجدول'!I84 & CHAR(10) & "• " & 'الجدول'!I85 & CHAR(10) & "• " & 'الجدول'!I86 & CHAR(10) & CHAR(10) & "■■ " & 'الجدول'!J1 & " ■■" & CHAR(10) & "• " & 'الجدول'!J82 & CHAR(10) & "• " & 'الجدول'!J83 & CHAR(10) & "• " & 'الجدول'!J84 & CHAR(10) & "• " & 'الجدول'!J85 & CHAR(10) & "• " & 'الجدول'!J86 & CHAR(10) & CHAR(10) & "■■ " & 'الجدول'!K1 & " ■■" & CHAR(10) & "• " & 'الجدول'!K82 & CHAR(10) & "• " & 'الجدول'!K83 & CHAR(10) & "• " & 'الجدول'!K84 & CHAR(10) & "• " & 'الجدول'!K85 & CHAR(10) & "• " & 'الجدول'!K86 & CHAR(10) & CHAR(10) & "■■ " & 'الجدول'!L1 & " ■■" & CHAR(10) & "• " & 'الجدول'!L82 & CHAR(10) & "• " & 'الجدول'!L83 & CHAR(10) & "• " & 'الجدول'!L84 & CHAR(10) & "• " & 'الجدول'!L85 & CHAR(10) & "• " & 'الجدول'!L86 & CHAR(10) & CHAR(10) & "■■ " & 'الجدول'!M1 & " ■■" & CHAR(10) & "• " & 'الجدول'!M82 & CHAR(10) & "• " & 'الجدول'!M83 & CHAR(10) & "• " & 'الجدول'!M84 & CHAR(10) & "• " & 'الجدول'!M85 & CHAR(10) & "• " & 'الجدول'!M86 & CHAR(10) & CHAR(10) & "■■ " & 'الجدول'!N1 & " ■■" & CHAR(10) & "• " & 'الجدول'!N82 & CHAR(10) & "• " & 'الجدول'!N83 & CHAR(10) & "• " & 'الجدول'!N84 & CHAR(10) & "• " & 'الجدول'!N85 & CHAR(10) & "• " & 'الجدول'!N86 & CHAR(10) & CHAR(10) & "■■ " & 'الجدول'!O1 & " ■■" & CHAR(10) & "• " & 'الجدول'!O82 & CHAR(10) & "• " & 'الجدول'!O83 & CHAR(10) & "• " & 'الجدول'!O84 & CHAR(10) & "• " & 'الجدول'!O85 & CHAR(10) & "• " & 'الجدول'!O86 & CHAR(10) & CHAR(10) -> ■■ ER ADMISSION-NIGHT-🚨🌙 ■■ • ---------- • ---------- • ---------- • ---------- • ---------- ■■ ER ADMISSIONS -DAY-🚨☀️ ■■ • ---------- • ---------- • ---------- • ---------- • ---------- ■■ ER-clinic Day ☀️🚨 ■■ • ---------- • ---------- • ---------- • ---------- • ---------- ■■ ER GENERAL-DAY-🚨☀️ ■■ • ---------- • ---------- • ---------- • ---------- • ---------- ■■ ER GENERAL-NIGHT-🚨🌙 ■■ • ---------- • ---------- • ---------- • ---------- • ---------- ■■ ER PT-DAY-🚨☀️ ■■ • ---------- • ---------- • ---------- • ---------- • ---------- ■■ ER PT-NIGHT-🚨🌙 ■■ • ---------- • ---------- • ---------- • ---------- • ---------- ■■ ER TRIAGE-DAY-🚨☀️ ■■ • ---------- • ---------- • ---------- • ---------- • ---------- ■■ ER TRIAGE-NIGHT-🚨🌙 ■■ • ---------- • ---------- • ---------- • ---------- • ---------- ■■ ER WARD-DAY-🚨☀️ ■■ • ---------- • ---------- • ---------- • ---------- • ---------- ■■ ER WARD-NIGHT-🚨🌙 ■■ • ---------- • ---------- • ---------- • ---------- • ---------- ■■ 🗡️LISTA ■■ • ---------- • ---------- • ---------- • ---------- • ---------- ■■ WARD-DAY-☀️ ■■ • Ziad said mohamed (01028577876) • احمد حسام الدين صلاح (01065567736) • أحمد رجب محمد (01273127265) • منه الله هشام السيد (01002996214) • محمد خالد محمد (01008204601) ■■ WARD-NIGHT-🌙 ■■ • تقى عماد حسني (01119716276) • Marwan Ayman (01149894940) • عبدالمسيح مكرم (01203267885) • ---------- • ---------- | C13: =HYPERLINK("#الجدول!A" & 81, "الجدول الأساسي") -> الجدول الأساسي
A14: 2026-02-13 الجمعة | B14: ="" & "■■ " & 'الجدول'!B1 & " ■■" & CHAR(10) & "• " & 'الجدول'!B87 & CHAR(10) & "• " & 'الجدول'!B88 & CHAR(10) & "• " & 'الجدول'!B89 & CHAR(10) & "• " & 'الجدول'!B90 & CHAR(10) & "• " & 'الجدول'!B91 & CHAR(10) & CHAR(10) & "■■ " & 'الجدول'!C1 & " ■■" & CHAR(10) & "• " & 'الجدول'!C87 & CHAR(10) & "• " & 'الجدول'!C88 & CHAR(10) & "• " & 'الجدول'!C89 & CHAR(10) & "• " & 'الجدول'!C90 & CHAR(10) & "• " & 'الجدول'!C91 & CHAR(10) & CHAR(10) & "■■ " & 'الجدول'!D1 & " ■■" & CHAR(10) & "• " & 'الجدول'!D87 & CHAR(10) & "• " & 'الجدول'!D88 & CHAR(10) & "• " & 'الجدول'!D89 & CHAR(10) & "• " & 'الجدول'!D90 & CHAR(10) & "• " & 'الجدول'!D91 & CHAR(10) & CHAR(10) & "■■ " & 'الجدول'!E1 & " ■■" & CHAR(10) & "• " & 'الجدول'!E87 & CHAR(10) & "• " & 'الجدول'!E88 & CHAR(10) & "• " & 'الجدول'!E89 & CHAR(10) & "• " & 'الجدول'!E90 & CHAR(10) & "• " & 'الجدول'!E91 & CHAR(10) & CHAR(10) & "■■ " & 'الجدول'!F1 & " ■■" & CHAR(10) & "• " & 'الجدول'!F87 & CHAR(10) & "• " & 'الجدول'!F88 & CHAR(10) & "• " & 'الجدول'!F89 & CHAR(10) & "• " & 'الجدول'!F90 & CHAR(10) & "• " & 'الجدول'!F91 & CHAR(10) & CHAR(10) & "■■ " & 'الجدول'!G1 & " ■■" & CHAR(10) & "• " & 'الجدول'!G87 & CHAR(10) & "• " & 'الجدول'!G88 & CHAR(10) & "• " & 'الجدول'!G89 & CHAR(10) & "• " & 'الجدول'!G90 & CHAR(10) & "• " & 'الجدول'!G91 & CHAR(10) & CHAR(10) & "■■ " & 'الجدول'!H1 & " ■■" & CHAR(10) & "• " & 'الجدول'!H87 & CHAR(10) & "• " & 'الجدول'!H88 & CHAR(10) & "• " & 'الجدول'!H89 & CHAR(10) & "• " & 'الجدول'!H90 & CHAR(10) & "• " & 'الجدول'!H91 & CHAR(10) & CHAR(10) & "■■ " & 'الجدول'!I1 & " ■■" & CHAR(10) & "• " & 'الجدول'!I87 & CHAR(10) & "• " & 'الجدول'!I88 & CHAR(10) & "• " & 'الجدول'!I89 & CHAR(10) & "• " & 'الجدول'!I90 & CHAR(10) & "• " & 'الجدول'!I91 & CHAR(10) & CHAR(10) & "■■ " & 'الجدول'!J1 & " ■■" & CHAR(10) & "• " & 'الجدول'!J87 & CHAR(10) & "• " & 'الجدول'!J88 & CHAR(10) & "• " & 'الجدول'!J89 & CHAR(10) & "• " & 'الجدول'!J90 & CHAR(10) & "• " & 'الجدول'!J91 & CHAR(10) & CHAR(10) & "■■ " & 'الجدول'!K1 & " ■■" & CHAR(10) & "• " & 'الجدول'!K87 & CHAR(10) & "• " & 'الجدول'!K88 & CHAR(10) & "• " & 'الجدول'!K89 & CHAR(10) & "• " & 'الجدول'!K90 & CHAR(10) & "• " & 'الجدول'!K91 & CHAR(10) & CHAR(10) & "■■ " & 'الجدول'!L1 & " ■■" & CHAR(10) & "• " & 'الجدول'!L87 & CHAR(10) & "• " & 'الجدول'!L88 & CHAR(10) & "• " & 'الجدول'!L89 & CHAR(10) & "• " & 'الجدول'!L90 & CHAR(10) & "• " & 'الجدول'!L91 & CHAR(10) & CHAR(10) & "■■ " & 'الجدول'!M1 & " ■■" & CHAR(10) & "• " & 'الجدول'!M87 & CHAR(10) & "• " & 'الجدول'!M88 & CHAR(10) & "• " & 'الجدول'!M89 & CHAR(10) & "• " & 'الجدول'!M90 & CHAR(10) & "• " & 'الجدول'!M91 & CHAR(10) & CHAR(10) & "■■ " & 'الجدول'!N1 & " ■■" & CHAR(10) & "• " & 'الجدول'!N87 & CHAR(10) & "• " & 'الجدول'!N88 & CHAR(10) & "• " & 'الجدول'!N89 & CHAR(10) & "• " & 'الجدول'!N90 & CHAR(10) & "• " & 'الجدول'!N91 & CHAR(10) & CHAR(10) & "■■ " & 'الجدول'!O1 & " ■■" & CHAR(10) & "• " & 'الجدول'!O87 & CHAR(10) & "• " & 'الجدول'!O88 & CHAR(10) & "• " & 'الجدول'!O89 & CHAR(10) & "• " & 'الجدول'!O90 & CHAR(10) & "• " & 'الجدول'!O91 & CHAR(10) & CHAR(10) -> ■■ ER ADMISSION-NIGHT-🚨🌙 ■■ • ---------- • ---------- • ---------- • ---------- • ---------- ■■ ER ADMISSIONS -DAY-🚨☀️ ■■ • ---------- • ---------- • ---------- • ---------- • ---------- ■■ ER-clinic Day ☀️🚨 ■■ • ---------- • ---------- • ---------- • ---------- • ---------- ■■ ER GENERAL-DAY-🚨☀️ ■■ • ---------- • ---------- • ---------- • ---------- • ---------- ■■ ER GENERAL-NIGHT-🚨🌙 ■■ • ---------- • ---------- • ---------- • ---------- • ---------- ■■ ER PT-DAY-🚨☀️ ■■ • ---------- • ---------- • ---------- • ---------- • ---------- ■■ ER PT-NIGHT-🚨🌙 ■■ • ---------- • ---------- • ---------- • ---------- • ---------- ■■ ER TRIAGE-DAY-🚨☀️ ■■ • ---------- • ---------- • ---------- • ---------- • ---------- ■■ ER TRIAGE-NIGHT-🚨🌙 ■■ • ---------- • ---------- • ---------- • ---------- • ---------- ■■ ER WARD-DAY-🚨☀️ ■■ • ---------- • ---------- • ---------- • ---------- • ---------- ■■ ER WARD-NIGHT-🚨🌙 ■■ • ---------- • ---------- • ---------- • ---------- • ---------- ■■ 🗡️LISTA ■■ • ---------- • ---------- • ---------- • ---------- • ---------- ■■ WARD-DAY-☀️ ■■ • الاء الحداد (01033882560) • Mostafa Ismail (01022400525) • رنيم حاتم رفيق بسيسو (01144758373) • عمرو وائل سرور (01023140340) • محمود محمد عبدالرحمن (01023283048) ■■ WARD-NIGHT-🌙 ■■ • محمد الجمل (01091463337) • عبدالله احمد (01020242571) • عمرو عبدالغفار حمزة (01014246636) • حنان النبوى محمد (01067888751) • ---------- | C14: =HYPERLINK("#الجدول!A" & 86, "الجدول الأساسي") -> الجدول الأساسي
A15: 2026-02-14 السبت | B15: ="" & "■■ " & 'الجدول'!B1 & " ■■" & CHAR(10) & "• " & 'الجدول'!B92 & CHAR(10) & "• " & 'الجدول'!B93 & CHAR(10) & "• " & 'الجدول'!B94 & CHAR(10) & "• " & 'الجدول'!B95 & CHAR(10) & "• " & 'الجدول'!B96 & CHAR(10) & CHAR(10) & "■■ " & 'الجدول'!C1 & " ■■" & CHAR(10) & "• " & 'الجدول'!C92 & CHAR(10) & "• " & 'الجدول'!C93 & CHAR(10) & "• " & 'الجدول'!C94 & CHAR(10) & "• " & 'الجدول'!C95 & CHAR(10) & "• " & 'الجدول'!C96 & CHAR(10) & CHAR(10) & "■■ " & 'الجدول'!D1 & " ■■" & CHAR(10) & "• " & 'الجدول'!D92 & CHAR(10) & "• " & 'الجدول'!D93 & CHAR(10) & "• " & 'الجدول'!D94 & CHAR(10) & "• " & 'الجدول'!D95 & CHAR(10) & "• " & 'الجدول'!D96 & CHAR(10) & CHAR(10) & "■■ " & 'الجدول'!E1 & " ■■" & CHAR(10) & "• " & 'الجدول'!E92 & CHAR(10) & "• " & 'الجدول'!E93 & CHAR(10) & "• " & 'الجدول'!E94 & CHAR(10) & "• " & 'الجدول'!E95 & CHAR(10) & "• " & 'الجدول'!E96 & CHAR(10) & CHAR(10) & "■■ " & 'الجدول'!F1 & " ■■" & CHAR(10) & "• " & 'الجدول'!F92 & CHAR(10) & "• " & 'الجدول'!F93 & CHAR(10) & "• " & 'الجدول'!F94 & CHAR(10) & "• " & 'الجدول'!F95 & CHAR(10) & "• " & 'الجدول'!F96 & CHAR(10) & CHAR(10) & "■■ " & 'الجدول'!G1 & " ■■" & CHAR(10) & "• " & 'الجدول'!G92 & CHAR(10) & "• " & 'الجدول'!G93 & CHAR(10) & "• " & 'الجدول'!G94 & CHAR(10) & "• " & 'الجدول'!G95 & CHAR(10) & "• " & 'الجدول'!G96 & CHAR(10) & CHAR(10) & "■■ " & 'الجدول'!H1 & " ■■" & CHAR(10) & "• " & 'الجدول'!H92 & CHAR(10) & "• " & 'الجدول'!H93 & CHAR(10) & "• " & 'الجدول'!H94 & CHAR(10) & "• " & 'الجدول'!H95 & CHAR(10) & "• " & 'الجدول'!H96 & CHAR(10) & CHAR(10) & "■■ " & 'الجدول'!I1 & " ■■" & CHAR(10) & "• " & 'الجدول'!I92 & CHAR(10) & "• " & 'الجدول'!I93 & CHAR(10) & "• " & 'الجدول'!I94 & CHAR(10) & "• " & 'الجدول'!I95 & CHAR(10) & "• " & 'الجدول'!I96 & CHAR(10) & CHAR(10) & "■■ " & 'الجدول'!J1 & " ■■" & CHAR(10) & "• " & 'الجدول'!J92 & CHAR(10) & "• " & 'الجدول'!J93 & CHAR(10) & "• " & 'الجدول'!J94 & CHAR(10) & "• " & 'الجدول'!J95 & CHAR(10) & "• " & 'الجدول'!J96 & CHAR(10) & CHAR(10) & "■■ " & 'الجدول'!K1 & " ■■" & CHAR(10) & "• " & 'الجدول'!K92 & CHAR(10) & "• " & 'الجدول'!K93 & CHAR(10) & "• " & 'الجدول'!K94 & CHAR(10) & "• " & 'الجدول'!K95 & CHAR(10) & "• " & 'الجدول'!K96 & CHAR(10) & CHAR(10) & "■■ " & 'الجدول'!L1 & " ■■" & CHAR(10) & "• " & 'الجدول'!L92 & CHAR(10) & "• " & 'الجدول'!L93 & CHAR(10) & "• " & 'الجدول'!L94 & CHAR(10) & "• " & 'الجدول'!L95 & CHAR(10) & "• " & 'الجدول'!L96 & CHAR(10) & CHAR(10) & "■■ " & 'الجدول'!M1 & " ■■" & CHAR(10) & "• " & 'الجدول'!M92 & CHAR(10) & "• " & 'الجدول'!M93 & CHAR(10) & "• " & 'الجدول'!M94 & CHAR(10) & "• " & 'الجدول'!M95 & CHAR(10) & "• " & 'الجدول'!M96 & CHAR(10) & CHAR(10) & "■■ " & 'الجدول'!N1 & " ■■" & CHAR(10) & "• " & 'الجدول'!N92 & CHAR(10) & "• " & 'الجدول'!N93 & CHAR(10) & "• " & 'الجدول'!N94 & CHAR(10) & "• " & 'الجدول'!N95 & CHAR(10) & "• " & 'الجدول'!N96 & CHAR(10) & CHAR(10) & "■■ " & 'الجدول'!O1 & " ■■" & CHAR(10) & "• " & 'الجدول'!O92 & CHAR(10) & "• " & 'الجدول'!O93 & CHAR(10) & "• " & 'الجدول'!O94 & CHAR(10) & "• " & 'الجدول'!O95 & CHAR(10) & "• " & 'الجدول'!O96 & CHAR(10) & CHAR(10) -> ■■ ER ADMISSION-NIGHT-🚨🌙 ■■ • ---------- • ---------- • ---------- • ---------- • ---------- ■■ ER ADMISSIONS -DAY-🚨☀️ ■■ • ---------- • ---------- • ---------- • ---------- • ---------- ■■ ER-clinic Day ☀️🚨 ■■ • ---------- • ---------- • ---------- • ---------- • ---------- ■■ ER GENERAL-DAY-🚨☀️ ■■ • ---------- • ---------- • ---------- • ---------- • ---------- ■■ ER GENERAL-NIGHT-🚨🌙 ■■ • ---------- • ---------- • ---------- • ---------- • ---------- ■■ ER PT-DAY-🚨☀️ ■■ • ---------- • ---------- • ---------- • ---------- • ---------- ■■ ER PT-NIGHT-🚨🌙 ■■ • ---------- • ---------- • ---------- • ---------- • ---------- ■■ ER TRIAGE-DAY-🚨☀️ ■■ • ---------- • ---------- • ---------- • ---------- • ---------- ■■ ER TRIAGE-NIGHT-🚨🌙 ■■ • ---------- • ---------- • ---------- • ---------- • ---------- ■■ ER WARD-DAY-🚨☀️ ■■ • ---------- • ---------- • ---------- • ---------- • ---------- ■■ ER WARD-NIGHT-🚨🌙 ■■ • ---------- • ---------- • ---------- • ---------- • ---------- ■■ 🗡️LISTA ■■ • Mostafa Ismail (01022400525) • حنان النبوى محمد (01067888751) • محمد محمود ابراهيم (01112057358) • ---------- • ---------- ■■ WARD-DAY-☀️ ■■ • هديل نادي محند (01033032220) • منار عواد عبدالعال عواد (01001915861) • بلال جودة (01066199644) • رؤى أحمد عبدالحميد البليهي (01021284862) • Rawan Elessawy (01010983040) ■■ WARD-NIGHT-🌙 ■■ • احمد عزت الشيخ (01226872660) • عمرو وائل سرور (01023140340) • تقى عماد حسني (01119716276) • ---------- • ---------- | C15: =HYPERLINK("#الجدول!A" & 91, "الجدول الأساسي") -> الجدول الأساسي
A16: 2026-02-15 الأحد | B16: ="" & "■■ " & 'الجدول'!B1 & " ■■" & CHAR(10) & "• " & 'الجدول'!B97 & CHAR(10) & "• " & 'الجدول'!B98 & CHAR(10) & "• " & 'الجدول'!B99 & CHAR(10) & "• " & 'الجدول'!B100 & CHAR(10) & "• " & 'الجدول'!B101 & CHAR(10) & "• " & 'الجدول'!B102 & CHAR(10) & "• " & 'الجدول'!B103 & CHAR(10) & "• " & 'الجدول'!B104 & CHAR(10) & "• " & 'الجدول'!B105 & CHAR(10) & CHAR(10) & "■■ " & 'الجدول'!C1 & " ■■" & CHAR(10) & "• " & 'الجدول'!C97 & CHAR(10) & "• " & 'الجدول'!C98 & CHAR(10) & "• " & 'الجدول'!C99 & CHAR(10) & "• " & 'الجدول'!C100 & CHAR(10) & "• " & 'الجدول'!C101 & CHAR(10) & "• " & 'الجدول'!C102 & CHAR(10) & "• " & 'الجدول'!C103 & CHAR(10) & "• " & 'الجدول'!C104 & CHAR(10) & "• " & 'الجدول'!C105 & CHAR(10) & CHAR(10) & "■■ " & 'الجدول'!D1 & " ■■" & CHAR(10) & "• " & 'الجدول'!D97 & CHAR(10) & "• " & 'الجدول'!D98 & CHAR(10) & "• " & 'الجدول'!D99 & CHAR(10) & "• " & 'الجدول'!D100 & CHAR(10) & "• " & 'الجدول'!D101 & CHAR(10) & "• " & 'الجدول'!D102 & CHAR(10) & "• " & 'الجدول'!D103 & CHAR(10) & "• " & 'الجدول'!D104 & CHAR(10) & "• " & 'الجدول'!D105 & CHAR(10) & CHAR(10) & "■■ " & 'الجدول'!E1 & " ■■" & CHAR(10) & "• " & 'الجدول'!E97 & CHAR(10) & "• " & 'الجدول'!E98 & CHAR(10) & "• " & 'الجدول'!E99 & CHAR(10) & "• " & 'الجدول'!E100 & CHAR(10) & "• " & 'الجدول'!E101 & CHAR(10) & "• " & 'الجدول'!E102 & CHAR(10) & "• " & 'الجدول'!E103 & CHAR(10) & "• " & 'الجدول'!E104 & CHAR(10) & "• " & 'الجدول'!E105 & CHAR(10) & CHAR(10) & "■■ " & 'الجدول'!F1 & " ■■" & CHAR(10) & "• " & 'الجدول'!F97 & CHAR(10) & "• " & 'الجدول'!F98 & CHAR(10) & "• " & 'الجدول'!F99 & CHAR(10) & "• " & 'الجدول'!F100 & CHAR(10) & "• " & 'الجدول'!F101 & CHAR(10) & "• " & 'الجدول'!F102 & CHAR(10) & "• " & 'الجدول'!F103 & CHAR(10) & "• " & 'الجدول'!F104 & CHAR(10) & "• " & 'الجدول'!F105 & CHAR(10) & CHAR(10) & "■■ " & 'الجدول'!G1 & " ■■" & CHAR(10) & "• " & 'الجدول'!G97 & CHAR(10) & "• " & 'الجدول'!G98 & CHAR(10) & "• " & 'الجدول'!G99 & CHAR(10) & "• " & 'الجدول'!G100 & CHAR(10) & "• " & 'الجدول'!G101 & CHAR(10) & "• " & 'الجدول'!G102 & CHAR(10) & "• " & 'الجدول'!G103 & CHAR(10) & "• " & 'الجدول'!G104 & CHAR(10) & "• " & 'الجدول'!G105 & CHAR(10) & CHAR(10) & "■■ " & 'الجدول'!H1 & " ■■" & CHAR(10) & "• " & 'الجدول'!H97 & CHAR(10) & "• " & 'الجدول'!H98 & CHAR(10) & "• " & 'الجدول'!H99 & CHAR(10) & "• " & 'الجدول'!H100 & CHAR(10) & "• " & 'الجدول'!H101 & CHAR(10) & "• " & 'الجدول'!H102 & CHAR(10) & "• " & 'الجدول'!H103 & CHAR(10) & "• " & 'الجدول'!H104 & CHAR(10) & "• " & 'الجدول'!H105 & CHAR(10) & CHAR(10) & "■■ " & 'الجدول'!I1 & " ■■" & CHAR(10) & "• " & 'الجدول'!I97 & CHAR(10) & "• " & 'الجدول'!I98 & CHAR(10) & "• " & 'الجدول'!I99 & CHAR(10) & "• " & 'الجدول'!I100 & CHAR(10) & "• " & 'الجدول'!I101 & CHAR(10) & "• " & 'الجدول'!I102 & CHAR(10) & "• " & 'الجدول'!I103 & CHAR(10) & "• " & 'الجدول'!I104 & CHAR(10) & "• " & 'الجدول'!I105 & CHAR(10) & CHAR(10) & "■■ " & 'الجدول'!J1 & " ■■" & CHAR(10) & "• " & 'الجدول'!J97 & CHAR(10) & "• " & 'الجدول'!J98 & CHAR(10) & "• " & 'الجدول'!J99 & CHAR(10) & "• " & 'الجدول'!J100 & CHAR(10) & "• " & 'الجدول'!J101 & CHAR(10) & "• " & 'الجدول'!J102 & CHAR(10) & "• " & 'الجدول'!J103 & CHAR(10) & "• " & 'الجدول'!J104 & CHAR(10) & "• " & 'الجدول'!J105 & CHAR(10) & CHAR(10) & "■■ " & 'الجدول'!K1 & " ■■" & CHAR(10) & "• " & 'الجدول'!K97 & CHAR(10) & "• " & 'الجدول'!K98 & CHAR(10) & "• " & 'الجدول'!K99 & CHAR(10) & "• " & 'الجدول'!K100 & CHAR(10) & "• " & 'الجدول'!K101 & CHAR(10) & "• " & 'الجدول'!K102 & CHAR(10) & "• " & 'الجدول'!K103 & CHAR(10) & "• " & 'الجدول'!K104 & CHAR(10) & "• " & 'الجدول'!K105 & CHAR(10) & CHAR(10) & "■■ " & 'الجدول'!L1 & " ■■" & CHAR(10) & "• " & 'الجدول'!L97 & CHAR(10) & "• " & 'الجدول'!L98 & CHAR(10) & "• " & 'الجدول'!L99 & CHAR(10) & "• " & 'الجدول'!L100 & CHAR(10) & "• " & 'الجدول'!L101 & CHAR(10) & "• " & 'الجدول'!L102 & CHAR(10) & "• " & 'الجدول'!L103 & CHAR(10) & "• " & 'الجدول'!L104 & CHAR(10) & "• " & 'الجدول'!L105 & CHAR(10) & CHAR(10) & "■■ " & 'الجدول'!M1 & " ■■" & CHAR(10) & "• " & 'الجدول'!M97 & CHAR(10) & "• " & 'الجدول'!M98 & CHAR(10) & "• " & 'الجدول'!M99 & CHAR(10) & "• " & 'الجدول'!M100 & CHAR(10) & "• " & 'الجدول'!M101 & CHAR(10) & "• " & 'الجدول'!M102 & CHAR(10) & "• " & 'الجدول'!M103 & CHAR(10) & "• " & 'الجدول'!M104 & CHAR(10) & "• " & 'الجدول'!M105 & CHAR(10) & CHAR(10) & "■■ " & 'الجدول'!N1 & " ■■" & CHAR(10) & "• " & 'الجدول'!N97 & CHAR(10) & "• " & 'الجدول'!N98 & CHAR(10) & "• " & 'الجدول'!N99 & CHAR(10) & "• " & 'الجدول'!N100 & CHAR(10) & "• " & 'الجدول'!N101 & CHAR(10) & "• " & 'الجدول'!N102 & CHAR(10) & "• " & 'الجدول'!N103 & CHAR(10) & "• " & 'الجدول'!N104 & CHAR(10) & "• " & 'الجدول'!N105 & CHAR(10) & CHAR(10) & "■■ " & 'الجدول'!O1 & " ■■" & CHAR(10) & "• " & 'الجدول'!O97 & CHAR(10) & "• " & 'الجدول'!O98 & CHAR(10) & "• " & 'الجدول'!O99 & CHAR(10) & "• " & 'الجدول'!O100 & CHAR(10) & "• " & 'الجدول'!O101 & CHAR(10) & "• " & 'الجدول'!O102 & CHAR(10) & "• " & 'الجدول'!O103 & CHAR(10) & "• " & 'الجدول'!O104 & CHAR(10) & "• " & 'الجدول'!O105 & CHAR(10) & CHAR(10) -> ■■ ER ADMISSION-NIGHT-🚨🌙 ■■ • مريم السيد أحمد خيرالله (01099882992) • ---------- • ---------- • ---------- • ---------- • ---------- • ---------- • ---------- • ---------- ■■ ER ADMISSIONS -DAY-🚨☀️ ■■ • مها حسين السيد (01012349071) • ---------- • ---------- • ---------- • ---------- • ---------- • ---------- • ---------- • ---------- ■■ ER-clinic Day ☀️🚨 ■■ • دانه طارق (01012809042) • ---------- • ---------- • ---------- • ---------- • ---------- • ---------- • ---------- • ---------- ■■ ER GENERAL-DAY-🚨☀️ ■■ • أحمد رجب محمد (01273127265) • بلال أحمد (01066883767) • احمد حسام الدين صلاح (01065567736) • رؤى أحمد عبدالحميد البليهي (01021284862) • مصطفى محمد علي محمد بدر (01150245681) • Mostafa Ismail (01022400525) • هديل نادي محند (01033032220) • استيفن مدحت منير (01200226122) • محمود محمد عبدالرحمن (01023283048) ■■ ER GENERAL-NIGHT-🚨🌙 ■■ • حنان النبوى محمد (01067888751) • شدو محمد شلتوت (1550336384) • احمد ايهاب محمد عواد (01032298339) • تقى عماد حسني (01119716276) • كارين باسم صومائيل (01274209975) • محمد محمود ابراهيم (01112057358) • الاء الحداد (01033882560) • احمد ناصر (01553479200) • ---------- ■■ ER PT-DAY-🚨☀️ ■■ • منار احمد سعيد (01092708033) • Youssef elsemary (01126286820) • مي خالد ابوزيد (01023578224) • روان ياسر سليم (01005005160) • مينا رومانى عبده (01212866642) • هديل هشام منصور الوشاحي (01227221344) • عمرو عبدالغفار حمزة (01014246636) • Sara Refaat (01220039613) • ---------- ■■ ER PT-NIGHT-🚨🌙 ■■ • مي طارق نهاد (01287477488) • Marwan Ayman (01149894940) • Ziad said mohamed (01028577876) • منه الله هشام السيد (01002996214) • ريهام سعد عبدالرحمن (01124867574) • يوسف طه السيد (01207620695) • زينة أشرف حسين (01067196820) • شهاب احمد حلمي (01055979002) • Rawan Elessawy (01010983040) ■■ ER TRIAGE-DAY-🚨☀️ ■■ • عمر محمد سيد (01000688544) • ---------- • ---------- • ---------- • ---------- • ---------- • ---------- • ---------- • ---------- ■■ ER TRIAGE-NIGHT-🚨🌙 ■■ • بلال جودة (01066199644) • ---------- • ---------- • ---------- • ---------- • ---------- • ---------- • ---------- • ---------- ■■ ER WARD-DAY-🚨☀️ ■■ • أعناب طارق عوض (01146334179) • منار عواد عبدالعال عواد (01001915861) • محمود عبد المحسن إبراهيم (01062086612) • منة السيد عبد الباقي (01274588193) • رنيم حاتم رفيق بسيسو (01144758373) • محمد خالد محمد (01008204601) • ---------- • ---------- • ---------- ■■ ER WARD-NIGHT-🚨🌙 ■■ • محمد الجمل (01091463337) • عبدالله احمد (01020242571) • احمد عزت الشيخ (01226872660) • نورهان محمد (0112 826 8287) • يوسف عاطف رزق الله (01148183647) • سندس أحمد سيد (01156131096) • ---------- • ---------- • ---------- ■■ 🗡️LISTA ■■ • ---------- • ---------- • ---------- • ---------- • ---------- • ---------- • ---------- • ---------- • ---------- ■■ WARD-DAY-☀️ ■■ • ---------- • ---------- • ---------- • ---------- • ---------- • ---------- • ---------- • ---------- • ---------- ■■ WARD-NIGHT-🌙 ■■ • ---------- • ---------- • ---------- • ---------- • ---------- • ---------- • ---------- • ---------- • ---------- | C16: =HYPERLINK("#الجدول!A" & 96, "الجدول الأساسي") -> الجدول الأساسي
A17: 2026-02-16 الاثنين | B17: ="" & "■■ " & 'الجدول'!B1 & " ■■" & CHAR(10) & "• " & 'الجدول'!B106 & CHAR(10) & "• " & 'الجدول'!B107 & CHAR(10) & "• " & 'الجدول'!B108 & CHAR(10) & "• " & 'الجدول'!B109 & CHAR(10) & "• " & 'الجدول'!B110 & CHAR(10) & "• " & 'الجدول'!B111 & CHAR(10) & "• " & 'الجدول'!B112 & CHAR(10) & "• " & 'الجدول'!B113 & CHAR(10) & CHAR(10) & "■■ " & 'الجدول'!C1 & " ■■" & CHAR(10) & "• " & 'الجدول'!C106 & CHAR(10) & "• " & 'الجدول'!C107 & CHAR(10) & "• " & 'الجدول'!C108 & CHAR(10) & "• " & 'الجدول'!C109 & CHAR(10) & "• " & 'الجدول'!C110 & CHAR(10) & "• " & 'الجدول'!C111 & CHAR(10) & "• " & 'الجدول'!C112 & CHAR(10) & "• " & 'الجدول'!C113 & CHAR(10) & CHAR(10) & "■■ " & 'الجدول'!D1 & " ■■" & CHAR(10) & "• " & 'الجدول'!D106 & CHAR(10) & "• " & 'الجدول'!D107 & CHAR(10) & "• " & 'الجدول'!D108 & CHAR(10) & "• " & 'الجدول'!D109 & CHAR(10) & "• " & 'الجدول'!D110 & CHAR(10) & "• " & 'الجدول'!D111 & CHAR(10) & "• " & 'الجدول'!D112 & CHAR(10) & "• " & 'الجدول'!D113 & CHAR(10) & CHAR(10) & "■■ " & 'الجدول'!E1 & " ■■" & CHAR(10) & "• " & 'الجدول'!E106 & CHAR(10) & "• " & 'الجدول'!E107 & CHAR(10) & "• " & 'الجدول'!E108 & CHAR(10) & "• " & 'الجدول'!E109 & CHAR(10) & "• " & 'الجدول'!E110 & CHAR(10) & "• " & 'الجدول'!E111 & CHAR(10) & "• " & 'الجدول'!E112 & CHAR(10) & "• " & 'الجدول'!E113 & CHAR(10) & CHAR(10) & "■■ " & 'الجدول'!F1 & " ■■" & CHAR(10) & "• " & 'الجدول'!F106 & CHAR(10) & "• " & 'الجدول'!F107 & CHAR(10) & "• " & 'الجدول'!F108 & CHAR(10) & "• " & 'الجدول'!F109 & CHAR(10) & "• " & 'الجدول'!F110 & CHAR(10) & "• " & 'الجدول'!F111 & CHAR(10) & "• " & 'الجدول'!F112 & CHAR(10) & "• " & 'الجدول'!F113 & CHAR(10) & CHAR(10) & "■■ " & 'الجدول'!G1 & " ■■" & CHAR(10) & "• " & 'الجدول'!G106 & CHAR(10) & "• " & 'الجدول'!G107 & CHAR(10) & "• " & 'الجدول'!G108 & CHAR(10) & "• " & 'الجدول'!G109 & CHAR(10) & "• " & 'الجدول'!G110 & CHAR(10) & "• " & 'الجدول'!G111 & CHAR(10) & "• " & 'الجدول'!G112 & CHAR(10) & "• " & 'الجدول'!G113 & CHAR(10) & CHAR(10) & "■■ " & 'الجدول'!H1 & " ■■" & CHAR(10) & "• " & 'الجدول'!H106 & CHAR(10) & "• " & 'الجدول'!H107 & CHAR(10) & "• " & 'الجدول'!H108 & CHAR(10) & "• " & 'الجدول'!H109 & CHAR(10) & "• " & 'الجدول'!H110 & CHAR(10) & "• " & 'الجدول'!H111 & CHAR(10) & "• " & 'الجدول'!H112 & CHAR(10) & "• " & 'الجدول'!H113 & CHAR(10) & CHAR(10) & "■■ " & 'الجدول'!I1 & " ■■" & CHAR(10) & "• " & 'الجدول'!I106 & CHAR(10) & "• " & 'الجدول'!I107 & CHAR(10) & "• " & 'الجدول'!I108 & CHAR(10) & "• " & 'الجدول'!I109 & CHAR(10) & "• " & 'الجدول'!I110 & CHAR(10) & "• " & 'الجدول'!I111 & CHAR(10) & "• " & 'الجدول'!I112 & CHAR(10) & "• " & 'الجدول'!I113 & CHAR(10) & CHAR(10) & "■■ " & 'الجدول'!J1 & " ■■" & CHAR(10) & "• " & 'الجدول'!J106 & CHAR(10) & "• " & 'الجدول'!J107 & CHAR(10) & "• " & 'الجدول'!J108 & CHAR(10) & "• " & 'الجدول'!J109 & CHAR(10) & "• " & 'الجدول'!J110 & CHAR(10) & "• " & 'الجدول'!J111 & CHAR(10) & "• " & 'الجدول'!J112 & CHAR(10) & "• " & 'الجدول'!J113 & CHAR(10) & CHAR(10) & "■■ " & 'الجدول'!K1 & " ■■" & CHAR(10) & "• " & 'الجدول'!K106 & CHAR(10) & "• " & 'الجدول'!K107 & CHAR(10) & "• " & 'الجدول'!K108 & CHAR(10) & "• " & 'الجدول'!K109 & CHAR(10) & "• " & 'الجدول'!K110 & CHAR(10) & "• " & 'الجدول'!K111 & CHAR(10) & "• " & 'الجدول'!K112 & CHAR(10) & "• " & 'الجدول'!K113 & CHAR(10) & CHAR(10) & "■■ " & 'الجدول'!L1 & " ■■" & CHAR(10) & "• " & 'الجدول'!L106 & CHAR(10) & "• " & 'الجدول'!L107 & CHAR(10) & "• " & 'الجدول'!L108 & CHAR(10) & "• " & 'الجدول'!L109 & CHAR(10) & "• " & 'الجدول'!L110 & CHAR(10) & "• " & 'الجدول'!L111 & CHAR(10) & "• " & 'الجدول'!L112 & CHAR(10) & "• " & 'الجدول'!L113 & CHAR(10) & CHAR(10) & "■■ " & 'الجدول'!M1 & " ■■" & CHAR(10) & "• " & 'الجدول'!M106 & CHAR(10) & "• " & 'الجدول'!M107 & CHAR(10) & "• " & 'الجدول'!M108 & CHAR(10) & "• " & 'الجدول'!M109 & CHAR(10) & "• " & 'الجدول'!M110 & CHAR(10) & "• " & 'الجدول'!M111 & CHAR(10) & "• " & 'الجدول'!M112 & CHAR(10) & "• " & 'الجدول'!M113 & CHAR(10) & CHAR(10) & "■■ " & 'الجدول'!N1 & " ■■" & CHAR(10) & "• " & 'الجدول'!N106 & CHAR(10) & "• " & 'الجدول'!N107 & CHAR(10) & "• " & 'الجدول'!N108 & CHAR(10) & "• " & 'الجدول'!N109 & CHAR(10) & "• " & 'الجدول'!N110 & CHAR(10) & "• " & 'الجدول'!N111 & CHAR(10) & "• " & 'الجدول'!N112 & CHAR(10) & "• " & 'الجدول'!N113 & CHAR(10) & CHAR(10) & "■■ " & 'الجدول'!O1 & " ■■" & CHAR(10) & "• " & 'الجدول'!O106 & CHAR(10) & "• " & 'الجدول'!O107 & CHAR(10) & "• " & 'الجدول'!O108 & CHAR(10) & "• " & 'الجدول'!O109 & CHAR(10) & "• " & 'الجدول'!O110 & CHAR(10) & "• " & 'الجدول'!O111 & CHAR(10) & "• " & 'الجدول'!O112 & CHAR(10) & "• " & 'الجدول'!O113 & CHAR(10) & CHAR(10) -> ■■ ER ADMISSION-NIGHT-🚨🌙 ■■ • ---------- • ---------- • ---------- • ---------- • ---------- • ---------- • ---------- • ---------- ■■ ER ADMISSIONS -DAY-🚨☀️ ■■ • ---------- • ---------- • ---------- • ---------- • ---------- • ---------- • ---------- • ---------- ■■ ER-clinic Day ☀️🚨 ■■ • ---------- • ---------- • ---------- • ---------- • ---------- • ---------- • ---------- • ---------- ■■ ER GENERAL-DAY-🚨☀️ ■■ • ---------- • ---------- • ---------- • ---------- • ---------- • ---------- • ---------- • ---------- ■■ ER GENERAL-NIGHT-🚨🌙 ■■ • ---------- • ---------- • ---------- • ---------- • ---------- • ---------- • ---------- • ---------- ■■ ER PT-DAY-🚨☀️ ■■ • ---------- • ---------- • ---------- • ---------- • ---------- • ---------- • ---------- • ---------- ■■ ER PT-NIGHT-🚨🌙 ■■ • ---------- • ---------- • ---------- • ---------- • ---------- • ---------- • ---------- • ---------- ■■ ER TRIAGE-DAY-🚨☀️ ■■ • ---------- • ---------- • ---------- • ---------- • ---------- • ---------- • ---------- • ---------- ■■ ER TRIAGE-NIGHT-🚨🌙 ■■ • ---------- • ---------- • ---------- • ---------- • ---------- • ---------- • ---------- • ---------- ■■ ER WARD-DAY-🚨☀️ ■■ • ---------- • ---------- • ---------- • ---------- • ---------- • ---------- • ---------- • ---------- ■■ ER WARD-NIGHT-🚨🌙 ■■ • ---------- • ---------- • ---------- • ---------- • ---------- • ---------- • ---------- • ---------- ■■ 🗡️LISTA ■■ • ---------- • ---------- • ---------- • ---------- • ---------- • ---------- • ---------- • ---------- ■■ WARD-DAY-☀️ ■■ • Youssef elsemary (01126286820) • منار عواد عبدالعال عواد (01001915861) • أحمد رجب محمد (01273127265) • رؤى أحمد عبدالحميد البليهي (01021284862) • محمد خالد محمد (01008204601) • شيماء رمضان سعد (01021468731) • بلال أحمد (01066883767) • منار احمد سعيد (01092708033) ■■ WARD-NIGHT-🌙 ■■ • حنان النبوى محمد (01067888751) • هديل هشام منصور الوشاحي (01227221344) • مريم السيد أحمد خيرالله (01099882992) • الاء الحداد (01033882560) • شدو محمد شلتوت (1550336384) • ---------- • ---------- • ---------- | C17: =HYPERLINK("#الجدول!A" & 105, "الجدول الأساسي") -> الجدول الأساسي
A18: 2026-02-17 الثلاثاء | B18: ="" & "■■ " & 'الجدول'!B1 & " ■■" & CHAR(10) & "• " & 'الجدول'!B114 & CHAR(10) & "• " & 'الجدول'!B115 & CHAR(10) & "• " & 'الجدول'!B116 & CHAR(10) & "• " & 'الجدول'!B117 & CHAR(10) & "• " & 'الجدول'!B118 & CHAR(10) & "• " & 'الجدول'!B119 & CHAR(10) & CHAR(10) & "■■ " & 'الجدول'!C1 & " ■■" & CHAR(10) & "• " & 'الجدول'!C114 & CHAR(10) & "• " & 'الجدول'!C115 & CHAR(10) & "• " & 'الجدول'!C116 & CHAR(10) & "• " & 'الجدول'!C117 & CHAR(10) & "• " & 'الجدول'!C118 & CHAR(10) & "• " & 'الجدول'!C119 & CHAR(10) & CHAR(10) & "■■ " & 'الجدول'!D1 & " ■■" & CHAR(10) & "• " & 'الجدول'!D114 & CHAR(10) & "• " & 'الجدول'!D115 & CHAR(10) & "• " & 'الجدول'!D116 & CHAR(10) & "• " & 'الجدول'!D117 & CHAR(10) & "• " & 'الجدول'!D118 & CHAR(10) & "• " & 'الجدول'!D119 & CHAR(10) & CHAR(10) & "■■ " & 'الجدول'!E1 & " ■■" & CHAR(10) & "• " & 'الجدول'!E114 & CHAR(10) & "• " & 'الجدول'!E115 & CHAR(10) & "• " & 'الجدول'!E116 & CHAR(10) & "• " & 'الجدول'!E117 & CHAR(10) & "• " & 'الجدول'!E118 & CHAR(10) & "• " & 'الجدول'!E119 & CHAR(10) & CHAR(10) & "■■ " & 'الجدول'!F1 & " ■■" & CHAR(10) & "• " & 'الجدول'!F114 & CHAR(10) & "• " & 'الجدول'!F115 & CHAR(10) & "• " & 'الجدول'!F116 & CHAR(10) & "• " & 'الجدول'!F117 & CHAR(10) & "• " & 'الجدول'!F118 & CHAR(10) & "• " & 'الجدول'!F119 & CHAR(10) & CHAR(10) & "■■ " & 'الجدول'!G1 & " ■■" & CHAR(10) & "• " & 'الجدول'!G114 & CHAR(10) & "• " & 'الجدول'!G115 & CHAR(10) & "• " & 'الجدول'!G116 & CHAR(10) & "• " & 'الجدول'!G117 & CHAR(10) & "• " & 'الجدول'!G118 & CHAR(10) & "• " & 'الجدول'!G119 & CHAR(10) & CHAR(10) & "■■ " & 'الجدول'!H1 & " ■■" & CHAR(10) & "• " & 'الجدول'!H114 & CHAR(10) & "• " & 'الجدول'!H115 & CHAR(10) & "• " & 'الجدول'!H116 & CHAR(10) & "• " & 'الجدول'!H117 & CHAR(10) & "• " & 'الجدول'!H118 & CHAR(10) & "• " & 'الجدول'!H119 & CHAR(10) & CHAR(10) & "■■ " & 'الجدول'!I1 & " ■■" & CHAR(10) & "• " & 'الجدول'!I114 & CHAR(10) & "• " & 'الجدول'!I115 & CHAR(10) & "• " & 'الجدول'!I116 & CHAR(10) & "• " & 'الجدول'!I117 & CHAR(10) & "• " & 'الجدول'!I118 & CHAR(10) & "• " & 'الجدول'!I119 & CHAR(10) & CHAR(10) & "■■ " & 'الجدول'!J1 & " ■■" & CHAR(10) & "• " & 'الجدول'!J114 & CHAR(10) & "• " & 'الجدول'!J115 & CHAR(10) & "• " & 'الجدول'!J116 & CHAR(10) & "• " & 'الجدول'!J117 & CHAR(10) & "• " & 'الجدول'!J118 & CHAR(10) & "• " & 'الجدول'!J119 & CHAR(10) & CHAR(10) & "■■ " & 'الجدول'!K1 & " ■■" & CHAR(10) & "• " & 'الجدول'!K114 & CHAR(10) & "• " & 'الجدول'!K115 & CHAR(10) & "• " & 'الجدول'!K116 & CHAR(10) & "• " & 'الجدول'!K117 & CHAR(10) & "• " & 'الجدول'!K118 & CHAR(10) & "• " & 'الجدول'!K119 & CHAR(10) & CHAR(10) & "■■ " & 'الجدول'!L1 & " ■■" & CHAR(10) & "• " & 'الجدول'!L114 & CHAR(10) & "• " & 'الجدول'!L115 & CHAR(10) & "• " & 'الجدول'!L116 & CHAR(10) & "• " & 'الجدول'!L117 & CHAR(10) & "• " & 'الجدول'!L118 & CHAR(10) & "• " & 'الجدول'!L119 & CHAR(10) & CHAR(10) & "■■ " & 'الجدول'!M1 & " ■■" & CHAR(10) & "• " & 'الجدول'!M114 & CHAR(10) & "• " & 'الجدول'!M115 & CHAR(10) & "• " & 'الجدول'!M116 & CHAR(10) & "• " & 'الجدول'!M117 & CHAR(10) & "• " & 'الجدول'!M118 & CHAR(10) & "• " & 'الجدول'!M119 & CHAR(10) & CHAR(10) & "■■ " & 'الجدول'!N1 & " ■■" & CHAR(10) & "• " & 'الجدول'!N114 & CHAR(10) & "• " & 'الجدول'!N115 & CHAR(10) & "• " & 'الجدول'!N116 & CHAR(10) & "• " & 'الجدول'!N117 & CHAR(10) & "• " & 'الجدول'!N118 & CHAR(10) & "• " & 'الجدول'!N119 & CHAR(10) & CHAR(10) & "■■ " & 'الجدول'!O1 & " ■■" & CHAR(10) & "• " & 'الجدول'!O114 & CHAR(10) & "• " & 'الجدول'!O115 & CHAR(10) & "• " & 'الجدول'!O116 & CHAR(10) & "• " & 'الجدول'!O117 & CHAR(10) & "• " & 'الجدول'!O118 & CHAR(10) & "• " & 'الجدول'!O119 & CHAR(10) & CHAR(10) -> ■■ ER ADMISSION-NIGHT-🚨🌙 ■■ • ---------- • ---------- • ---------- • ---------- • ---------- • ---------- ■■ ER ADMISSIONS -DAY-🚨☀️ ■■ • ---------- • ---------- • ---------- • ---------- • ---------- • ---------- ■■ ER-clinic Day ☀️🚨 ■■ • ---------- • ---------- • ---------- • ---------- • ---------- • ---------- ■■ ER GENERAL-DAY-🚨☀️ ■■ • ---------- • ---------- • ---------- • ---------- • ---------- • ---------- ■■ ER GENERAL-NIGHT-🚨🌙 ■■ • ---------- • ---------- • ---------- • ---------- • ---------- • ---------- ■■ ER PT-DAY-🚨☀️ ■■ • ---------- • ---------- • ---------- • ---------- • ---------- • ---------- ■■ ER PT-NIGHT-🚨🌙 ■■ • ---------- • ---------- • ---------- • ---------- • ---------- • ---------- ■■ ER TRIAGE-DAY-🚨☀️ ■■ • ---------- • ---------- • ---------- • ---------- • ---------- • ---------- ■■ ER TRIAGE-NIGHT-🚨🌙 ■■ • ---------- • ---------- • ---------- • ---------- • ---------- • ---------- ■■ ER WARD-DAY-🚨☀️ ■■ • ---------- • ---------- • ---------- • ---------- • ---------- • ---------- ■■ ER WARD-NIGHT-🚨🌙 ■■ • ---------- • ---------- • ---------- • ---------- • ---------- • ---------- ■■ 🗡️LISTA ■■ • احمد حسام الدين صلاح (01065567736) • روان ياسر سليم (01005005160) • دانه طارق (01012809042) • ---------- • ---------- • ---------- ■■ WARD-DAY-☀️ ■■ • رنيم حاتم رفيق بسيسو (01144758373) • محمود عبد المحسن إبراهيم (01062086612) • مها حسين السيد (01012349071) • استيفن مدحت منير (01200226122) • مصطفى محمد علي محمد بدر (01150245681) • مي خالد ابوزيد (01023578224) ■■ WARD-NIGHT-🌙 ■■ • مي طارق نهاد (01287477488) • محمد محمود ابراهيم (01112057358) • يوسف عاطف رزق الله (01148183647) • كارين باسم صومائيل (01274209975) • ---------- • ---------- | C18: =HYPERLINK("#الجدول!A" & 113, "الجدول الأساسي") -> الجدول الأساسي
A19: 2026-02-18 الأربعاء | B19: ="" & "■■ " & 'الجدول'!B1 & " ■■" & CHAR(10) & "• " & 'الجدول'!B120 & CHAR(10) & "• " & 'الجدول'!B121 & CHAR(10) & "• " & 'الجدول'!B122 & CHAR(10) & "• " & 'الجدول'!B123 & CHAR(10) & "• " & 'الجدول'!B124 & CHAR(10) & "• " & 'الجدول'!B125 & CHAR(10) & CHAR(10) & "■■ " & 'الجدول'!C1 & " ■■" & CHAR(10) & "• " & 'الجدول'!C120 & CHAR(10) & "• " & 'الجدول'!C121 & CHAR(10) & "• " & 'الجدول'!C122 & CHAR(10) & "• " & 'الجدول'!C123 & CHAR(10) & "• " & 'الجدول'!C124 & CHAR(10) & "• " & 'الجدول'!C125 & CHAR(10) & CHAR(10) & "■■ " & 'الجدول'!D1 & " ■■" & CHAR(10) & "• " & 'الجدول'!D120 & CHAR(10) & "• " & 'الجدول'!D121 & CHAR(10) & "• " & 'الجدول'!D122 & CHAR(10) & "• " & 'الجدول'!D123 & CHAR(10) & "• " & 'الجدول'!D124 & CHAR(10) & "• " & 'الجدول'!D125 & CHAR(10) & CHAR(10) & "■■ " & 'الجدول'!E1 & " ■■" & CHAR(10) & "• " & 'الجدول'!E120 & CHAR(10) & "• " & 'الجدول'!E121 & CHAR(10) & "• " & 'الجدول'!E122 & CHAR(10) & "• " & 'الجدول'!E123 & CHAR(10) & "• " & 'الجدول'!E124 & CHAR(10) & "• " & 'الجدول'!E125 & CHAR(10) & CHAR(10) & "■■ " & 'الجدول'!F1 & " ■■" & CHAR(10) & "• " & 'الجدول'!F120 & CHAR(10) & "• " & 'الجدول'!F121 & CHAR(10) & "• " & 'الجدول'!F122 & CHAR(10) & "• " & 'الجدول'!F123 & CHAR(10) & "• " & 'الجدول'!F124 & CHAR(10) & "• " & 'الجدول'!F125 & CHAR(10) & CHAR(10) & "■■ " & 'الجدول'!G1 & " ■■" & CHAR(10) & "• " & 'الجدول'!G120 & CHAR(10) & "• " & 'الجدول'!G121 & CHAR(10) & "• " & 'الجدول'!G122 & CHAR(10) & "• " & 'الجدول'!G123 & CHAR(10) & "• " & 'الجدول'!G124 & CHAR(10) & "• " & 'الجدول'!G125 & CHAR(10) & CHAR(10) & "■■ " & 'الجدول'!H1 & " ■■" & CHAR(10) & "• " & 'الجدول'!H120 & CHAR(10) & "• " & 'الجدول'!H121 & CHAR(10) & "• " & 'الجدول'!H122 & CHAR(10) & "• " & 'الجدول'!H123 & CHAR(10) & "• " & 'الجدول'!H124 & CHAR(10) & "• " & 'الجدول'!H125 & CHAR(10) & CHAR(10) & "■■ " & 'الجدول'!I1 & " ■■" & CHAR(10) & "• " & 'الجدول'!I120 & CHAR(10) & "• " & 'الجدول'!I121 & CHAR(10) & "• " & 'الجدول'!I122 & CHAR(10) & "• " & 'الجدول'!I123 & CHAR(10) & "• " & 'الجدول'!I124 & CHAR(10) & "• " & 'الجدول'!I125 & CHAR(10) & CHAR(10) & "■■ " & 'الجدول'!J1 & " ■■" & CHAR(10) & "• " & 'الجدول'!J120 & CHAR(10) & "• " & 'الجدول'!J121 & CHAR(10) & "• " & 'الجدول'!J122 & CHAR(10) & "• " & 'الجدول'!J123 & CHAR(10) & "• " & 'الجدول'!J124 & CHAR(10) & "• " & 'الجدول'!J125 & CHAR(10) & CHAR(10) & "■■ " & 'الجدول'!K1 & " ■■" & CHAR(10) & "• " & 'الجدول'!K120 & CHAR(10) & "• " & 'الجدول'!K121 & CHAR(10) & "• " & 'الجدول'!K122 & CHAR(10) & "• " & 'الجدول'!K123 & CHAR(10) & "• " & 'الجدول'!K124 & CHAR(10) & "• " & 'الجدول'!K125 & CHAR(10) & CHAR(10) & "■■ " & 'الجدول'!L1 & " ■■" & CHAR(10) & "• " & 'الجدول'!L120 & CHAR(10) & "• " & 'الجدول'!L121 & CHAR(10) & "• " & 'الجدول'!L122 & CHAR(10) & "• " & 'الجدول'!L123 & CHAR(10) & "• " & 'الجدول'!L124 & CHAR(10) & "• " & 'الجدول'!L125 & CHAR(10) & CHAR(10) & "■■ " & 'الجدول'!M1 & " ■■" & CHAR(10) & "• " & 'الجدول'!M120 & CHAR(10) & "• " & 'الجدول'!M121 & CHAR(10) & "• " & 'الجدول'!M122 & CHAR(10) & "• " & 'الجدول'!M123 & CHAR(10) & "• " & 'الجدول'!M124 & CHAR(10) & "• " & 'الجدول'!M125 & CHAR(10) & CHAR(10) & "■■ " & 'الجدول'!N1 & " ■■" & CHAR(10) & "• " & 'الجدول'!N120 & CHAR(10) & "• " & 'الجدول'!N121 & CHAR(10) & "• " & 'الجدول'!N122 & CHAR(10) & "• " & 'الجدول'!N123 & CHAR(10) & "• " & 'الجدول'!N124 & CHAR(10) & "• " & 'الجدول'!N125 & CHAR(10) & CHAR(10) & "■■ " & 'الجدول'!O1 & " ■■" & CHAR(10) & "• " & 'الجدول'!O120 & CHAR(10) & "• " & 'الجدول'!O121 & CHAR(10) & "• " & 'الجدول'!O122 & CHAR(10) & "• " & 'الجدول'!O123 & CHAR(10) & "• " & 'الجدول'!O124 & CHAR(10) & "• " & 'الجدول'!O125 & CHAR(10) & CHAR(10) -> ■■ ER ADMISSION-NIGHT-🚨🌙 ■■ • ---------- • ---------- • ---------- • ---------- • ---------- • ---------- ■■ ER ADMISSIONS -DAY-🚨☀️ ■■ • ---------- • ---------- • ---------- • ---------- • ---------- • ---------- ■■ ER-clinic Day ☀️🚨 ■■ • ---------- • ---------- • ---------- • ---------- • ---------- • ---------- ■■ ER GENERAL-DAY-🚨☀️ ■■ • ---------- • ---------- • ---------- • ---------- • ---------- • ---------- ■■ ER GENERAL-NIGHT-🚨🌙 ■■ • ---------- • ---------- • ---------- • ---------- • ---------- • ---------- ■■ ER PT-DAY-🚨☀️ ■■ • ---------- • ---------- • ---------- • ---------- • ---------- • ---------- ■■ ER PT-NIGHT-🚨🌙 ■■ • ---------- • ---------- • ---------- • ---------- • ---------- • ---------- ■■ ER TRIAGE-DAY-🚨☀️ ■■ • ---------- • ---------- • ---------- • ---------- • ---------- • ---------- ■■ ER TRIAGE-NIGHT-🚨🌙 ■■ • ---------- • ---------- • ---------- • ---------- • ---------- • ---------- ■■ ER WARD-DAY-🚨☀️ ■■ • ---------- • ---------- • ---------- • ---------- • ---------- • ---------- ■■ ER WARD-NIGHT-🚨🌙 ■■ • ---------- • ---------- • ---------- • ---------- • ---------- • ---------- ■■ 🗡️LISTA ■■ • ---------- • ---------- • ---------- • ---------- • ---------- • ---------- ■■ WARD-DAY-☀️ ■■ • بلال جودة (01066199644) • مينا رومانى عبده (01212866642) • منة السيد عبد الباقي (01274588193) • عبدالمسيح مكرم (01203267885) • سلمى أبوالعلا (01124166114) • روان ياسر سليم (01005005160) ■■ WARD-NIGHT-🌙 ■■ • سندس أحمد سيد (01156131096) • كارين باسم صومائيل (01274209975) • عمر حسن محمد حسن حجازي (01019701020) • أحمد زيدان (01110524147) • ---------- • ---------- | C19: =HYPERLINK("#الجدول!A" & 119, "الجدول الأساسي") -> الجدول الأساسي
A20: 2026-02-19 الخميس | B20: ="" & "■■ " & 'الجدول'!B1 & " ■■" & CHAR(10) & "• " & 'الجدول'!B126 & CHAR(10) & "• " & 'الجدول'!B127 & CHAR(10) & "• " & 'الجدول'!B128 & CHAR(10) & "• " & 'الجدول'!B129 & CHAR(10) & "• " & 'الجدول'!B130 & CHAR(10) & CHAR(10) & "■■ " & 'الجدول'!C1 & " ■■" & CHAR(10) & "• " & 'الجدول'!C126 & CHAR(10) & "• " & 'الجدول'!C127 & CHAR(10) & "• " & 'الجدول'!C128 & CHAR(10) & "• " & 'الجدول'!C129 & CHAR(10) & "• " & 'الجدول'!C130 & CHAR(10) & CHAR(10) & "■■ " & 'الجدول'!D1 & " ■■" & CHAR(10) & "• " & 'الجدول'!D126 & CHAR(10) & "• " & 'الجدول'!D127 & CHAR(10) & "• " & 'الجدول'!D128 & CHAR(10) & "• " & 'الجدول'!D129 & CHAR(10) & "• " & 'الجدول'!D130 & CHAR(10) & CHAR(10) & "■■ " & 'الجدول'!E1 & " ■■" & CHAR(10) & "• " & 'الجدول'!E126 & CHAR(10) & "• " & 'الجدول'!E127 & CHAR(10) & "• " & 'الجدول'!E128 & CHAR(10) & "• " & 'الجدول'!E129 & CHAR(10) & "• " & 'الجدول'!E130 & CHAR(10) & CHAR(10) & "■■ " & 'الجدول'!F1 & " ■■" & CHAR(10) & "• " & 'الجدول'!F126 & CHAR(10) & "• " & 'الجدول'!F127 & CHAR(10) & "• " & 'الجدول'!F128 & CHAR(10) & "• " & 'الجدول'!F129 & CHAR(10) & "• " & 'الجدول'!F130 & CHAR(10) & CHAR(10) & "■■ " & 'الجدول'!G1 & " ■■" & CHAR(10) & "• " & 'الجدول'!G126 & CHAR(10) & "• " & 'الجدول'!G127 & CHAR(10) & "• " & 'الجدول'!G128 & CHAR(10) & "• " & 'الجدول'!G129 & CHAR(10) & "• " & 'الجدول'!G130 & CHAR(10) & CHAR(10) & "■■ " & 'الجدول'!H1 & " ■■" & CHAR(10) & "• " & 'الجدول'!H126 & CHAR(10) & "• " & 'الجدول'!H127 & CHAR(10) & "• " & 'الجدول'!H128 & CHAR(10) & "• " & 'الجدول'!H129 & CHAR(10) & "• " & 'الجدول'!H130 & CHAR(10) & CHAR(10) & "■■ " & 'الجدول'!I1 & " ■■" & CHAR(10) & "• " & 'الجدول'!I126 & CHAR(10) & "• " & 'الجدول'!I127 & CHAR(10) & "• " & 'الجدول'!I128 & CHAR(10) & "• " & 'الجدول'!I129 & CHAR(10) & "• " & 'الجدول'!I130 & CHAR(10) & CHAR(10) & "■■ " & 'الجدول'!J1 & " ■■" & CHAR(10) & "• " & 'الجدول'!J126 & CHAR(10) & "• " & 'الجدول'!J127 & CHAR(10) & "• " & 'الجدول'!J128 & CHAR(10) & "• " & 'الجدول'!J129 & CHAR(10) & "• " & 'الجدول'!J130 & CHAR(10) & CHAR(10) & "■■ " & 'الجدول'!K1 & " ■■" & CHAR(10) & "• " & 'الجدول'!K126 & CHAR(10) & "• " & 'الجدول'!K127 & CHAR(10) & "• " & 'الجدول'!K128 & CHAR(10) & "• " & 'الجدول'!K129 & CHAR(10) & "• " & 'الجدول'!K130 & CHAR(10) & CHAR(10) & "■■ " & 'الجدول'!L1 & " ■■" & CHAR(10) & "• " & 'الجدول'!L126 & CHAR(10) & "• " & 'الجدول'!L127 & CHAR(10) & "• " & 'الجدول'!L128 & CHAR(10) & "• " & 'الجدول'!L129 & CHAR(10) & "• " & 'الجدول'!L130 & CHAR(10) & CHAR(10) & "■■ " & 'الجدول'!M1 & " ■■" & CHAR(10) & "• " & 'الجدول'!M126 & CHAR(10) & "• " & 'الجدول'!M127 & CHAR(10) & "• " & 'الجدول'!M128 & CHAR(10) & "• " & 'الجدول'!M129 & CHAR(10) & "• " & 'الجدول'!M130 & CHAR(10) & CHAR(10) & "■■ " & 'الجدول'!N1 & " ■■" & CHAR(10) & "• " & 'الجدول'!N126 & CHAR(10) & "• " & 'الجدول'!N127 & CHAR(10) & "• " & 'الجدول'!N128 & CHAR(10) & "• " & 'الجدول'!N129 & CHAR(10) & "• " & 'الجدول'!N130 & CHAR(10) & CHAR(10) & "■■ " & 'الجدول'!O1 & " ■■" & CHAR(10) & "• " & 'الجدول'!O126 & CHAR(10) & "• " & 'الجدول'!O127 & CHAR(10) & "• " & 'الجدول'!O128 & CHAR(10) & "• " & 'الجدول'!O129 & CHAR(10) & "• " & 'الجدول'!O130 & CHAR(10) & CHAR(10) -> ■■ ER ADMISSION-NIGHT-🚨🌙 ■■ • ---------- • ---------- • ---------- • ---------- • ---------- ■■ ER ADMISSIONS -DAY-🚨☀️ ■■ • ---------- • ---------- • ---------- • ---------- • ---------- ■■ ER-clinic Day ☀️🚨 ■■ • ---------- • ---------- • ---------- • ---------- • ---------- ■■ ER GENERAL-DAY-🚨☀️ ■■ • ---------- • ---------- • ---------- • ---------- • ---------- ■■ ER GENERAL-NIGHT-🚨🌙 ■■ • ---------- • ---------- • ---------- • ---------- • ---------- ■■ ER PT-DAY-🚨☀️ ■■ • ---------- • ---------- • ---------- • ---------- • ---------- ■■ ER PT-NIGHT-🚨🌙 ■■ • ---------- • ---------- • ---------- • ---------- • ---------- ■■ ER TRIAGE-DAY-🚨☀️ ■■ • ---------- • ---------- • ---------- • ---------- • ---------- ■■ ER TRIAGE-NIGHT-🚨🌙 ■■ • ---------- • ---------- • ---------- • ---------- • ---------- ■■ ER WARD-DAY-🚨☀️ ■■ • ---------- • ---------- • ---------- • ---------- • ---------- ■■ ER WARD-NIGHT-🚨🌙 ■■ • ---------- • ---------- • ---------- • ---------- • ---------- ■■ 🗡️LISTA ■■ • ---------- • ---------- • ---------- • ---------- • ---------- ■■ WARD-DAY-☀️ ■■ • احمدنوید قیومی (01104573242) • كارين روماني راشد (01102663062) • مصطفى محمد علي محمد بدر (01150245681) • منه الله هشام السيد (01002996214) • محمد عمرو محمد عبدالباقي (01151653320) ■■ WARD-NIGHT-🌙 ■■ • Marwan Ayman (01149894940) • ريهام سعد عبدالرحمن (01124867574) • رنا اكرم احمد (01122182132) • ---------- • ---------- | C20: =HYPERLINK("#الجدول!A" & 125, "الجدول الأساسي") -> الجدول الأساسي
A21: 2026-02-20 الجمعة | B21: ="" & "■■ " & 'الجدول'!B1 & " ■■" & CHAR(10) & "• " & 'الجدول'!B131 & CHAR(10) & "• " & 'الجدول'!B132 & CHAR(10) & "• " & 'الجدول'!B133 & CHAR(10) & "• " & 'الجدول'!B134 & CHAR(10) & "• " & 'الجدول'!B135 & CHAR(10) & CHAR(10) & "■■ " & 'الجدول'!C1 & " ■■" & CHAR(10) & "• " & 'الجدول'!C131 & CHAR(10) & "• " & 'الجدول'!C132 & CHAR(10) & "• " & 'الجدول'!C133 & CHAR(10) & "• " & 'الجدول'!C134 & CHAR(10) & "• " & 'الجدول'!C135 & CHAR(10) & CHAR(10) & "■■ " & 'الجدول'!D1 & " ■■" & CHAR(10) & "• " & 'الجدول'!D131 & CHAR(10) & "• " & 'الجدول'!D132 & CHAR(10) & "• " & 'الجدول'!D133 & CHAR(10) & "• " & 'الجدول'!D134 & CHAR(10) & "• " & 'الجدول'!D135 & CHAR(10) & CHAR(10) & "■■ " & 'الجدول'!E1 & " ■■" & CHAR(10) & "• " & 'الجدول'!E131 & CHAR(10) & "• " & 'الجدول'!E132 & CHAR(10) & "• " & 'الجدول'!E133 & CHAR(10) & "• " & 'الجدول'!E134 & CHAR(10) & "• " & 'الجدول'!E135 & CHAR(10) & CHAR(10) & "■■ " & 'الجدول'!F1 & " ■■" & CHAR(10) & "• " & 'الجدول'!F131 & CHAR(10) & "• " & 'الجدول'!F132 & CHAR(10) & "• " & 'الجدول'!F133 & CHAR(10) & "• " & 'الجدول'!F134 & CHAR(10) & "• " & 'الجدول'!F135 & CHAR(10) & CHAR(10) & "■■ " & 'الجدول'!G1 & " ■■" & CHAR(10) & "• " & 'الجدول'!G131 & CHAR(10) & "• " & 'الجدول'!G132 & CHAR(10) & "• " & 'الجدول'!G133 & CHAR(10) & "• " & 'الجدول'!G134 & CHAR(10) & "• " & 'الجدول'!G135 & CHAR(10) & CHAR(10) & "■■ " & 'الجدول'!H1 & " ■■" & CHAR(10) & "• " & 'الجدول'!H131 & CHAR(10) & "• " & 'الجدول'!H132 & CHAR(10) & "• " & 'الجدول'!H133 & CHAR(10) & "• " & 'الجدول'!H134 & CHAR(10) & "• " & 'الجدول'!H135 & CHAR(10) & CHAR(10) & "■■ " & 'الجدول'!I1 & " ■■" & CHAR(10) & "• " & 'الجدول'!I131 & CHAR(10) & "• " & 'الجدول'!I132 & CHAR(10) & "• " & 'الجدول'!I133 & CHAR(10) & "• " & 'الجدول'!I134 & CHAR(10) & "• " & 'الجدول'!I135 & CHAR(10) & CHAR(10) & "■■ " & 'الجدول'!J1 & " ■■" & CHAR(10) & "• " & 'الجدول'!J131 & CHAR(10) & "• " & 'الجدول'!J132 & CHAR(10) & "• " & 'الجدول'!J133 & CHAR(10) & "• " & 'الجدول'!J134 & CHAR(10) & "• " & 'الجدول'!J135 & CHAR(10) & CHAR(10) & "■■ " & 'الجدول'!K1 & " ■■" & CHAR(10) & "• " & 'الجدول'!K131 & CHAR(10) & "• " & 'الجدول'!K132 & CHAR(10) & "• " & 'الجدول'!K133 & CHAR(10) & "• " & 'الجدول'!K134 & CHAR(10) & "• " & 'الجدول'!K135 & CHAR(10) & CHAR(10) & "■■ " & 'الجدول'!L1 & " ■■" & CHAR(10) & "• " & 'الجدول'!L131 & CHAR(10) & "• " & 'الجدول'!L132 & CHAR(10) & "• " & 'الجدول'!L133 & CHAR(10) & "• " & 'الجدول'!L134 & CHAR(10) & "• " & 'الجدول'!L135 & CHAR(10) & CHAR(10) & "■■ " & 'الجدول'!M1 & " ■■" & CHAR(10) & "• " & 'الجدول'!M131 & CHAR(10) & "• " & 'الجدول'!M132 & CHAR(10) & "• " & 'الجدول'!M133 & CHAR(10) & "• " & 'الجدول'!M134 & CHAR(10) & "• " & 'الجدول'!M135 & CHAR(10) & CHAR(10) & "■■ " & 'الجدول'!N1 & " ■■" & CHAR(10) & "• " & 'الجدول'!N131 & CHAR(10) & "• " & 'الجدول'!N132 & CHAR(10) & "• " & 'الجدول'!N133 & CHAR(10) & "• " & 'الجدول'!N134 & CHAR(10) & "• " & 'الجدول'!N135 & CHAR(10) & CHAR(10) & "■■ " & 'الجدول'!O1 & " ■■" & CHAR(10) & "• " & 'الجدول'!O131 & CHAR(10) & "• " & 'الجدول'!O132 & CHAR(10) & "• " & 'الجدول'!O133 & CHAR(10) & "• " & 'الجدول'!O134 & CHAR(10) & "• " & 'الجدول'!O135 & CHAR(10) & CHAR(10) -> ■■ ER ADMISSION-NIGHT-🚨🌙 ■■ • ---------- • ---------- • ---------- • ---------- • ---------- ■■ ER ADMISSIONS -DAY-🚨☀️ ■■ • ---------- • ---------- • ---------- • ---------- • ---------- ■■ ER-clinic Day ☀️🚨 ■■ • ---------- • ---------- • ---------- • ---------- • ---------- ■■ ER GENERAL-DAY-🚨☀️ ■■ • ---------- • ---------- • ---------- • ---------- • ---------- ■■ ER GENERAL-NIGHT-🚨🌙 ■■ • ---------- • ---------- • ---------- • ---------- • ---------- ■■ ER PT-DAY-🚨☀️ ■■ • ---------- • ---------- • ---------- • ---------- • ---------- ■■ ER PT-NIGHT-🚨🌙 ■■ • ---------- • ---------- • ---------- • ---------- • ---------- ■■ ER TRIAGE-DAY-🚨☀️ ■■ • ---------- • ---------- • ---------- • ---------- • ---------- ■■ ER TRIAGE-NIGHT-🚨🌙 ■■ • ---------- • ---------- • ---------- • ---------- • ---------- ■■ ER WARD-DAY-🚨☀️ ■■ • ---------- • ---------- • ---------- • ---------- • ---------- ■■ ER WARD-NIGHT-🚨🌙 ■■ • ---------- • ---------- • ---------- • ---------- • ---------- ■■ 🗡️LISTA ■■ • ---------- • ---------- • ---------- • ---------- • ---------- ■■ WARD-DAY-☀️ ■■ • أعناب طارق عوض (01146334179) • احمد ايهاب محمد عواد (01032298339) • تقى عماد حسني (01119716276) • عمرو وائل سرور (01023140340) • Rawan Elessawy (01010983040) ■■ WARD-NIGHT-🌙 ■■ • عبدالله احمد (01020242571) • احمد حسين أحمد (01001877491) • شدو محمد شلتوت (1550336384) • يوسف طه السيد (01207620695) • ---------- | C21: =HYPERLINK("#الجدول!A" & 130, "الجدول الأساسي") -> الجدول الأساسي
A22: 2026-02-21 السبت | B22: ="" & "■■ " & 'الجدول'!B1 & " ■■" & CHAR(10) & "• " & 'الجدول'!B136 & CHAR(10) & "• " & 'الجدول'!B137 & CHAR(10) & "• " & 'الجدول'!B138 & CHAR(10) & "• " & 'الجدول'!B139 & CHAR(10) & "• " & 'الجدول'!B140 & CHAR(10) & CHAR(10) & "■■ " & 'الجدول'!C1 & " ■■" & CHAR(10) & "• " & 'الجدول'!C136 & CHAR(10) & "• " & 'الجدول'!C137 & CHAR(10) & "• " & 'الجدول'!C138 & CHAR(10) & "• " & 'الجدول'!C139 & CHAR(10) & "• " & 'الجدول'!C140 & CHAR(10) & CHAR(10) & "■■ " & 'الجدول'!D1 & " ■■" & CHAR(10) & "• " & 'الجدول'!D136 & CHAR(10) & "• " & 'الجدول'!D137 & CHAR(10) & "• " & 'الجدول'!D138 & CHAR(10) & "• " & 'الجدول'!D139 & CHAR(10) & "• " & 'الجدول'!D140 & CHAR(10) & CHAR(10) & "■■ " & 'الجدول'!E1 & " ■■" & CHAR(10) & "• " & 'الجدول'!E136 & CHAR(10) & "• " & 'الجدول'!E137 & CHAR(10) & "• " & 'الجدول'!E138 & CHAR(10) & "• " & 'الجدول'!E139 & CHAR(10) & "• " & 'الجدول'!E140 & CHAR(10) & CHAR(10) & "■■ " & 'الجدول'!F1 & " ■■" & CHAR(10) & "• " & 'الجدول'!F136 & CHAR(10) & "• " & 'الجدول'!F137 & CHAR(10) & "• " & 'الجدول'!F138 & CHAR(10) & "• " & 'الجدول'!F139 & CHAR(10) & "• " & 'الجدول'!F140 & CHAR(10) & CHAR(10) & "■■ " & 'الجدول'!G1 & " ■■" & CHAR(10) & "• " & 'الجدول'!G136 & CHAR(10) & "• " & 'الجدول'!G137 & CHAR(10) & "• " & 'الجدول'!G138 & CHAR(10) & "• " & 'الجدول'!G139 & CHAR(10) & "• " & 'الجدول'!G140 & CHAR(10) & CHAR(10) & "■■ " & 'الجدول'!H1 & " ■■" & CHAR(10) & "• " & 'الجدول'!H136 & CHAR(10) & "• " & 'الجدول'!H137 & CHAR(10) & "• " & 'الجدول'!H138 & CHAR(10) & "• " & 'الجدول'!H139 & CHAR(10) & "• " & 'الجدول'!H140 & CHAR(10) & CHAR(10) & "■■ " & 'الجدول'!I1 & " ■■" & CHAR(10) & "• " & 'الجدول'!I136 & CHAR(10) & "• " & 'الجدول'!I137 & CHAR(10) & "• " & 'الجدول'!I138 & CHAR(10) & "• " & 'الجدول'!I139 & CHAR(10) & "• " & 'الجدول'!I140 & CHAR(10) & CHAR(10) & "■■ " & 'الجدول'!J1 & " ■■" & CHAR(10) & "• " & 'الجدول'!J136 & CHAR(10) & "• " & 'الجدول'!J137 & CHAR(10) & "• " & 'الجدول'!J138 & CHAR(10) & "• " & 'الجدول'!J139 & CHAR(10) & "• " & 'الجدول'!J140 & CHAR(10) & CHAR(10) & "■■ " & 'الجدول'!K1 & " ■■" & CHAR(10) & "• " & 'الجدول'!K136 & CHAR(10) & "• " & 'الجدول'!K137 & CHAR(10) & "• " & 'الجدول'!K138 & CHAR(10) & "• " & 'الجدول'!K139 & CHAR(10) & "• " & 'الجدول'!K140 & CHAR(10) & CHAR(10) & "■■ " & 'الجدول'!L1 & " ■■" & CHAR(10) & "• " & 'الجدول'!L136 & CHAR(10) & "• " & 'الجدول'!L137 & CHAR(10) & "• " & 'الجدول'!L138 & CHAR(10) & "• " & 'الجدول'!L139 & CHAR(10) & "• " & 'الجدول'!L140 & CHAR(10) & CHAR(10) & "■■ " & 'الجدول'!M1 & " ■■" & CHAR(10) & "• " & 'الجدول'!M136 & CHAR(10) & "• " & 'الجدول'!M137 & CHAR(10) & "• " & 'الجدول'!M138 & CHAR(10) & "• " & 'الجدول'!M139 & CHAR(10) & "• " & 'الجدول'!M140 & CHAR(10) & CHAR(10) & "■■ " & 'الجدول'!N1 & " ■■" & CHAR(10) & "• " & 'الجدول'!N136 & CHAR(10) & "• " & 'الجدول'!N137 & CHAR(10) & "• " & 'الجدول'!N138 & CHAR(10) & "• " & 'الجدول'!N139 & CHAR(10) & "• " & 'الجدول'!N140 & CHAR(10) & CHAR(10) & "■■ " & 'الجدول'!O1 & " ■■" & CHAR(10) & "• " & 'الجدول'!O136 & CHAR(10) & "• " & 'الجدول'!O137 & CHAR(10) & "• " & 'الجدول'!O138 & CHAR(10) & "• " & 'الجدول'!O139 & CHAR(10) & "• " & 'الجدول'!O140 & CHAR(10) & CHAR(10) -> ■■ ER ADMISSION-NIGHT-🚨🌙 ■■ • ---------- • ---------- • ---------- • ---------- • ---------- ■■ ER ADMISSIONS -DAY-🚨☀️ ■■ • ---------- • ---------- • ---------- • ---------- • ---------- ■■ ER-clinic Day ☀️🚨 ■■ • ---------- • ---------- • ---------- • ---------- • ---------- ■■ ER GENERAL-DAY-🚨☀️ ■■ • ---------- • ---------- • ---------- • ---------- • ---------- ■■ ER GENERAL-NIGHT-🚨🌙 ■■ • ---------- • ---------- • ---------- • ---------- • ---------- ■■ ER PT-DAY-🚨☀️ ■■ • ---------- • ---------- • ---------- • ---------- • ---------- ■■ ER PT-NIGHT-🚨🌙 ■■ • ---------- • ---------- • ---------- • ---------- • ---------- ■■ ER TRIAGE-DAY-🚨☀️ ■■ • ---------- • ---------- • ---------- • ---------- • ---------- ■■ ER TRIAGE-NIGHT-🚨🌙 ■■ • ---------- • ---------- • ---------- • ---------- • ---------- ■■ ER WARD-DAY-🚨☀️ ■■ • ---------- • ---------- • ---------- • ---------- • ---------- ■■ ER WARD-NIGHT-🚨🌙 ■■ • ---------- • ---------- • ---------- • ---------- • ---------- ■■ 🗡️LISTA ■■ • منة السيد عبد الباقي (01274588193) • ملك محمد فؤاد (01001721072) • مريم السيد أحمد خيرالله (01099882992) • ---------- • ---------- ■■ WARD-DAY-☀️ ■■ • مصطفى محمد علي محمد بدر (01150245681) • منه الله هشام السيد (01002996214) • هديل هشام منصور الوشاحي (01227221344) • احمد ناصر (01553479200) • Rawan Elessawy (01010983040) ■■ WARD-NIGHT-🌙 ■■ • عمرو عبدالغفار حمزة (01014246636) • يوسف عاطف رزق الله (01148183647) • احمد ايهاب محمد عواد (01032298339) • ---------- • ---------- | C22: =HYPERLINK("#الجدول!A" & 135, "الجدول الأساسي") -> الجدول الأساسي
A23: 2026-02-22 الأحد | B23: ="" & "■■ " & 'الجدول'!B1 & " ■■" & CHAR(10) & "• " & 'الجدول'!B141 & CHAR(10) & "• " & 'الجدول'!B142 & CHAR(10) & "• " & 'الجدول'!B143 & CHAR(10) & "• " & 'الجدول'!B144 & CHAR(10) & "• " & 'الجدول'!B145 & CHAR(10) & "• " & 'الجدول'!B146 & CHAR(10) & "• " & 'الجدول'!B147 & CHAR(10) & "• " & 'الجدول'!B148 & CHAR(10) & "• " & 'الجدول'!B149 & CHAR(10) & CHAR(10) & "■■ " & 'الجدول'!C1 & " ■■" & CHAR(10) & "• " & 'الجدول'!C141 & CHAR(10) & "• " & 'الجدول'!C142 & CHAR(10) & "• " & 'الجدول'!C143 & CHAR(10) & "• " & 'الجدول'!C144 & CHAR(10) & "• " & 'الجدول'!C145 & CHAR(10) & "• " & 'الجدول'!C146 & CHAR(10) & "• " & 'الجدول'!C147 & CHAR(10) & "• " & 'الجدول'!C148 & CHAR(10) & "• " & 'الجدول'!C149 & CHAR(10) & CHAR(10) & "■■ " & 'الجدول'!D1 & " ■■" & CHAR(10) & "• " & 'الجدول'!D141 & CHAR(10) & "• " & 'الجدول'!D142 & CHAR(10) & "• " & 'الجدول'!D143 & CHAR(10) & "• " & 'الجدول'!D144 & CHAR(10) & "• " & 'الجدول'!D145 & CHAR(10) & "• " & 'الجدول'!D146 & CHAR(10) & "• " & 'الجدول'!D147 & CHAR(10) & "• " & 'الجدول'!D148 & CHAR(10) & "• " & 'الجدول'!D149 & CHAR(10) & CHAR(10) & "■■ " & 'الجدول'!E1 & " ■■" & CHAR(10) & "• " & 'الجدول'!E141 & CHAR(10) & "• " & 'الجدول'!E142 & CHAR(10) & "• " & 'الجدول'!E143 & CHAR(10) & "• " & 'الجدول'!E144 & CHAR(10) & "• " & 'الجدول'!E145 & CHAR(10) & "• " & 'الجدول'!E146 & CHAR(10) & "• " & 'الجدول'!E147 & CHAR(10) & "• " & 'الجدول'!E148 & CHAR(10) & "• " & 'الجدول'!E149 & CHAR(10) & CHAR(10) & "■■ " & 'الجدول'!F1 & " ■■" & CHAR(10) & "• " & 'الجدول'!F141 & CHAR(10) & "• " & 'الجدول'!F142 & CHAR(10) & "• " & 'الجدول'!F143 & CHAR(10) & "• " & 'الجدول'!F144 & CHAR(10) & "• " & 'الجدول'!F145 & CHAR(10) & "• " & 'الجدول'!F146 & CHAR(10) & "• " & 'الجدول'!F147 & CHAR(10) & "• " & 'الجدول'!F148 & CHAR(10) & "• " & 'الجدول'!F149 & CHAR(10) & CHAR(10) & "■■ " & 'الجدول'!G1 & " ■■" & CHAR(10) & "• " & 'الجدول'!G141 & CHAR(10) & "• " & 'الجدول'!G142 & CHAR(10) & "• " & 'الجدول'!G143 & CHAR(10) & "• " & 'الجدول'!G144 & CHAR(10) & "• " & 'الجدول'!G145 & CHAR(10) & "• " & 'الجدول'!G146 & CHAR(10) & "• " & 'الجدول'!G147 & CHAR(10) & "• " & 'الجدول'!G148 & CHAR(10) & "• " & 'الجدول'!G149 & CHAR(10) & CHAR(10) & "■■ " & 'الجدول'!H1 & " ■■" & CHAR(10) & "• " & 'الجدول'!H141 & CHAR(10) & "• " & 'الجدول'!H142 & CHAR(10) & "• " & 'الجدول'!H143 & CHAR(10) & "• " & 'الجدول'!H144 & CHAR(10) & "• " & 'الجدول'!H145 & CHAR(10) & "• " & 'الجدول'!H146 & CHAR(10) & "• " & 'الجدول'!H147 & CHAR(10) & "• " & 'الجدول'!H148 & CHAR(10) & "• " & 'الجدول'!H149 & CHAR(10) & CHAR(10) & "■■ " & 'الجدول'!I1 & " ■■" & CHAR(10) & "• " & 'الجدول'!I141 & CHAR(10) & "• " & 'الجدول'!I142 & CHAR(10) & "• " & 'الجدول'!I143 & CHAR(10) & "• " & 'الجدول'!I144 & CHAR(10) & "• " & 'الجدول'!I145 & CHAR(10) & "• " & 'الجدول'!I146 & CHAR(10) & "• " & 'الجدول'!I147 & CHAR(10) & "• " & 'الجدول'!I148 & CHAR(10) & "• " & 'الجدول'!I149 & CHAR(10) & CHAR(10) & "■■ " & 'الجدول'!J1 & " ■■" & CHAR(10) & "• " & 'الجدول'!J141 & CHAR(10) & "• " & 'الجدول'!J142 & CHAR(10) & "• " & 'الجدول'!J143 & CHAR(10) & "• " & 'الجدول'!J144 & CHAR(10) & "• " & 'الجدول'!J145 & CHAR(10) & "• " & 'الجدول'!J146 & CHAR(10) & "• " & 'الجدول'!J147 & CHAR(10) & "• " & 'الجدول'!J148 & CHAR(10) & "• " & 'الجدول'!J149 & CHAR(10) & CHAR(10) & "■■ " & 'الجدول'!K1 & " ■■" & CHAR(10) & "• " & 'الجدول'!K141 & CHAR(10) & "• " & 'الجدول'!K142 & CHAR(10) & "• " & 'الجدول'!K143 & CHAR(10) & "• " & 'الجدول'!K144 & CHAR(10) & "• " & 'الجدول'!K145 & CHAR(10) & "• " & 'الجدول'!K146 & CHAR(10) & "• " & 'الجدول'!K147 & CHAR(10) & "• " & 'الجدول'!K148 & CHAR(10) & "• " & 'الجدول'!K149 & CHAR(10) & CHAR(10) & "■■ " & 'الجدول'!L1 & " ■■" & CHAR(10) & "• " & 'الجدول'!L141 & CHAR(10) & "• " & 'الجدول'!L142 & CHAR(10) & "• " & 'الجدول'!L143 & CHAR(10) & "• " & 'الجدول'!L144 & CHAR(10) & "• " & 'الجدول'!L145 & CHAR(10) & "• " & 'الجدول'!L146 & CHAR(10) & "• " & 'الجدول'!L147 & CHAR(10) & "• " & 'الجدول'!L148 & CHAR(10) & "• " & 'الجدول'!L149 & CHAR(10) & CHAR(10) & "■■ " & 'الجدول'!M1 & " ■■" & CHAR(10) & "• " & 'الجدول'!M141 & CHAR(10) & "• " & 'الجدول'!M142 & CHAR(10) & "• " & 'الجدول'!M143 & CHAR(10) & "• " & 'الجدول'!M144 & CHAR(10) & "• " & 'الجدول'!M145 & CHAR(10) & "• " & 'الجدول'!M146 & CHAR(10) & "• " & 'الجدول'!M147 & CHAR(10) & "• " & 'الجدول'!M148 & CHAR(10) & "• " & 'الجدول'!M149 & CHAR(10) & CHAR(10) & "■■ " & 'الجدول'!N1 & " ■■" & CHAR(10) & "• " & 'الجدول'!N141 & CHAR(10) & "• " & 'الجدول'!N142 & CHAR(10) & "• " & 'الجدول'!N143 & CHAR(10) & "• " & 'الجدول'!N144 & CHAR(10) & "• " & 'الجدول'!N145 & CHAR(10) & "• " & 'الجدول'!N146 & CHAR(10) & "• " & 'الجدول'!N147 & CHAR(10) & "• " & 'الجدول'!N148 & CHAR(10) & "• " & 'الجدول'!N149 & CHAR(10) & CHAR(10) & "■■ " & 'الجدول'!O1 & " ■■" & CHAR(10) & "• " & 'الجدول'!O141 & CHAR(10) & "• " & 'الجدول'!O142 & CHAR(10) & "• " & 'الجدول'!O143 & CHAR(10) & "• " & 'الجدول'!O144 & CHAR(10) & "• " & 'الجدول'!O145 & CHAR(10) & "• " & 'الجدول'!O146 & CHAR(10) & "• " & 'الجدول'!O147 & CHAR(10) & "• " & 'الجدول'!O148 & CHAR(10) & "• " & 'الجدول'!O149 & CHAR(10) & CHAR(10) -> ■■ ER ADMISSION-NIGHT-🚨🌙 ■■ • مها حسين السيد (01012349071) • ---------- • ---------- • ---------- • ---------- • ---------- • ---------- • ---------- • ---------- ■■ ER ADMISSIONS -DAY-🚨☀️ ■■ • شيماء رمضان سعد (01021468731) • ---------- • ---------- • ---------- • ---------- • ---------- • ---------- • ---------- • ---------- ■■ ER-clinic Day ☀️🚨 ■■ • دانه طارق (01012809042) • ---------- • ---------- • ---------- • ---------- • ---------- • ---------- • ---------- • ---------- ■■ ER GENERAL-DAY-🚨☀️ ■■ • أحمد رجب محمد (01273127265) • بلال أحمد (01066883767) • سعيد السيد محمد السيد محمد سابق (01203394950) • عمر حسن محمد حسن حجازي (01019701020) • روان ياسر سليم (01005005160) • مصطفى محمد علي محمد بدر (01150245681) • رنا اكرم احمد (01122182132) • سلمى أبوالعلا (01124166114) • عمر محمد سيد (01000688544) ■■ ER GENERAL-NIGHT-🚨🌙 ■■ • Mostafa Ismail (01022400525) • حنان النبوى محمد (01067888751) • شدو محمد شلتوت (1550336384) • احمد ايهاب محمد عواد (01032298339) • مي خالد ابوزيد (01023578224) • كارين باسم صومائيل (01274209975) • محمد محمود ابراهيم (01112057358) • Mohamed Ahmed • ---------- ■■ ER PT-DAY-🚨☀️ ■■ • عمرو عبدالغفار حمزة (01014246636) • مريم السيد أحمد خيرالله (01099882992) • ملك محمد فؤاد (01001721072) • مينا رومانى عبده (01212866642) • Ziad said mohamed (01028577876) • احمد حسام الدين صلاح (01065567736) • احمدنوید قیومی (01104573242) • عبدالمسيح مكرم (01203267885) • ---------- ■■ ER PT-NIGHT-🚨🌙 ■■ • احمد ناصر (01553479200) • هديل هشام منصور الوشاحي (01227221344) • منار احمد سعيد (01092708033) • شهاب احمد حلمي (01055979002) • Sara Refaat (01220039613) • زينة أشرف حسين (01067196820) • محمد عمرو محمد عبدالباقي (01151653320) • رنا اكرم احمد (01122182132) • محمود محمد عبدالرحمن (01023283048) ■■ ER TRIAGE-DAY-🚨☀️ ■■ • كارين روماني راشد (01102663062) • ---------- • ---------- • ---------- • ---------- • ---------- • ---------- • ---------- • ---------- ■■ ER TRIAGE-NIGHT-🚨🌙 ■■ • Youssef elsemary (01126286820) • ---------- • ---------- • ---------- • ---------- • ---------- • ---------- • ---------- • ---------- ■■ ER WARD-DAY-🚨☀️ ■■ • منة السيد عبد الباقي (01274588193) • استيفن مدحت منير (01200226122) • رنيم حاتم رفيق بسيسو (01144758373) • محمود عبد المحسن إبراهيم (01062086612) • أحمد زيدان (01110524147) • مصطفى عبد الراضى صديق (01226696153) • ---------- • ---------- • ---------- ■■ ER WARD-NIGHT-🚨🌙 ■■ • يوسف طه السيد (01207620695) • سندس أحمد سيد (01156131096) • يوسف عاطف رزق الله (01148183647) • Marwan Ayman (01149894940) • كارين روماني راشد (01102663062) • Rawan Elessawy (01010983040) • ---------- • ---------- • ---------- ■■ 🗡️LISTA ■■ • ---------- • ---------- • ---------- • ---------- • ---------- • ---------- • ---------- • ---------- • ---------- ■■ WARD-DAY-☀️ ■■ • ---------- • ---------- • ---------- • ---------- • ---------- • ---------- • ---------- • ---------- • ---------- ■■ WARD-NIGHT-🌙 ■■ • ---------- • ---------- • ---------- • ---------- • ---------- • ---------- • ---------- • ---------- • ---------- | C23: =HYPERLINK("#الجدول!A" & 140, "الجدول الأساسي") -> الجدول الأساسي
A24: 2026-02-23 الاثنين | B24: ="" & "■■ " & 'الجدول'!B1 & " ■■" & CHAR(10) & "• " & 'الجدول'!B150 & CHAR(10) & "• " & 'الجدول'!B151 & CHAR(10) & "• " & 'الجدول'!B152 & CHAR(10) & "• " & 'الجدول'!B153 & CHAR(10) & "• " & 'الجدول'!B154 & CHAR(10) & "• " & 'الجدول'!B155 & CHAR(10) & "• " & 'الجدول'!B156 & CHAR(10) & "• " & 'الجدول'!B157 & CHAR(10) & CHAR(10) & "■■ " & 'الجدول'!C1 & " ■■" & CHAR(10) & "• " & 'الجدول'!C150 & CHAR(10) & "• " & 'الجدول'!C151 & CHAR(10) & "• " & 'الجدول'!C152 & CHAR(10) & "• " & 'الجدول'!C153 & CHAR(10) & "• " & 'الجدول'!C154 & CHAR(10) & "• " & 'الجدول'!C155 & CHAR(10) & "• " & 'الجدول'!C156 & CHAR(10) & "• " & 'الجدول'!C157 & CHAR(10) & CHAR(10) & "■■ " & 'الجدول'!D1 & " ■■" & CHAR(10) & "• " & 'الجدول'!D150 & CHAR(10) & "• " & 'الجدول'!D151 & CHAR(10) & "• " & 'الجدول'!D152 & CHAR(10) & "• " & 'الجدول'!D153 & CHAR(10) & "• " & 'الجدول'!D154 & CHAR(10) & "• " & 'الجدول'!D155 & CHAR(10) & "• " & 'الجدول'!D156 & CHAR(10) & "• " & 'الجدول'!D157 & CHAR(10) & CHAR(10) & "■■ " & 'الجدول'!E1 & " ■■" & CHAR(10) & "• " & 'الجدول'!E150 & CHAR(10) & "• " & 'الجدول'!E151 & CHAR(10) & "• " & 'الجدول'!E152 & CHAR(10) & "• " & 'الجدول'!E153 & CHAR(10) & "• " & 'الجدول'!E154 & CHAR(10) & "• " & 'الجدول'!E155 & CHAR(10) & "• " & 'الجدول'!E156 & CHAR(10) & "• " & 'الجدول'!E157 & CHAR(10) & CHAR(10) & "■■ " & 'الجدول'!F1 & " ■■" & CHAR(10) & "• " & 'الجدول'!F150 & CHAR(10) & "• " & 'الجدول'!F151 & CHAR(10) & "• " & 'الجدول'!F152 & CHAR(10) & "• " & 'الجدول'!F153 & CHAR(10) & "• " & 'الجدول'!F154 & CHAR(10) & "• " & 'الجدول'!F155 & CHAR(10) & "• " & 'الجدول'!F156 & CHAR(10) & "• " & 'الجدول'!F157 & CHAR(10) & CHAR(10) & "■■ " & 'الجدول'!G1 & " ■■" & CHAR(10) & "• " & 'الجدول'!G150 & CHAR(10) & "• " & 'الجدول'!G151 & CHAR(10) & "• " & 'الجدول'!G152 & CHAR(10) & "• " & 'الجدول'!G153 & CHAR(10) & "• " & 'الجدول'!G154 & CHAR(10) & "• " & 'الجدول'!G155 & CHAR(10) & "• " & 'الجدول'!G156 & CHAR(10) & "• " & 'الجدول'!G157 & CHAR(10) & CHAR(10) & "■■ " & 'الجدول'!H1 & " ■■" & CHAR(10) & "• " & 'الجدول'!H150 & CHAR(10) & "• " & 'الجدول'!H151 & CHAR(10) & "• " & 'الجدول'!H152 & CHAR(10) & "• " & 'الجدول'!H153 & CHAR(10) & "• " & 'الجدول'!H154 & CHAR(10) & "• " & 'الجدول'!H155 & CHAR(10) & "• " & 'الجدول'!H156 & CHAR(10) & "• " & 'الجدول'!H157 & CHAR(10) & CHAR(10) & "■■ " & 'الجدول'!I1 & " ■■" & CHAR(10) & "• " & 'الجدول'!I150 & CHAR(10) & "• " & 'الجدول'!I151 & CHAR(10) & "• " & 'الجدول'!I152 & CHAR(10) & "• " & 'الجدول'!I153 & CHAR(10) & "• " & 'الجدول'!I154 & CHAR(10) & "• " & 'الجدول'!I155 & CHAR(10) & "• " & 'الجدول'!I156 & CHAR(10) & "• " & 'الجدول'!I157 & CHAR(10) & CHAR(10) & "■■ " & 'الجدول'!J1 & " ■■" & CHAR(10) & "• " & 'الجدول'!J150 & CHAR(10) & "• " & 'الجدول'!J151 & CHAR(10) & "• " & 'الجدول'!J152 & CHAR(10) & "• " & 'الجدول'!J153 & CHAR(10) & "• " & 'الجدول'!J154 & CHAR(10) & "• " & 'الجدول'!J155 & CHAR(10) & "• " & 'الجدول'!J156 & CHAR(10) & "• " & 'الجدول'!J157 & CHAR(10) & CHAR(10) & "■■ " & 'الجدول'!K1 & " ■■" & CHAR(10) & "• " & 'الجدول'!K150 & CHAR(10) & "• " & 'الجدول'!K151 & CHAR(10) & "• " & 'الجدول'!K152 & CHAR(10) & "• " & 'الجدول'!K153 & CHAR(10) & "• " & 'الجدول'!K154 & CHAR(10) & "• " & 'الجدول'!K155 & CHAR(10) & "• " & 'الجدول'!K156 & CHAR(10) & "• " & 'الجدول'!K157 & CHAR(10) & CHAR(10) & "■■ " & 'الجدول'!L1 & " ■■" & CHAR(10) & "• " & 'الجدول'!L150 & CHAR(10) & "• " & 'الجدول'!L151 & CHAR(10) & "• " & 'الجدول'!L152 & CHAR(10) & "• " & 'الجدول'!L153 & CHAR(10) & "• " & 'الجدول'!L154 & CHAR(10) & "• " & 'الجدول'!L155 & CHAR(10) & "• " & 'الجدول'!L156 & CHAR(10) & "• " & 'الجدول'!L157 & CHAR(10) & CHAR(10) & "■■ " & 'الجدول'!M1 & " ■■" & CHAR(10) & "• " & 'الجدول'!M150 & CHAR(10) & "• " & 'الجدول'!M151 & CHAR(10) & "• " & 'الجدول'!M152 & CHAR(10) & "• " & 'الجدول'!M153 & CHAR(10) & "• " & 'الجدول'!M154 & CHAR(10) & "• " & 'الجدول'!M155 & CHAR(10) & "• " & 'الجدول'!M156 & CHAR(10) & "• " & 'الجدول'!M157 & CHAR(10) & CHAR(10) & "■■ " & 'الجدول'!N1 & " ■■" & CHAR(10) & "• " & 'الجدول'!N150 & CHAR(10) & "• " & 'الجدول'!N151 & CHAR(10) & "• " & 'الجدول'!N152 & CHAR(10) & "• " & 'الجدول'!N153 & CHAR(10) & "• " & 'الجدول'!N154 & CHAR(10) & "• " & 'الجدول'!N155 & CHAR(10) & "• " & 'الجدول'!N156 & CHAR(10) & "• " & 'الجدول'!N157 & CHAR(10) & CHAR(10) & "■■ " & 'الجدول'!O1 & " ■■" & CHAR(10) & "• " & 'الجدول'!O150 & CHAR(10) & "• " & 'الجدول'!O151 & CHAR(10) & "• " & 'الجدول'!O152 & CHAR(10) & "• " & 'الجدول'!O153 & CHAR(10) & "• " & 'الجدول'!O154 & CHAR(10) & "• " & 'الجدول'!O155 & CHAR(10) & "• " & 'الجدول'!O156 & CHAR(10) & "• " & 'الجدول'!O157 & CHAR(10) & CHAR(10) -> ■■ ER ADMISSION-NIGHT-🚨🌙 ■■ • ---------- • ---------- • ---------- • ---------- • ---------- • ---------- • ---------- • ---------- ■■ ER ADMISSIONS -DAY-🚨☀️ ■■ • ---------- • ---------- • ---------- • ---------- • ---------- • ---------- • ---------- • ---------- ■■ ER-clinic Day ☀️🚨 ■■ • ---------- • ---------- • ---------- • ---------- • ---------- • ---------- • ---------- • ---------- ■■ ER GENERAL-DAY-🚨☀️ ■■ • ---------- • ---------- • ---------- • ---------- • ---------- • ---------- • ---------- • ---------- ■■ ER GENERAL-NIGHT-🚨🌙 ■■ • ---------- • ---------- • ---------- • ---------- • ---------- • ---------- • ---------- • ---------- ■■ ER PT-DAY-🚨☀️ ■■ • ---------- • ---------- • ---------- • ---------- • ---------- • ---------- • ---------- • ---------- ■■ ER PT-NIGHT-🚨🌙 ■■ • ---------- • ---------- • ---------- • ---------- • ---------- • ---------- • ---------- • ---------- ■■ ER TRIAGE-DAY-🚨☀️ ■■ • ---------- • ---------- • ---------- • ---------- • ---------- • ---------- • ---------- • ---------- ■■ ER TRIAGE-NIGHT-🚨🌙 ■■ • ---------- • ---------- • ---------- • ---------- • ---------- • ---------- • ---------- • ---------- ■■ ER WARD-DAY-🚨☀️ ■■ • ---------- • ---------- • ---------- • ---------- • ---------- • ---------- • ---------- • ---------- ■■ ER WARD-NIGHT-🚨🌙 ■■ • ---------- • ---------- • ---------- • ---------- • ---------- • ---------- • ---------- • ---------- ■■ 🗡️LISTA ■■ • ---------- • ---------- • ---------- • ---------- • ---------- • ---------- • ---------- • ---------- ■■ WARD-DAY-☀️ ■■ • مصطفى محمد علي محمد بدر (01150245681) • عمر محمد سيد (01000688544) • منار احمد سعيد (01092708033) • شيماء رمضان سعد (01021468731) • بلال أحمد (01066883767) • مصطفى عبد الراضى صديق (01226696153) • زينة أشرف حسين (01067196820) • زينة أشرف حسين (01067196820) ■■ WARD-NIGHT-🌙 ■■ • شهاب احمد حلمي (01055979002) • أحمد زيدان (01110524147) • Sara Refaat (01220039613) • Mostafa Ismail (01022400525) • نورهان محمد (0112 826 8287) • ---------- • ---------- • ---------- | C24: =HYPERLINK("#الجدول!A" & 149, "الجدول الأساسي") -> الجدول الأساسي
A25: 2026-02-24 الثلاثاء | B25: ="" & "■■ " & 'الجدول'!B1 & " ■■" & CHAR(10) & "• " & 'الجدول'!B158 & CHAR(10) & "• " & 'الجدول'!B159 & CHAR(10) & "• " & 'الجدول'!B160 & CHAR(10) & "• " & 'الجدول'!B161 & CHAR(10) & "• " & 'الجدول'!B162 & CHAR(10) & "• " & 'الجدول'!B163 & CHAR(10) & CHAR(10) & "■■ " & 'الجدول'!C1 & " ■■" & CHAR(10) & "• " & 'الجدول'!C158 & CHAR(10) & "• " & 'الجدول'!C159 & CHAR(10) & "• " & 'الجدول'!C160 & CHAR(10) & "• " & 'الجدول'!C161 & CHAR(10) & "• " & 'الجدول'!C162 & CHAR(10) & "• " & 'الجدول'!C163 & CHAR(10) & CHAR(10) & "■■ " & 'الجدول'!D1 & " ■■" & CHAR(10) & "• " & 'الجدول'!D158 & CHAR(10) & "• " & 'الجدول'!D159 & CHAR(10) & "• " & 'الجدول'!D160 & CHAR(10) & "• " & 'الجدول'!D161 & CHAR(10) & "• " & 'الجدول'!D162 & CHAR(10) & "• " & 'الجدول'!D163 & CHAR(10) & CHAR(10) & "■■ " & 'الجدول'!E1 & " ■■" & CHAR(10) & "• " & 'الجدول'!E158 & CHAR(10) & "• " & 'الجدول'!E159 & CHAR(10) & "• " & 'الجدول'!E160 & CHAR(10) & "• " & 'الجدول'!E161 & CHAR(10) & "• " & 'الجدول'!E162 & CHAR(10) & "• " & 'الجدول'!E163 & CHAR(10) & CHAR(10) & "■■ " & 'الجدول'!F1 & " ■■" & CHAR(10) & "• " & 'الجدول'!F158 & CHAR(10) & "• " & 'الجدول'!F159 & CHAR(10) & "• " & 'الجدول'!F160 & CHAR(10) & "• " & 'الجدول'!F161 & CHAR(10) & "• " & 'الجدول'!F162 & CHAR(10) & "• " & 'الجدول'!F163 & CHAR(10) & CHAR(10) & "■■ " & 'الجدول'!G1 & " ■■" & CHAR(10) & "• " & 'الجدول'!G158 & CHAR(10) & "• " & 'الجدول'!G159 & CHAR(10) & "• " & 'الجدول'!G160 & CHAR(10) & "• " & 'الجدول'!G161 & CHAR(10) & "• " & 'الجدول'!G162 & CHAR(10) & "• " & 'الجدول'!G163 & CHAR(10) & CHAR(10) & "■■ " & 'الجدول'!H1 & " ■■" & CHAR(10) & "• " & 'الجدول'!H158 & CHAR(10) & "• " & 'الجدول'!H159 & CHAR(10) & "• " & 'الجدول'!H160 & CHAR(10) & "• " & 'الجدول'!H161 & CHAR(10) & "• " & 'الجدول'!H162 & CHAR(10) & "• " & 'الجدول'!H163 & CHAR(10) & CHAR(10) & "■■ " & 'الجدول'!I1 & " ■■" & CHAR(10) & "• " & 'الجدول'!I158 & CHAR(10) & "• " & 'الجدول'!I159 & CHAR(10) & "• " & 'الجدول'!I160 & CHAR(10) & "• " & 'الجدول'!I161 & CHAR(10) & "• " & 'الجدول'!I162 & CHAR(10) & "• " & 'الجدول'!I163 & CHAR(10) & CHAR(10) & "■■ " & 'الجدول'!J1 & " ■■" & CHAR(10) & "• " & 'الجدول'!J158 & CHAR(10) & "• " & 'الجدول'!J159 & CHAR(10) & "• " & 'الجدول'!J160 & CHAR(10) & "• " & 'الجدول'!J161 & CHAR(10) & "• " & 'الجدول'!J162 & CHAR(10) & "• " & 'الجدول'!J163 & CHAR(10) & CHAR(10) & "■■ " & 'الجدول'!K1 & " ■■" & CHAR(10) & "• " & 'الجدول'!K158 & CHAR(10) & "• " & 'الجدول'!K159 & CHAR(10) & "• " & 'الجدول'!K160 & CHAR(10) & "• " & 'الجدول'!K161 & CHAR(10) & "• " & 'الجدول'!K162 & CHAR(10) & "• " & 'الجدول'!K163 & CHAR(10) & CHAR(10) & "■■ " & 'الجدول'!L1 & " ■■" & CHAR(10) & "• " & 'الجدول'!L158 & CHAR(10) & "• " & 'الجدول'!L159 & CHAR(10) & "• " & 'الجدول'!L160 & CHAR(10) & "• " & 'الجدول'!L161 & CHAR(10) & "• " & 'الجدول'!L162 & CHAR(10) & "• " & 'الجدول'!L163 & CHAR(10) & CHAR(10) & "■■ " & 'الجدول'!M1 & " ■■" & CHAR(10) & "• " & 'الجدول'!M158 & CHAR(10) & "• " & 'الجدول'!M159 & CHAR(10) & "• " & 'الجدول'!M160 & CHAR(10) & "• " & 'الجدول'!M161 & CHAR(10) & "• " & 'الجدول'!M162 & CHAR(10) & "• " & 'الجدول'!M163 & CHAR(10) & CHAR(10) & "■■ " & 'الجدول'!N1 & " ■■" & CHAR(10) & "• " & 'الجدول'!N158 & CHAR(10) & "• " & 'الجدول'!N159 & CHAR(10) & "• " & 'الجدول'!N160 & CHAR(10) & "• " & 'الجدول'!N161 & CHAR(10) & "• " & 'الجدول'!N162 & CHAR(10) & "• " & 'الجدول'!N163 & CHAR(10) & CHAR(10) & "■■ " & 'الجدول'!O1 & " ■■" & CHAR(10) & "• " & 'الجدول'!O158 & CHAR(10) & "• " & 'الجدول'!O159 & CHAR(10) & "• " & 'الجدول'!O160 & CHAR(10) & "• " & 'الجدول'!O161 & CHAR(10) & "• " & 'الجدول'!O162 & CHAR(10) & "• " & 'الجدول'!O163 & CHAR(10) & CHAR(10) -> ■■ ER ADMISSION-NIGHT-🚨🌙 ■■ • ---------- • ---------- • ---------- • ---------- • ---------- • ---------- ■■ ER ADMISSIONS -DAY-🚨☀️ ■■ • ---------- • ---------- • ---------- • ---------- • ---------- • ---------- ■■ ER-clinic Day ☀️🚨 ■■ • ---------- • ---------- • ---------- • ---------- • ---------- • ---------- ■■ ER GENERAL-DAY-🚨☀️ ■■ • ---------- • ---------- • ---------- • ---------- • ---------- • ---------- ■■ ER GENERAL-NIGHT-🚨🌙 ■■ • ---------- • ---------- • ---------- • ---------- • ---------- • ---------- ■■ ER PT-DAY-🚨☀️ ■■ • ---------- • ---------- • ---------- • ---------- • ---------- • ---------- ■■ ER PT-NIGHT-🚨🌙 ■■ • ---------- • ---------- • ---------- • ---------- • ---------- • ---------- ■■ ER TRIAGE-DAY-🚨☀️ ■■ • ---------- • ---------- • ---------- • ---------- • ---------- • ---------- ■■ ER TRIAGE-NIGHT-🚨🌙 ■■ • ---------- • ---------- • ---------- • ---------- • ---------- • ---------- ■■ ER WARD-DAY-🚨☀️ ■■ • ---------- • ---------- • ---------- • ---------- • ---------- • ---------- ■■ ER WARD-NIGHT-🚨🌙 ■■ • ---------- • ---------- • ---------- • ---------- • ---------- • ---------- ■■ 🗡️LISTA ■■ • عبدالمسيح مكرم (01203267885) • مينا رومانى عبده (01212866642) • عمر حسن محمد حسن حجازي (01019701020) • ---------- • ---------- • ---------- ■■ WARD-DAY-☀️ ■■ • كارين روماني راشد (01102663062) • دانه طارق (01012809042) • محمود عبد المحسن إبراهيم (01062086612) • استيفن مدحت منير (01200226122) • مها حسين السيد (01012349071) • مي خالد ابوزيد (01023578224) ■■ WARD-NIGHT-🌙 ■■ • كارين باسم صومائيل (01274209975) • رنا اكرم احمد (01122182132) • عمر حسن محمد حسن حجازي (01019701020) • Mohamed Ahmed • ---------- • ---------- | C25: =HYPERLINK("#الجدول!A" & 157, "الجدول الأساسي") -> الجدول الأساسي
A26: 2026-02-25 الأربعاء | B26: ="" & "■■ " & 'الجدول'!B1 & " ■■" & CHAR(10) & "• " & 'الجدول'!B164 & CHAR(10) & "• " & 'الجدول'!B165 & CHAR(10) & "• " & 'الجدول'!B166 & CHAR(10) & "• " & 'الجدول'!B167 & CHAR(10) & "• " & 'الجدول'!B168 & CHAR(10) & "• " & 'الجدول'!B169 & CHAR(10) & CHAR(10) & "■■ " & 'الجدول'!C1 & " ■■" & CHAR(10) & "• " & 'الجدول'!C164 & CHAR(10) & "• " & 'الجدول'!C165 & CHAR(10) & "• " & 'الجدول'!C166 & CHAR(10) & "• " & 'الجدول'!C167 & CHAR(10) & "• " & 'الجدول'!C168 & CHAR(10) & "• " & 'الجدول'!C169 & CHAR(10) & CHAR(10) & "■■ " & 'الجدول'!D1 & " ■■" & CHAR(10) & "• " & 'الجدول'!D164 & CHAR(10) & "• " & 'الجدول'!D165 & CHAR(10) & "• " & 'الجدول'!D166 & CHAR(10) & "• " & 'الجدول'!D167 & CHAR(10) & "• " & 'الجدول'!D168 & CHAR(10) & "• " & 'الجدول'!D169 & CHAR(10) & CHAR(10) & "■■ " & 'الجدول'!E1 & " ■■" & CHAR(10) & "• " & 'الجدول'!E164 & CHAR(10) & "• " & 'الجدول'!E165 & CHAR(10) & "• " & 'الجدول'!E166 & CHAR(10) & "• " & 'الجدول'!E167 & CHAR(10) & "• " & 'الجدول'!E168 & CHAR(10) & "• " & 'الجدول'!E169 & CHAR(10) & CHAR(10) & "■■ " & 'الجدول'!F1 & " ■■" & CHAR(10) & "• " & 'الجدول'!F164 & CHAR(10) & "• " & 'الجدول'!F165 & CHAR(10) & "• " & 'الجدول'!F166 & CHAR(10) & "• " & 'الجدول'!F167 & CHAR(10) & "• " & 'الجدول'!F168 & CHAR(10) & "• " & 'الجدول'!F169 & CHAR(10) & CHAR(10) & "■■ " & 'الجدول'!G1 & " ■■" & CHAR(10) & "• " & 'الجدول'!G164 & CHAR(10) & "• " & 'الجدول'!G165 & CHAR(10) & "• " & 'الجدول'!G166 & CHAR(10) & "• " & 'الجدول'!G167 & CHAR(10) & "• " & 'الجدول'!G168 & CHAR(10) & "• " & 'الجدول'!G169 & CHAR(10) & CHAR(10) & "■■ " & 'الجدول'!H1 & " ■■" & CHAR(10) & "• " & 'الجدول'!H164 & CHAR(10) & "• " & 'الجدول'!H165 & CHAR(10) & "• " & 'الجدول'!H166 & CHAR(10) & "• " & 'الجدول'!H167 & CHAR(10) & "• " & 'الجدول'!H168 & CHAR(10) & "• " & 'الجدول'!H169 & CHAR(10) & CHAR(10) & "■■ " & 'الجدول'!I1 & " ■■" & CHAR(10) & "• " & 'الجدول'!I164 & CHAR(10) & "• " & 'الجدول'!I165 & CHAR(10) & "• " & 'الجدول'!I166 & CHAR(10) & "• " & 'الجدول'!I167 & CHAR(10) & "• " & 'الجدول'!I168 & CHAR(10) & "• " & 'الجدول'!I169 & CHAR(10) & CHAR(10) & "■■ " & 'الجدول'!J1 & " ■■" & CHAR(10) & "• " & 'الجدول'!J164 & CHAR(10) & "• " & 'الجدول'!J165 & CHAR(10) & "• " & 'الجدول'!J166 & CHAR(10) & "• " & 'الجدول'!J167 & CHAR(10) & "• " & 'الجدول'!J168 & CHAR(10) & "• " & 'الجدول'!J169 & CHAR(10) & CHAR(10) & "■■ " & 'الجدول'!K1 & " ■■" & CHAR(10) & "• " & 'الجدول'!K164 & CHAR(10) & "• " & 'الجدول'!K165 & CHAR(10) & "• " & 'الجدول'!K166 & CHAR(10) & "• " & 'الجدول'!K167 & CHAR(10) & "• " & 'الجدول'!K168 & CHAR(10) & "• " & 'الجدول'!K169 & CHAR(10) & CHAR(10) & "■■ " & 'الجدول'!L1 & " ■■" & CHAR(10) & "• " & 'الجدول'!L164 & CHAR(10) & "• " & 'الجدول'!L165 & CHAR(10) & "• " & 'الجدول'!L166 & CHAR(10) & "• " & 'الجدول'!L167 & CHAR(10) & "• " & 'الجدول'!L168 & CHAR(10) & "• " & 'الجدول'!L169 & CHAR(10) & CHAR(10) & "■■ " & 'الجدول'!M1 & " ■■" & CHAR(10) & "• " & 'الجدول'!M164 & CHAR(10) & "• " & 'الجدول'!M165 & CHAR(10) & "• " & 'الجدول'!M166 & CHAR(10) & "• " & 'الجدول'!M167 & CHAR(10) & "• " & 'الجدول'!M168 & CHAR(10) & "• " & 'الجدول'!M169 & CHAR(10) & CHAR(10) & "■■ " & 'الجدول'!N1 & " ■■" & CHAR(10) & "• " & 'الجدول'!N164 & CHAR(10) & "• " & 'الجدول'!N165 & CHAR(10) & "• " & 'الجدول'!N166 & CHAR(10) & "• " & 'الجدول'!N167 & CHAR(10) & "• " & 'الجدول'!N168 & CHAR(10) & "• " & 'الجدول'!N169 & CHAR(10) & CHAR(10) & "■■ " & 'الجدول'!O1 & " ■■" & CHAR(10) & "• " & 'الجدول'!O164 & CHAR(10) & "• " & 'الجدول'!O165 & CHAR(10) & "• " & 'الجدول'!O166 & CHAR(10) & "• " & 'الجدول'!O167 & CHAR(10) & "• " & 'الجدول'!O168 & CHAR(10) & "• " & 'الجدول'!O169 & CHAR(10) & CHAR(10) -> ■■ ER ADMISSION-NIGHT-🚨🌙 ■■ • ---------- • ---------- • ---------- • ---------- • ---------- • ---------- ■■ ER ADMISSIONS -DAY-🚨☀️ ■■ • ---------- • ---------- • ---------- • ---------- • ---------- • ---------- ■■ ER-clinic Day ☀️🚨 ■■ • ---------- • ---------- • ---------- • ---------- • ---------- • ---------- ■■ ER GENERAL-DAY-🚨☀️ ■■ • ---------- • ---------- • ---------- • ---------- • ---------- • ---------- ■■ ER GENERAL-NIGHT-🚨🌙 ■■ • ---------- • ---------- • ---------- • ---------- • ---------- • ---------- ■■ ER PT-DAY-🚨☀️ ■■ • ---------- • ---------- • ---------- • ---------- • ---------- • ---------- ■■ ER PT-NIGHT-🚨🌙 ■■ • ---------- • ---------- • ---------- • ---------- • ---------- • ---------- ■■ ER TRIAGE-DAY-🚨☀️ ■■ • ---------- • ---------- • ---------- • ---------- • ---------- • ---------- ■■ ER TRIAGE-NIGHT-🚨🌙 ■■ • ---------- • ---------- • ---------- • ---------- • ---------- • ---------- ■■ ER WARD-DAY-🚨☀️ ■■ • ---------- • ---------- • ---------- • ---------- • ---------- • ---------- ■■ ER WARD-NIGHT-🚨🌙 ■■ • ---------- • ---------- • ---------- • ---------- • ---------- • ---------- ■■ 🗡️LISTA ■■ • ---------- • ---------- • ---------- • ---------- • ---------- • ---------- ■■ WARD-DAY-☀️ ■■ • مها حسين السيد (01012349071) • كارين روماني راشد (01102663062) • منة السيد عبد الباقي (01274588193) • رنيم حاتم رفيق بسيسو (01144758373) • بلال جودة (01066199644) • Ziad said mohamed (01028577876) ■■ WARD-NIGHT-🌙 ■■ • أحمد زيدان (01110524147) • Sara Refaat (01220039613) • نورهان محمد (0112 826 8287) • ملك محمد فؤاد (01001721072) • ---------- • ---------- | C26: =HYPERLINK("#الجدول!A" & 163, "الجدول الأساسي") -> الجدول الأساسي
A27: 2026-02-26 الخميس | B27: ="" & "■■ " & 'الجدول'!B1 & " ■■" & CHAR(10) & "• " & 'الجدول'!B170 & CHAR(10) & "• " & 'الجدول'!B171 & CHAR(10) & "• " & 'الجدول'!B172 & CHAR(10) & "• " & 'الجدول'!B173 & CHAR(10) & "• " & 'الجدول'!B174 & CHAR(10) & CHAR(10) & "■■ " & 'الجدول'!C1 & " ■■" & CHAR(10) & "• " & 'الجدول'!C170 & CHAR(10) & "• " & 'الجدول'!C171 & CHAR(10) & "• " & 'الجدول'!C172 & CHAR(10) & "• " & 'الجدول'!C173 & CHAR(10) & "• " & 'الجدول'!C174 & CHAR(10) & CHAR(10) & "■■ " & 'الجدول'!D1 & " ■■" & CHAR(10) & "• " & 'الجدول'!D170 & CHAR(10) & "• " & 'الجدول'!D171 & CHAR(10) & "• " & 'الجدول'!D172 & CHAR(10) & "• " & 'الجدول'!D173 & CHAR(10) & "• " & 'الجدول'!D174 & CHAR(10) & CHAR(10) & "■■ " & 'الجدول'!E1 & " ■■" & CHAR(10) & "• " & 'الجدول'!E170 & CHAR(10) & "• " & 'الجدول'!E171 & CHAR(10) & "• " & 'الجدول'!E172 & CHAR(10) & "• " & 'الجدول'!E173 & CHAR(10) & "• " & 'الجدول'!E174 & CHAR(10) & CHAR(10) & "■■ " & 'الجدول'!F1 & " ■■" & CHAR(10) & "• " & 'الجدول'!F170 & CHAR(10) & "• " & 'الجدول'!F171 & CHAR(10) & "• " & 'الجدول'!F172 & CHAR(10) & "• " & 'الجدول'!F173 & CHAR(10) & "• " & 'الجدول'!F174 & CHAR(10) & CHAR(10) & "■■ " & 'الجدول'!G1 & " ■■" & CHAR(10) & "• " & 'الجدول'!G170 & CHAR(10) & "• " & 'الجدول'!G171 & CHAR(10) & "• " & 'الجدول'!G172 & CHAR(10) & "• " & 'الجدول'!G173 & CHAR(10) & "• " & 'الجدول'!G174 & CHAR(10) & CHAR(10) & "■■ " & 'الجدول'!H1 & " ■■" & CHAR(10) & "• " & 'الجدول'!H170 & CHAR(10) & "• " & 'الجدول'!H171 & CHAR(10) & "• " & 'الجدول'!H172 & CHAR(10) & "• " & 'الجدول'!H173 & CHAR(10) & "• " & 'الجدول'!H174 & CHAR(10) & CHAR(10) & "■■ " & 'الجدول'!I1 & " ■■" & CHAR(10) & "• " & 'الجدول'!I170 & CHAR(10) & "• " & 'الجدول'!I171 & CHAR(10) & "• " & 'الجدول'!I172 & CHAR(10) & "• " & 'الجدول'!I173 & CHAR(10) & "• " & 'الجدول'!I174 & CHAR(10) & CHAR(10) & "■■ " & 'الجدول'!J1 & " ■■" & CHAR(10) & "• " & 'الجدول'!J170 & CHAR(10) & "• " & 'الجدول'!J171 & CHAR(10) & "• " & 'الجدول'!J172 & CHAR(10) & "• " & 'الجدول'!J173 & CHAR(10) & "• " & 'الجدول'!J174 & CHAR(10) & CHAR(10) & "■■ " & 'الجدول'!K1 & " ■■" & CHAR(10) & "• " & 'الجدول'!K170 & CHAR(10) & "• " & 'الجدول'!K171 & CHAR(10) & "• " & 'الجدول'!K172 & CHAR(10) & "• " & 'الجدول'!K173 & CHAR(10) & "• " & 'الجدول'!K174 & CHAR(10) & CHAR(10) & "■■ " & 'الجدول'!L1 & " ■■" & CHAR(10) & "• " & 'الجدول'!L170 & CHAR(10) & "• " & 'الجدول'!L171 & CHAR(10) & "• " & 'الجدول'!L172 & CHAR(10) & "• " & 'الجدول'!L173 & CHAR(10) & "• " & 'الجدول'!L174 & CHAR(10) & CHAR(10) & "■■ " & 'الجدول'!M1 & " ■■" & CHAR(10) & "• " & 'الجدول'!M170 & CHAR(10) & "• " & 'الجدول'!M171 & CHAR(10) & "• " & 'الجدول'!M172 & CHAR(10) & "• " & 'الجدول'!M173 & CHAR(10) & "• " & 'الجدول'!M174 & CHAR(10) & CHAR(10) & "■■ " & 'الجدول'!N1 & " ■■" & CHAR(10) & "• " & 'الجدول'!N170 & CHAR(10) & "• " & 'الجدول'!N171 & CHAR(10) & "• " & 'الجدول'!N172 & CHAR(10) & "• " & 'الجدول'!N173 & CHAR(10) & "• " & 'الجدول'!N174 & CHAR(10) & CHAR(10) & "■■ " & 'الجدول'!O1 & " ■■" & CHAR(10) & "• " & 'الجدول'!O170 & CHAR(10) & "• " & 'الجدول'!O171 & CHAR(10) & "• " & 'الجدول'!O172 & CHAR(10) & "• " & 'الجدول'!O173 & CHAR(10) & "• " & 'الجدول'!O174 & CHAR(10) & CHAR(10) -> ■■ ER ADMISSION-NIGHT-🚨🌙 ■■ • ---------- • ---------- • ---------- • ---------- • ---------- ■■ ER ADMISSIONS -DAY-🚨☀️ ■■ • ---------- • ---------- • ---------- • ---------- • ---------- ■■ ER-clinic Day ☀️🚨 ■■ • ---------- • ---------- • ---------- • ---------- • ---------- ■■ ER GENERAL-DAY-🚨☀️ ■■ • ---------- • ---------- • ---------- • ---------- • ---------- ■■ ER GENERAL-NIGHT-🚨🌙 ■■ • ---------- • ---------- • ---------- • ---------- • ---------- ■■ ER PT-DAY-🚨☀️ ■■ • ---------- • ---------- • ---------- • ---------- • ---------- ■■ ER PT-NIGHT-🚨🌙 ■■ • ---------- • ---------- • ---------- • ---------- • ---------- ■■ ER TRIAGE-DAY-🚨☀️ ■■ • ---------- • ---------- • ---------- • ---------- • ---------- ■■ ER TRIAGE-NIGHT-🚨🌙 ■■ • ---------- • ---------- • ---------- • ---------- • ---------- ■■ ER WARD-DAY-🚨☀️ ■■ • ---------- • ---------- • ---------- • ---------- • ---------- ■■ ER WARD-NIGHT-🚨🌙 ■■ • ---------- • ---------- • ---------- • ---------- • ---------- ■■ 🗡️LISTA ■■ • ---------- • ---------- • ---------- • ---------- • ---------- ■■ WARD-DAY-☀️ ■■ • مي طارق نهاد (01287477488) • عمرو عبدالغفار حمزة (01014246636) • سندس أحمد سيد (01156131096) • عمر محمد سيد (01000688544) • ملك محمد فؤاد (01001721072) ■■ WARD-NIGHT-🌙 ■■ • رنا اكرم احمد (01122182132) • ريهام سعد عبدالرحمن (01124867574) • محمود محمد عبدالرحمن (01023283048) • ---------- • ---------- | C27: =HYPERLINK("#الجدول!A" & 169, "الجدول الأساسي") -> الجدول الأساسي
A28: 2026-02-27 الجمعة | B28: ="" & "■■ " & 'الجدول'!B1 & " ■■" & CHAR(10) & "• " & 'الجدول'!B175 & CHAR(10) & "• " & 'الجدول'!B176 & CHAR(10) & "• " & 'الجدول'!B177 & CHAR(10) & "• " & 'الجدول'!B178 & CHAR(10) & "• " & 'الجدول'!B179 & CHAR(10) & CHAR(10) & "■■ " & 'الجدول'!C1 & " ■■" & CHAR(10) & "• " & 'الجدول'!C175 & CHAR(10) & "• " & 'الجدول'!C176 & CHAR(10) & "• " & 'الجدول'!C177 & CHAR(10) & "• " & 'الجدول'!C178 & CHAR(10) & "• " & 'الجدول'!C179 & CHAR(10) & CHAR(10) & "■■ " & 'الجدول'!D1 & " ■■" & CHAR(10) & "• " & 'الجدول'!D175 & CHAR(10) & "• " & 'الجدول'!D176 & CHAR(10) & "• " & 'الجدول'!D177 & CHAR(10) & "• " & 'الجدول'!D178 & CHAR(10) & "• " & 'الجدول'!D179 & CHAR(10) & CHAR(10) & "■■ " & 'الجدول'!E1 & " ■■" & CHAR(10) & "• " & 'الجدول'!E175 & CHAR(10) & "• " & 'الجدول'!E176 & CHAR(10) & "• " & 'الجدول'!E177 & CHAR(10) & "• " & 'الجدول'!E178 & CHAR(10) & "• " & 'الجدول'!E179 & CHAR(10) & CHAR(10) & "■■ " & 'الجدول'!F1 & " ■■" & CHAR(10) & "• " & 'الجدول'!F175 & CHAR(10) & "• " & 'الجدول'!F176 & CHAR(10) & "• " & 'الجدول'!F177 & CHAR(10) & "• " & 'الجدول'!F178 & CHAR(10) & "• " & 'الجدول'!F179 & CHAR(10) & CHAR(10) & "■■ " & 'الجدول'!G1 & " ■■" & CHAR(10) & "• " & 'الجدول'!G175 & CHAR(10) & "• " & 'الجدول'!G176 & CHAR(10) & "• " & 'الجدول'!G177 & CHAR(10) & "• " & 'الجدول'!G178 & CHAR(10) & "• " & 'الجدول'!G179 & CHAR(10) & CHAR(10) & "■■ " & 'الجدول'!H1 & " ■■" & CHAR(10) & "• " & 'الجدول'!H175 & CHAR(10) & "• " & 'الجدول'!H176 & CHAR(10) & "• " & 'الجدول'!H177 & CHAR(10) & "• " & 'الجدول'!H178 & CHAR(10) & "• " & 'الجدول'!H179 & CHAR(10) & CHAR(10) & "■■ " & 'الجدول'!I1 & " ■■" & CHAR(10) & "• " & 'الجدول'!I175 & CHAR(10) & "• " & 'الجدول'!I176 & CHAR(10) & "• " & 'الجدول'!I177 & CHAR(10) & "• " & 'الجدول'!I178 & CHAR(10) & "• " & 'الجدول'!I179 & CHAR(10) & CHAR(10) & "■■ " & 'الجدول'!J1 & " ■■" & CHAR(10) & "• " & 'الجدول'!J175 & CHAR(10) & "• " & 'الجدول'!J176 & CHAR(10) & "• " & 'الجدول'!J177 & CHAR(10) & "• " & 'الجدول'!J178 & CHAR(10) & "• " & 'الجدول'!J179 & CHAR(10) & CHAR(10) & "■■ " & 'الجدول'!K1 & " ■■" & CHAR(10) & "• " & 'الجدول'!K175 & CHAR(10) & "• " & 'الجدول'!K176 & CHAR(10) & "• " & 'الجدول'!K177 & CHAR(10) & "• " & 'الجدول'!K178 & CHAR(10) & "• " & 'الجدول'!K179 & CHAR(10) & CHAR(10) & "■■ " & 'الجدول'!L1 & " ■■" & CHAR(10) & "• " & 'الجدول'!L175 & CHAR(10) & "• " & 'الجدول'!L176 & CHAR(10) & "• " & 'الجدول'!L177 & CHAR(10) & "• " & 'الجدول'!L178 & CHAR(10) & "• " & 'الجدول'!L179 & CHAR(10) & CHAR(10) & "■■ " & 'الجدول'!M1 & " ■■" & CHAR(10) & "• " & 'الجدول'!M175 & CHAR(10) & "• " & 'الجدول'!M176 & CHAR(10) & "• " & 'الجدول'!M177 & CHAR(10) & "• " & 'الجدول'!M178 & CHAR(10) & "• " & 'الجدول'!M179 & CHAR(10) & CHAR(10) & "■■ " & 'الجدول'!N1 & " ■■" & CHAR(10) & "• " & 'الجدول'!N175 & CHAR(10) & "• " & 'الجدول'!N176 & CHAR(10) & "• " & 'الجدول'!N177 & CHAR(10) & "• " & 'الجدول'!N178 & CHAR(10) & "• " & 'الجدول'!N179 & CHAR(10) & CHAR(10) & "■■ " & 'الجدول'!O1 & " ■■" & CHAR(10) & "• " & 'الجدول'!O175 & CHAR(10) & "• " & 'الجدول'!O176 & CHAR(10) & "• " & 'الجدول'!O177 & CHAR(10) & "• " & 'الجدول'!O178 & CHAR(10) & "• " & 'الجدول'!O179 & CHAR(10) & CHAR(10) -> ■■ ER ADMISSION-NIGHT-🚨🌙 ■■ • ---------- • ---------- • ---------- • ---------- • ---------- ■■ ER ADMISSIONS -DAY-🚨☀️ ■■ • ---------- • ---------- • ---------- • ---------- • ---------- ■■ ER-clinic Day ☀️🚨 ■■ • ---------- • ---------- • ---------- • ---------- • ---------- ■■ ER GENERAL-DAY-🚨☀️ ■■ • ---------- • ---------- • ---------- • ---------- • ---------- ■■ ER GENERAL-NIGHT-🚨🌙 ■■ • ---------- • ---------- • ---------- • ---------- • ---------- ■■ ER PT-DAY-🚨☀️ ■■ • ---------- • ---------- • ---------- • ---------- • ---------- ■■ ER PT-NIGHT-🚨🌙 ■■ • ---------- • ---------- • ---------- • ---------- • ---------- ■■ ER TRIAGE-DAY-🚨☀️ ■■ • ---------- • ---------- • ---------- • ---------- • ---------- ■■ ER TRIAGE-NIGHT-🚨🌙 ■■ • ---------- • ---------- • ---------- • ---------- • ---------- ■■ ER WARD-DAY-🚨☀️ ■■ • ---------- • ---------- • ---------- • ---------- • ---------- ■■ ER WARD-NIGHT-🚨🌙 ■■ • ---------- • ---------- • ---------- • ---------- • ---------- ■■ 🗡️LISTA ■■ • ---------- • ---------- • ---------- • ---------- • ---------- ■■ WARD-DAY-☀️ ■■ • محمد عمرو محمد عبدالباقي (01151653320) • احمد ايهاب محمد عواد (01032298339) • أحمد رجب محمد (01273127265) • Marwan Ayman (01149894940) • حنان النبوى محمد (01067888751) ■■ WARD-NIGHT-🌙 ■■ • عبدالله احمد (01020242571) • عمرو عبدالغفار حمزة (01014246636) • نورهان محمد (0112 826 8287) • شدو محمد شلتوت (1550336384) • ---------- | C28: =HYPERLINK("#الجدول!A" & 174, "الجدول الأساسي") -> الجدول الأساسي
A29: 2026-02-28 السبت | B29: ="" & "■■ " & 'الجدول'!B1 & " ■■" & CHAR(10) & "• " & 'الجدول'!B180 & CHAR(10) & "• " & 'الجدول'!B181 & CHAR(10) & "• " & 'الجدول'!B182 & CHAR(10) & "• " & 'الجدول'!B183 & CHAR(10) & "• " & 'الجدول'!B184 & CHAR(10) & CHAR(10) & "■■ " & 'الجدول'!C1 & " ■■" & CHAR(10) & "• " & 'الجدول'!C180 & CHAR(10) & "• " & 'الجدول'!C181 & CHAR(10) & "• " & 'الجدول'!C182 & CHAR(10) & "• " & 'الجدول'!C183 & CHAR(10) & "• " & 'الجدول'!C184 & CHAR(10) & CHAR(10) & "■■ " & 'الجدول'!D1 & " ■■" & CHAR(10) & "• " & 'الجدول'!D180 & CHAR(10) & "• " & 'الجدول'!D181 & CHAR(10) & "• " & 'الجدول'!D182 & CHAR(10) & "• " & 'الجدول'!D183 & CHAR(10) & "• " & 'الجدول'!D184 & CHAR(10) & CHAR(10) & "■■ " & 'الجدول'!E1 & " ■■" & CHAR(10) & "• " & 'الجدول'!E180 & CHAR(10) & "• " & 'الجدول'!E181 & CHAR(10) & "• " & 'الجدول'!E182 & CHAR(10) & "• " & 'الجدول'!E183 & CHAR(10) & "• " & 'الجدول'!E184 & CHAR(10) & CHAR(10) & "■■ " & 'الجدول'!F1 & " ■■" & CHAR(10) & "• " & 'الجدول'!F180 & CHAR(10) & "• " & 'الجدول'!F181 & CHAR(10) & "• " & 'الجدول'!F182 & CHAR(10) & "• " & 'الجدول'!F183 & CHAR(10) & "• " & 'الجدول'!F184 & CHAR(10) & CHAR(10) & "■■ " & 'الجدول'!G1 & " ■■" & CHAR(10) & "• " & 'الجدول'!G180 & CHAR(10) & "• " & 'الجدول'!G181 & CHAR(10) & "• " & 'الجدول'!G182 & CHAR(10) & "• " & 'الجدول'!G183 & CHAR(10) & "• " & 'الجدول'!G184 & CHAR(10) & CHAR(10) & "■■ " & 'الجدول'!H1 & " ■■" & CHAR(10) & "• " & 'الجدول'!H180 & CHAR(10) & "• " & 'الجدول'!H181 & CHAR(10) & "• " & 'الجدول'!H182 & CHAR(10) & "• " & 'الجدول'!H183 & CHAR(10) & "• " & 'الجدول'!H184 & CHAR(10) & CHAR(10) & "■■ " & 'الجدول'!I1 & " ■■" & CHAR(10) & "• " & 'الجدول'!I180 & CHAR(10) & "• " & 'الجدول'!I181 & CHAR(10) & "• " & 'الجدول'!I182 & CHAR(10) & "• " & 'الجدول'!I183 & CHAR(10) & "• " & 'الجدول'!I184 & CHAR(10) & CHAR(10) & "■■ " & 'الجدول'!J1 & " ■■" & CHAR(10) & "• " & 'الجدول'!J180 & CHAR(10) & "• " & 'الجدول'!J181 & CHAR(10) & "• " & 'الجدول'!J182 & CHAR(10) & "• " & 'الجدول'!J183 & CHAR(10) & "• " & 'الجدول'!J184 & CHAR(10) & CHAR(10) & "■■ " & 'الجدول'!K1 & " ■■" & CHAR(10) & "• " & 'الجدول'!K180 & CHAR(10) & "• " & 'الجدول'!K181 & CHAR(10) & "• " & 'الجدول'!K182 & CHAR(10) & "• " & 'الجدول'!K183 & CHAR(10) & "• " & 'الجدول'!K184 & CHAR(10) & CHAR(10) & "■■ " & 'الجدول'!L1 & " ■■" & CHAR(10) & "• " & 'الجدول'!L180 & CHAR(10) & "• " & 'الجدول'!L181 & CHAR(10) & "• " & 'الجدول'!L182 & CHAR(10) & "• " & 'الجدول'!L183 & CHAR(10) & "• " & 'الجدول'!L184 & CHAR(10) & CHAR(10) & "■■ " & 'الجدول'!M1 & " ■■" & CHAR(10) & "• " & 'الجدول'!M180 & CHAR(10) & "• " & 'الجدول'!M181 & CHAR(10) & "• " & 'الجدول'!M182 & CHAR(10) & "• " & 'الجدول'!M183 & CHAR(10) & "• " & 'الجدول'!M184 & CHAR(10) & CHAR(10) & "■■ " & 'الجدول'!N1 & " ■■" & CHAR(10) & "• " & 'الجدول'!N180 & CHAR(10) & "• " & 'الجدول'!N181 & CHAR(10) & "• " & 'الجدول'!N182 & CHAR(10) & "• " & 'الجدول'!N183 & CHAR(10) & "• " & 'الجدول'!N184 & CHAR(10) & CHAR(10) & "■■ " & 'الجدول'!O1 & " ■■" & CHAR(10) & "• " & 'الجدول'!O180 & CHAR(10) & "• " & 'الجدول'!O181 & CHAR(10) & "• " & 'الجدول'!O182 & CHAR(10) & "• " & 'الجدول'!O183 & CHAR(10) & "• " & 'الجدول'!O184 & CHAR(10) & CHAR(10) -> ■■ ER ADMISSION-NIGHT-🚨🌙 ■■ • ---------- • ---------- • ---------- • ---------- • ---------- ■■ ER ADMISSIONS -DAY-🚨☀️ ■■ • ---------- • ---------- • ---------- • ---------- • ---------- ■■ ER-clinic Day ☀️🚨 ■■ • ---------- • ---------- • ---------- • ---------- • ---------- ■■ ER GENERAL-DAY-🚨☀️ ■■ • ---------- • ---------- • ---------- • ---------- • ---------- ■■ ER GENERAL-NIGHT-🚨🌙 ■■ • ---------- • ---------- • ---------- • ---------- • ---------- ■■ ER PT-DAY-🚨☀️ ■■ • ---------- • ---------- • ---------- • ---------- • ---------- ■■ ER PT-NIGHT-🚨🌙 ■■ • ---------- • ---------- • ---------- • ---------- • ---------- ■■ ER TRIAGE-DAY-🚨☀️ ■■ • ---------- • ---------- • ---------- • ---------- • ---------- ■■ ER TRIAGE-NIGHT-🚨🌙 ■■ • ---------- • ---------- • ---------- • ---------- • ---------- ■■ ER WARD-DAY-🚨☀️ ■■ • ---------- • ---------- • ---------- • ---------- • ---------- ■■ ER WARD-NIGHT-🚨🌙 ■■ • ---------- • ---------- • ---------- • ---------- • ---------- ■■ 🗡️LISTA ■■ • عبدالله احمد (01020242571) • يوسف عاطف رزق الله (01148183647) • احمد حسين أحمد (01001877491) • ---------- • ---------- ■■ WARD-DAY-☀️ ■■ • Ziad said mohamed (01028577876) • كارين روماني راشد (01102663062) • مصطفى عبد الراضى صديق (01226696153) • احمدنوید قیومی (01104573242) • بلال أحمد (01066883767) ■■ WARD-NIGHT-🌙 ■■ • يوسف طه السيد (01207620695) • نورهان محمد (0112 826 8287) • محمود محمد عبدالرحمن (01023283048) • ---------- • ---------- | C29: =HYPERLINK("#الجدول!A" & 179, "الجدول الأساسي") -> الجدول الأساسي
