Workbook

Sheet الجدول
B1: ER ADMISSION-NIGHT-🚨🌙 | C1: ER ADMISSIONS -DAY-🚨☀️ | D1: ER GENERAL-DAY-🚨☀️ | E1: ER GENERAL-NIGHT-🚨🌙 | F1: ER PT-DAY-🚨☀️ | G1: ER PT-NIGHT-🚨🌙 | H1: ER TRIAGE-DAY-🚨☀️ | I1: ER TRIAGE-NIGHT-🚨🌙 | J1: ER WARD-DAY-🚨☀️ | K1: ER WARD-NIGHT-🚨🌙 | L1: 🗡️LISTA | M1: WARD-DAY-☀️ | N1: WARD-NIGHT-🌙
A2: 2026-01-10 السبت | B2: ---------- | C2: ---------- | D2: ---------- | E2: ---------- | F2: ---------- | G2: ---------- | H2: ---------- | I2: ---------- | J2: ---------- | K2: ---------- | L2: هديل هشام منصور الوشاحي (01227221344) | M2: Sara Refaat (01220039613) | N2: يوسف عاطف رزق الله (01148183647) | O2: =HYPERLINK("#مجمع!B" & 1, "ورديات اليوم مجمعة") -> ورديات اليوم مجمعة
B3: ---------- | C3: ---------- | D3: ---------- | E3: ---------- | F3: ---------- | G3: ---------- | H3: ---------- | I3: ---------- | J3: ---------- | K3: ---------- | L3: دانه طارق (01012809042) | M3: عمرو عبدالغفار حمزة (01014246636) | N3: نورهان محمد (0112 826 8287)
B4: ---------- | C4: ---------- | D4: ---------- | E4: ---------- | F4: ---------- | G4: ---------- | H4: ---------- | I4: ---------- | J4: ---------- | K4: ---------- | L4: احمد حسين أحمد (01001877491) | M4: رؤى أحمد عبدالحميد البليهي (01021284862) | N4: احمد ايهاب محمد عواد (01032298339)
B5: ---------- | C5: ---------- | D5: ---------- | E5: ---------- | F5: ---------- | G5: ---------- | H5: ---------- | I5: ---------- | J5: ---------- | K5: ---------- | L5: ---------- | M5: محمد محمود ابراهيم (01112057358) | N5: ----------
B6: ---------- | C6: ---------- | D6: ---------- | E6: ---------- | F6: ---------- | G6: ---------- | H6: ---------- | I6: ---------- | J6: ---------- | K6: ---------- | L6: ---------- | M6: مينا رومانى عبده (01212866642) | N6: ----------
A7: 2026-01-11 الأحد | B7: Ziad said mohamed (01028577876) | C7: Sara Refaat (01220039613) | D7: حنان النبوى محمد (01067888751) | E7: مي طارق نهاد (01287477488) | F7: مينا رومانى عبده (01212866642) | G7: احمد حسين أحمد (01001877491) | H7: روان ياسر سليم (01005005160) | I7: عمرو عبدالغفار حمزة (01014246636) | J7: Alaa mahmoud El haddad (01033882560) | K7: محمد احمد بسام الجمل (01091463337) | L7: ---------- | M7: ---------- | N7: ---------- | O7: =HYPERLINK("#مجمع!B" & 2, "ورديات اليوم مجمعة") -> ورديات اليوم مجمعة
B8: ---------- | C8: ---------- | D8: هديل نادي محند (01033032220) | E8: شدو محمد شلتوت (1550336384) | F8: عبدالمسيح مكرم (01203267885) | G8: سندس أحمد سيد (01156131096) | H8: ---------- | I8: ---------- | J8: منة السيد عبد الباقي (01274588193) | K8: عبدالله احمد (01020242571) | L8: ---------- | M8: ---------- | N8: ----------
B9: ---------- | C9: ---------- | D9: محمود عبد المحسن إبراهيم (01062086612) | E9: كارين باسم صومائيل (01274209975) | F9: رؤى أحمد عبدالحميد البليهي (01021284862) | G9: احمد ناصر (01553479200) | H9: ---------- | I9: ---------- | J9: سعيد السيد محمد السيد محمد سابق (01203394950) | K9: احمد عزت الشيخ (01226872660) | L9: ---------- | M9: ---------- | N9: ----------
B10: ---------- | C10: ---------- | D10: منه الله هشام السيد (01002996214) | E10: زينة أشرف حسين (01067196820) | F10: منار عواد عبدالعال عواد (01001915861) | G10: يوسف طه السيد (01207620695) | H10: ---------- | I10: ---------- | J10: مصطفى عبد الراضى صديق (01226696153) | K10: تقى عماد حسني (01119716276) | L10: ---------- | M10: ---------- | N10: ----------
B11: ---------- | C11: ---------- | D11: سلمى أبوالعلا (01124166114) | E11: شهاب احمد حلمي (01055979002) | F11: مصطفى محمد علي محمد بدر (01150245681) | G11: احمد حسام الدين صلاح (01065567736) | H11: ---------- | I11: ---------- | J11: عمرو وائل سرور (01023140340) | K11: مصطفى عبد الراضى صديق (01226696153) | L11: ---------- | M11: ---------- | N11: ----------
B12: ---------- | C12: ---------- | D12: بلال جودة (01066199644) | E12: محمد عمرو محمد عبدالباقي (01151653320) | F12: استيفن مدحت منير (01200226122) | G12: Mostafa Ismail (01022400525) | H12: ---------- | I12: ---------- | J12: كارين روماني راشد (01102663062) | K12: عمرو وائل سرور (01023140340) | L12: ---------- | M12: ---------- | N12: ----------
B13: ---------- | C13: ---------- | D13: بلال أحمد (01066883767) | E13: Marwan Ayman (01149894940) | F13: مها حسين السيد (01012349071) | G13: عمر محمد سيد (01000688544) | H13: ---------- | I13: ---------- | J13: ---------- | K13: ---------- | L13: ---------- | M13: ---------- | N13: ----------
B14: ---------- | C14: ---------- | D14: Youssef elsemary (01126286820) | E14: محمد محمود ابراهيم (01112057358) | F14: هديل هشام منصور الوشاحي (01227221344) | G14: نورهان محمد (0112 826 8287) | H14: ---------- | I14: ---------- | J14: ---------- | K14: ---------- | L14: ---------- | M14: ---------- | N14: ----------
B15: ---------- | C15: ---------- | D15: عمر حسن محمد حسن حجازي (01019701020) | E15: أحمد زيدان (01110524147) | F15: منار احمد سعيد (01092708033) | G15: احمدنوید قیومی (01104573242) | H15: ---------- | I15: ---------- | J15: ---------- | K15: ---------- | L15: ---------- | M15: ---------- | N15: ----------
B16: ---------- | C16: ---------- | D16: شيماء رمضان سعد (01021468731) | E16: ---------- | F16: ---------- | G16: ---------- | H16: ---------- | I16: ---------- | J16: ---------- | K16: ---------- | L16: ---------- | M16: ---------- | N16: ----------
A17: 2026-01-12 الاثنين | B17: ---------- | C17: ---------- | D17: ---------- | E17: ---------- | F17: ---------- | G17: ---------- | H17: ---------- | I17: ---------- | J17: ---------- | K17: ---------- | L17: ---------- | M17: مي خالد ابوزيد (01023578224) | N17: عمرو وائل سرور (01023140340) | O17: =HYPERLINK("#مجمع!B" & 3, "ورديات اليوم مجمعة") -> ورديات اليوم مجمعة
B18: ---------- | C18: ---------- | D18: ---------- | E18: ---------- | F18: ---------- | G18: ---------- | H18: ---------- | I18: ---------- | J18: ---------- | K18: ---------- | L18: ---------- | M18: عبدالمسيح مكرم (01203267885) | N18: مريم السيد أحمد خيرالله (01099882992)
B19: ---------- | C19: ---------- | D19: ---------- | E19: ---------- | F19: ---------- | G19: ---------- | H19: ---------- | I19: ---------- | J19: ---------- | K19: ---------- | L19: ---------- | M19: أحمد رجب محمد (01273127265) | N19: نورهان محمد (0112 826 8287)
B20: ---------- | C20: ---------- | D20: ---------- | E20: ---------- | F20: ---------- | G20: ---------- | H20: ---------- | I20: ---------- | J20: ---------- | K20: ---------- | L20: ---------- | M20: مصطفى محمد علي محمد بدر (01150245681) | N20: شهاب احمد حلمي (01055979002)
B21: ---------- | C21: ---------- | D21: ---------- | E21: ---------- | F21: ---------- | G21: ---------- | H21: ---------- | I21: ---------- | J21: ---------- | K21: ---------- | L21: ---------- | M21: دانه طارق (01012809042) | N21: تقى عماد حسني (01119716276)
B22: ---------- | C22: ---------- | D22: ---------- | E22: ---------- | F22: ---------- | G22: ---------- | H22: ---------- | I22: ---------- | J22: ---------- | K22: ---------- | L22: ---------- | M22: محمد خالد محمد (01008204601) | N22: ----------
B23: ---------- | C23: ---------- | D23: ---------- | E23: ---------- | F23: ---------- | G23: ---------- | H23: ---------- | I23: ---------- | J23: ---------- | K23: ---------- | L23: ---------- | M23: كارين روماني راشد (01102663062) | N23: ----------
B24: ---------- | C24: ---------- | D24: ---------- | E24: ---------- | F24: ---------- | G24: ---------- | H24: ---------- | I24: ---------- | J24: ---------- | K24: ---------- | L24: ---------- | M24: بلال أحمد (01066883767) | N24: ----------
A25: 2026-01-13 الثلاثاء | B25: ---------- | C25: ---------- | D25: ---------- | E25: ---------- | F25: ---------- | G25: ---------- | H25: ---------- | I25: ---------- | J25: ---------- | K25: ---------- | L25: يوسف عاطف رزق الله (01148183647) | M25: محمود عبد المحسن إبراهيم (01062086612) | N25: محمد احمد بسام الجمل (01091463337) | O25: =HYPERLINK("#مجمع!B" & 4, "ورديات اليوم مجمعة") -> ورديات اليوم مجمعة
B26: ---------- | C26: ---------- | D26: ---------- | E26: ---------- | F26: ---------- | G26: ---------- | H26: ---------- | I26: ---------- | J26: ---------- | K26: ---------- | L26: محمد خالد محمد (01008204601) | M26: استيفن مدحت منير (01200226122) | N26: كارين باسم صومائيل (01274209975)
B27: ---------- | C27: ---------- | D27: ---------- | E27: ---------- | F27: ---------- | G27: ---------- | H27: ---------- | I27: ---------- | J27: ---------- | K27: ---------- | L27: سعيد السيد محمد السيد محمد سابق (01203394950) | M27: أعناب طارق عوض (01146334179) | N27: مي طارق نهاد (01287477488)
B28: ---------- | C28: ---------- | D28: ---------- | E28: ---------- | F28: ---------- | G28: ---------- | H28: ---------- | I28: ---------- | J28: ---------- | K28: ---------- | L28: ---------- | M28: احمد حسام الدين صلاح (01065567736) | N28: احمد عزت الشيخ (01226872660)
B29: ---------- | C29: ---------- | D29: ---------- | E29: ---------- | F29: ---------- | G29: ---------- | H29: ---------- | I29: ---------- | J29: ---------- | K29: ---------- | L29: ---------- | M29: منار عواد عبدالعال عواد (01001915861) | N29: ----------
B30: ---------- | C30: ---------- | D30: ---------- | E30: ---------- | F30: ---------- | G30: ---------- | H30: ---------- | I30: ---------- | J30: ---------- | K30: ---------- | L30: ---------- | M30: احمدنوید قیومی (01104573242) | N30: ----------
A31: 2026-01-14 الأربعاء | B31: ---------- | C31: ---------- | D31: ---------- | E31: ---------- | F31: ---------- | G31: ---------- | H31: ---------- | I31: ---------- | J31: ---------- | K31: ---------- | L31: ---------- | M31: رنيم حاتم رفيق بسيسو (01144758373) | N31: محمد احمد بسام الجمل (01091463337) | O31: =HYPERLINK("#مجمع!B" & 5, "ورديات اليوم مجمعة") -> ورديات اليوم مجمعة
B32: ---------- | C32: ---------- | D32: ---------- | E32: ---------- | F32: ---------- | G32: ---------- | H32: ---------- | I32: ---------- | J32: ---------- | K32: ---------- | L32: ---------- | M32: Ziad said mohamed (01028577876) | N32: ملك محمد فؤاد (01001721072)
B33: ---------- | C33: ---------- | D33: ---------- | E33: ---------- | F33: ---------- | G33: ---------- | H33: ---------- | I33: ---------- | J33: ---------- | K33: ---------- | L33: ---------- | M33: سلمى أبوالعلا (01124166114) | N33: سندس أحمد سيد (01156131096)
B34: ---------- | C34: ---------- | D34: ---------- | E34: ---------- | F34: ---------- | G34: ---------- | H34: ---------- | I34: ---------- | J34: ---------- | K34: ---------- | L34: ---------- | M34: منار احمد سعيد (01092708033) | N34: احمد عزت الشيخ (01226872660)
B35: ---------- | C35: ---------- | D35: ---------- | E35: ---------- | F35: ---------- | G35: ---------- | H35: ---------- | I35: ---------- | J35: ---------- | K35: ---------- | L35: ---------- | M35: بلال جودة (01066199644) | N35: ----------
B36: ---------- | C36: ---------- | D36: ---------- | E36: ---------- | F36: ---------- | G36: ---------- | H36: ---------- | I36: ---------- | J36: ---------- | K36: ---------- | L36: ---------- | M36: عمر حسن محمد حسن حجازي (01019701020) | N36: ----------
A37: 2026-01-15 الخميس | B37: ---------- | C37: ---------- | D37: ---------- | E37: ---------- | F37: ---------- | G37: ---------- | H37: ---------- | I37: ---------- | J37: ---------- | K37: ---------- | L37: ---------- | M37: مها حسين السيد (01012349071) | N37: تقى عماد حسني (01119716276) | O37: =HYPERLINK("#مجمع!B" & 6, "ورديات اليوم مجمعة") -> ورديات اليوم مجمعة
B38: ---------- | C38: ---------- | D38: ---------- | E38: ---------- | F38: ---------- | G38: ---------- | H38: ---------- | I38: ---------- | J38: ---------- | K38: ---------- | L38: ---------- | M38: محمد خالد محمد (01008204601) | N38: رنا اكرم احمد (01122182132)
B39: ---------- | C39: ---------- | D39: ---------- | E39: ---------- | F39: ---------- | G39: ---------- | H39: ---------- | I39: ---------- | J39: ---------- | K39: ---------- | L39: ---------- | M39: زينة أشرف حسين (01067196820) | N39: Marwan Ayman (01149894940)
B40: ---------- | C40: ---------- | D40: ---------- | E40: ---------- | F40: ---------- | G40: ---------- | H40: ---------- | I40: ---------- | J40: ---------- | K40: ---------- | L40: ---------- | M40: مي خالد ابوزيد (01023578224) | N40: ----------
B41: ---------- | C41: ---------- | D41: ---------- | E41: ---------- | F41: ---------- | G41: ---------- | H41: ---------- | I41: ---------- | J41: ---------- | K41: ---------- | L41: ---------- | M41: عمرو عبدالغفار حمزة (01014246636) | N41: ----------
A42: 2026-01-16 الجمعة | B42: ---------- | C42: ---------- | D42: ---------- | E42: ---------- | F42: ---------- | G42: ---------- | H42: ---------- | I42: ---------- | J42: ---------- | K42: ---------- | L42: ---------- | M42: أحمد زيدان (01110524147) | N42: عبدالله احمد (01020242571) | O42: =HYPERLINK("#مجمع!B" & 7, "ورديات اليوم مجمعة") -> ورديات اليوم مجمعة
B43: ---------- | C43: ---------- | D43: ---------- | E43: ---------- | F43: ---------- | G43: ---------- | H43: ---------- | I43: ---------- | J43: ---------- | K43: ---------- | L43: ---------- | M43: ريهام سعد عبدالرحمن (01124867574) | N43: احمد عزت الشيخ (01226872660)
B44: ---------- | C44: ---------- | D44: ---------- | E44: ---------- | F44: ---------- | G44: ---------- | H44: ---------- | I44: ---------- | J44: ---------- | K44: ---------- | L44: ---------- | M44: Alaa mahmoud El haddad (01033882560) | N44: احمدنوید قیومی (01104573242)
B45: ---------- | C45: ---------- | D45: ---------- | E45: ---------- | F45: ---------- | G45: ---------- | H45: ---------- | I45: ---------- | J45: ---------- | K45: ---------- | L45: ---------- | M45: Mostafa Ismail (01022400525)
A46: 2026-01-17 السبت | B46: ---------- | C46: ---------- | D46: ---------- | E46: ---------- | F46: ---------- | G46: ---------- | H46: ---------- | I46: ---------- | J46: ---------- | K46: ---------- | L46: منار عواد عبدالعال عواد (01001915861) | M46: محمد محمود ابراهيم (01112057358) | N46: كارين باسم صومائيل (01274209975) | O46: =HYPERLINK("#مجمع!B" & 8, "ورديات اليوم مجمعة") -> ورديات اليوم مجمعة
B47: ---------- | C47: ---------- | D47: ---------- | E47: ---------- | F47: ---------- | G47: ---------- | H47: ---------- | I47: ---------- | J47: ---------- | K47: ---------- | L47: شدو محمد شلتوت (1550336384) | M47: رؤى أحمد عبدالحميد البليهي (01021284862) | N47: احمد حسام الدين صلاح (01065567736)
B48: ---------- | C48: ---------- | D48: ---------- | E48: ---------- | F48: ---------- | G48: ---------- | H48: ---------- | I48: ---------- | J48: ---------- | K48: ---------- | L48: حنان النبوى محمد (01067888751) | M48: منه الله هشام السيد (01002996214) | N48: احمد ايهاب محمد عواد (01032298339)
B49: ---------- | C49: ---------- | D49: ---------- | E49: ---------- | F49: ---------- | G49: ---------- | H49: ---------- | I49: ---------- | J49: ---------- | K49: ---------- | L49: ---------- | M49: احمدنوید قیومی (01104573242) | N49: ----------
B50: ---------- | C50: ---------- | D50: ---------- | E50: ---------- | F50: ---------- | G50: ---------- | H50: ---------- | I50: ---------- | J50: ---------- | K50: ---------- | L50: ---------- | M50: دانه طارق (01012809042) | N50: ----------
A51: 2026-01-18 الأحد | B51: احمد ايهاب محمد عواد (01032298339) | C51: مصطفى محمد علي محمد بدر (01150245681) | D51: روان ياسر سليم (01005005160) | E51: مي طارق نهاد (01287477488) | F51: عبدالمسيح مكرم (01203267885) | G51: Ziad said mohamed (01028577876) | H51: أعناب طارق عوض (01146334179) | I51: عمرو عبدالغفار حمزة (01014246636) | J51: منة السيد عبد الباقي (01274588193) | K51: محمد احمد بسام الجمل (01091463337) | L51: ---------- | M51: ---------- | N51: ---------- | O51: =HYPERLINK("#مجمع!B" & 9, "ورديات اليوم مجمعة") -> ورديات اليوم مجمعة
B52: ---------- | C52: ---------- | D52: استيفن مدحت منير (01200226122) | E52: محمد عمرو محمد عبدالباقي (01151653320) | F52: Youssef elsemary (01126286820) | G52: سندس أحمد سيد (01156131096) | H52: ---------- | I52: ---------- | J52: محمود عبد المحسن إبراهيم (01062086612) | K52: عبدالله احمد (01020242571) | L52: ---------- | M52: ---------- | N52: ----------
B53: ---------- | C53: ---------- | D53: عمر حسن محمد حسن حجازي (01019701020) | E53: Alaa mahmoud El haddad (01033882560) | F53: رؤى أحمد عبدالحميد البليهي (01021284862) | G53: هديل هشام منصور الوشاحي (01227221344) | H53: ---------- | I53: ---------- | J53: مي خالد ابوزيد (01023578224) | K53: نورهان محمد (0112 826 8287) | L53: ---------- | M53: ---------- | N53: ----------
B54: ---------- | C54: ---------- | D54: سلمى أبوالعلا (01124166114) | E54: محمد محمود ابراهيم (01112057358) | F54: منار احمد سعيد (01092708033) | G54: احمد حسين أحمد (01001877491) | H54: ---------- | I54: ---------- | J54: عمرو وائل سرور (01023140340) | K54: احمد عزت الشيخ (01226872660) | L54: ---------- | M54: ---------- | N54: ----------
B55: ---------- | C55: ---------- | D55: بلال جودة (01066199644) | E55: أحمد زيدان (01110524147) | F55: هديل نادي محند (01033032220) | G55: زينة أشرف حسين (01067196820) | H55: ---------- | I55: ---------- | J55: مصطفى عبد الراضى صديق (01226696153) | K55: مصطفى عبد الراضى صديق (01226696153) | L55: ---------- | M55: ---------- | N55: ----------
B56: ---------- | C56: ---------- | D56: منه الله هشام السيد (01002996214) | E56: حنان النبوى محمد (01067888751) | F56: يوسف عاطف رزق الله (01148183647) | G56: احمد حسام الدين صلاح (01065567736) | H56: ---------- | I56: ---------- | J56: كارين باسم صومائيل (01274209975) | K56: احمد ناصر (01553479200) | L56: ---------- | M56: ---------- | N56: ----------
B57: ---------- | C57: ---------- | D57: مينا رومانى عبده (01212866642) | E57: تقى عماد حسني (01119716276) | F57: مريم السيد أحمد خيرالله (01099882992) | G57: شهاب احمد حلمي (01055979002) | H57: ---------- | I57: ---------- | J57: ---------- | K57: ---------- | L57: ---------- | M57: ---------- | N57: ----------
B58: ---------- | C58: ---------- | D58: بلال أحمد (01066883767) | E58: شدو محمد شلتوت (1550336384) | F58: منار عواد عبدالعال عواد (01001915861) | G58: احمدنوید قیومی (01104573242) | H58: ---------- | I58: ---------- | J58: ---------- | K58: ---------- | L58: ---------- | M58: ---------- | N58: ----------
B59: ---------- | C59: ---------- | D59: رنيم حاتم رفيق بسيسو (01144758373) | E59: Marwan Ayman (01149894940) | F59: دانه طارق (01012809042) | G59: شيماء رمضان سعد (01021468731) | H59: ---------- | I59: ---------- | J59: ---------- | K59: ---------- | L59: ---------- | M59: ---------- | N59: ----------
B60: ---------- | C60: ---------- | D60: يارا إبراهيم سيد (01021880370) | E60: ---------- | F60: ---------- | G60: ---------- | H60: ---------- | I60: ---------- | J60: ---------- | K60: ---------- | L60: ---------- | M60: ---------- | N60: ----------
A61: 2026-01-19 الاثنين | B61: ---------- | C61: ---------- | D61: ---------- | E61: ---------- | F61: ---------- | G61: ---------- | H61: ---------- | I61: ---------- | J61: ---------- | K61: ---------- | L61: ---------- | M61: مصطفى محمد علي محمد بدر (01150245681) | N61: محمد عمرو محمد عبدالباقي (01151653320) | O61: =HYPERLINK("#مجمع!B" & 10, "ورديات اليوم مجمعة") -> ورديات اليوم مجمعة
B62: ---------- | C62: ---------- | D62: ---------- | E62: ---------- | F62: ---------- | G62: ---------- | H62: ---------- | I62: ---------- | J62: ---------- | K62: ---------- | L62: ---------- | M62: مي خالد ابوزيد (01023578224) | N62: يوسف عاطف رزق الله (01148183647)
B63: ---------- | C63: ---------- | D63: ---------- | E63: ---------- | F63: ---------- | G63: ---------- | H63: ---------- | I63: ---------- | J63: ---------- | K63: ---------- | L63: ---------- | M63: دانه طارق (01012809042) | N63: مريم السيد أحمد خيرالله (01099882992)
B64: ---------- | C64: ---------- | D64: ---------- | E64: ---------- | F64: ---------- | G64: ---------- | H64: ---------- | I64: ---------- | J64: ---------- | K64: ---------- | L64: ---------- | M64: أحمد رجب محمد (01273127265) | N64: منه الله هشام السيد (01002996214)
B65: ---------- | C65: ---------- | D65: ---------- | E65: ---------- | F65: ---------- | G65: ---------- | H65: ---------- | I65: ---------- | J65: ---------- | K65: ---------- | L65: ---------- | M65: منار عواد عبدالعال عواد (01001915861) | N65: عمرو وائل سرور (01023140340)
B66: ---------- | C66: ---------- | D66: ---------- | E66: ---------- | F66: ---------- | G66: ---------- | H66: ---------- | I66: ---------- | J66: ---------- | K66: ---------- | L66: ---------- | M66: منة السيد عبد الباقي (01274588193) | N66: ----------
B67: ---------- | C67: ---------- | D67: ---------- | E67: ---------- | F67: ---------- | G67: ---------- | H67: ---------- | I67: ---------- | J67: ---------- | K67: ---------- | L67: ---------- | M67: مينا رومانى عبده (01212866642) | N67: ----------
B68: ---------- | C68: ---------- | D68: ---------- | E68: ---------- | F68: ---------- | G68: ---------- | H68: ---------- | I68: ---------- | J68: ---------- | K68: ---------- | L68: ---------- | M68: رنيم حاتم رفيق بسيسو (01144758373) | N68: ----------
A69: 2026-01-20 الثلاثاء | B69: ---------- | C69: ---------- | D69: ---------- | E69: ---------- | F69: ---------- | G69: ---------- | H69: ---------- | I69: ---------- | J69: ---------- | K69: ---------- | L69: احمد حسام الدين صلاح (01065567736) | M69: محمود عبد المحسن إبراهيم (01062086612) | N69: مي طارق نهاد (01287477488) | O69: =HYPERLINK("#مجمع!B" & 11, "ورديات اليوم مجمعة") -> ورديات اليوم مجمعة
B70: ---------- | C70: ---------- | D70: ---------- | E70: ---------- | F70: ---------- | G70: ---------- | H70: ---------- | I70: ---------- | J70: ---------- | K70: ---------- | L70: زينة أشرف حسين (01067196820) | M70: استيفن مدحت منير (01200226122) | N70: احمد ناصر (01553479200)
B71: ---------- | C71: ---------- | D71: ---------- | E71: ---------- | F71: ---------- | G71: ---------- | H71: ---------- | I71: ---------- | J71: ---------- | K71: ---------- | L71: ريهام سعد عبدالرحمن (01124867574) | M71: مينا رومانى عبده (01212866642) | N71: هديل هشام منصور الوشاحي (01227221344)
B72: ---------- | C72: ---------- | D72: ---------- | E72: ---------- | F72: ---------- | G72: ---------- | H72: ---------- | I72: ---------- | J72: ---------- | K72: ---------- | L72: ---------- | M72: يارا إبراهيم سيد (01021880370) | N72: محمد عمرو محمد عبدالباقي (01151653320)
B73: ---------- | C73: ---------- | D73: ---------- | E73: ---------- | F73: ---------- | G73: ---------- | H73: ---------- | I73: ---------- | J73: ---------- | K73: ---------- | L73: ---------- | M73: حنان النبوى محمد (01067888751) | N73: ----------
B74: ---------- | C74: ---------- | D74: ---------- | E74: ---------- | F74: ---------- | G74: ---------- | H74: ---------- | I74: ---------- | J74: ---------- | K74: ---------- | L74: ---------- | M74: أعناب طارق عوض (01146334179) | N74: ----------
A75: 2026-01-21 الأربعاء | B75: ---------- | C75: ---------- | D75: ---------- | E75: ---------- | F75: ---------- | G75: ---------- | H75: ---------- | I75: ---------- | J75: ---------- | K75: ---------- | L75: ---------- | M75: روان ياسر سليم (01005005160) | N75: زينة أشرف حسين (01067196820) | O75: =HYPERLINK("#مجمع!B" & 12, "ورديات اليوم مجمعة") -> ورديات اليوم مجمعة
B76: ---------- | C76: ---------- | D76: ---------- | E76: ---------- | F76: ---------- | G76: ---------- | H76: ---------- | I76: ---------- | J76: ---------- | K76: ---------- | L76: ---------- | M76: رنيم حاتم رفيق بسيسو (01144758373) | N76: ملك محمد فؤاد (01001721072)
B77: ---------- | C77: ---------- | D77: ---------- | E77: ---------- | F77: ---------- | G77: ---------- | H77: ---------- | I77: ---------- | J77: ---------- | K77: ---------- | L77: ---------- | M77: سلمى أبوالعلا (01124166114) | N77: احمد حسين أحمد (01001877491)
B78: ---------- | C78: ---------- | D78: ---------- | E78: ---------- | F78: ---------- | G78: ---------- | H78: ---------- | I78: ---------- | J78: ---------- | K78: ---------- | L78: ---------- | M78: منار احمد سعيد (01092708033) | N78: سندس أحمد سيد (01156131096)
B79: ---------- | C79: ---------- | D79: ---------- | E79: ---------- | F79: ---------- | G79: ---------- | H79: ---------- | I79: ---------- | J79: ---------- | K79: ---------- | L79: ---------- | M79: بلال جودة (01066199644) | N79: ----------
B80: ---------- | C80: ---------- | D80: ---------- | E80: ---------- | F80: ---------- | G80: ---------- | H80: ---------- | I80: ---------- | J80: ---------- | K80: ---------- | L80: ---------- | M80: عمر حسن محمد حسن حجازي (01019701020) | N80: ----------
A81: 2026-01-22 الخميس | B81: ---------- | C81: ---------- | D81: ---------- | E81: ---------- | F81: ---------- | G81: ---------- | H81: ---------- | I81: ---------- | J81: ---------- | K81: ---------- | L81: ---------- | M81: رنا اكرم احمد (01122182132) | N81: شهاب احمد حلمي (01055979002) | O81: =HYPERLINK("#مجمع!B" & 13, "ورديات اليوم مجمعة") -> ورديات اليوم مجمعة
B82: ---------- | C82: ---------- | D82: ---------- | E82: ---------- | F82: ---------- | G82: ---------- | H82: ---------- | I82: ---------- | J82: ---------- | K82: ---------- | L82: ---------- | M82: مها حسين السيد (01012349071) | N82: أحمد زيدان (01110524147)
B83: ---------- | C83: ---------- | D83: ---------- | E83: ---------- | F83: ---------- | G83: ---------- | H83: ---------- | I83: ---------- | J83: ---------- | K83: ---------- | L83: ---------- | M83: استيفن مدحت منير (01200226122) | N83: تقى عماد حسني (01119716276)
B84: ---------- | C84: ---------- | D84: ---------- | E84: ---------- | F84: ---------- | G84: ---------- | H84: ---------- | I84: ---------- | J84: ---------- | K84: ---------- | L84: ---------- | M84: عبدالمسيح مكرم (01203267885) | N84: ----------
B85: ---------- | C85: ---------- | D85: ---------- | E85: ---------- | F85: ---------- | G85: ---------- | H85: ---------- | I85: ---------- | J85: ---------- | K85: ---------- | L85: ---------- | M85: كارين روماني راشد (01102663062) | N85: ----------
A86: 2026-01-23 الجمعة | B86: ---------- | C86: ---------- | D86: ---------- | E86: ---------- | F86: ---------- | G86: ---------- | H86: ---------- | I86: ---------- | J86: ---------- | K86: ---------- | L86: ---------- | M86: ريهام سعد عبدالرحمن (01124867574) | N86: عبدالله احمد (01020242571) | O86: =HYPERLINK("#مجمع!B" & 14, "ورديات اليوم مجمعة") -> ورديات اليوم مجمعة
B87: ---------- | C87: ---------- | D87: ---------- | E87: ---------- | F87: ---------- | G87: ---------- | H87: ---------- | I87: ---------- | J87: ---------- | K87: ---------- | L87: ---------- | M87: Alaa mahmoud El haddad (01033882560) | N87: حنان النبوى محمد (01067888751)
B88: ---------- | C88: ---------- | D88: ---------- | E88: ---------- | F88: ---------- | G88: ---------- | H88: ---------- | I88: ---------- | J88: ---------- | K88: ---------- | L88: ---------- | M88: Mostafa Ismail (01022400525) | N88: شدو محمد شلتوت (1550336384)
B89: ---------- | C89: ---------- | D89: ---------- | E89: ---------- | F89: ---------- | G89: ---------- | H89: ---------- | I89: ---------- | J89: ---------- | K89: ---------- | L89: ---------- | M89: شيماء رمضان سعد (01021468731) | N89: Ziad said mohamed (01028577876)
A90: 2026-01-24 السبت | B90: ---------- | C90: ---------- | D90: ---------- | E90: ---------- | F90: ---------- | G90: ---------- | H90: ---------- | I90: ---------- | J90: ---------- | K90: ---------- | L90: احمد ايهاب محمد عواد (01032298339) | M90: محمد محمود ابراهيم (01112057358) | N90: عمر محمد سيد (01000688544) | O90: =HYPERLINK("#مجمع!B" & 15, "ورديات اليوم مجمعة") -> ورديات اليوم مجمعة
B91: ---------- | C91: ---------- | D91: ---------- | E91: ---------- | F91: ---------- | G91: ---------- | H91: ---------- | I91: ---------- | J91: ---------- | K91: ---------- | L91: نورهان محمد (0112 826 8287) | M91: رؤى أحمد عبدالحميد البليهي (01021284862) | N91: يوسف طه السيد (01207620695)
B92: ---------- | C92: ---------- | D92: ---------- | E92: ---------- | F92: ---------- | G92: ---------- | H92: ---------- | I92: ---------- | J92: ---------- | K92: ---------- | L92: عمر حسن محمد حسن حجازي (01019701020) | M92: روان ياسر سليم (01005005160) | N92: احمد ايهاب محمد عواد (01032298339)
B93: ---------- | C93: ---------- | D93: ---------- | E93: ---------- | F93: ---------- | G93: ---------- | H93: ---------- | I93: ---------- | J93: ---------- | K93: ---------- | L93: ---------- | M93: هديل نادي محند (01033032220) | N93: ----------
B94: ---------- | C94: ---------- | D94: ---------- | E94: ---------- | F94: ---------- | G94: ---------- | H94: ---------- | I94: ---------- | J94: ---------- | K94: ---------- | L94: ---------- | M94: منار عواد عبدالعال عواد (01001915861) | N94: ----------
A95: 2026-01-25 الأحد | B95: عمرو عبدالغفار حمزة (01014246636) | C95: منة السيد عبد الباقي (01274588193) | D95: Youssef elsemary (01126286820) | E95: مي طارق نهاد (01287477488) | F95: مها حسين السيد (01012349071) | G95: أعناب طارق عوض (01146334179) | H95: مصطفى محمد علي محمد بدر (01150245681) | I95: عمر محمد سيد (01000688544) | J95: أحمد زيدان (01110524147) | K95: عبدالله احمد (01020242571) | L95: ---------- | M95: ---------- | N95: ---------- | O95: =HYPERLINK("#مجمع!B" & 16, "ورديات اليوم مجمعة") -> ورديات اليوم مجمعة
B96: ---------- | C96: ---------- | D96: بلال جودة (01066199644) | E96: شدو محمد شلتوت (1550336384) | F96: منار عواد عبدالعال عواد (01001915861) | G96: هديل هشام منصور الوشاحي (01227221344) | H96: ---------- | I96: ---------- | J96: مي خالد ابوزيد (01023578224) | K96: سندس أحمد سيد (01156131096) | L96: ---------- | M96: ---------- | N96: ----------
B97: ---------- | C97: ---------- | D97: محمد خالد محمد (01008204601) | E97: شهاب احمد حلمي (01055979002) | F97: مريم السيد أحمد خيرالله (01099882992) | G97: Ziad said mohamed (01028577876) | H97: ---------- | I97: ---------- | J97: محمود عبد المحسن إبراهيم (01062086612) | K97: Alaa mahmoud El haddad (01033882560) | L97: ---------- | M97: ---------- | N97: ----------
B98: ---------- | C98: ---------- | D98: عمر حسن محمد حسن حجازي (01019701020) | E98: تقى عماد حسني (01119716276) | F98: هديل نادي محند (01033032220) | G98: رنيم حاتم رفيق بسيسو (01144758373) | H98: ---------- | I98: ---------- | J98: شيماء رمضان سعد (01021468731) | K98: نورهان محمد (0112 826 8287) | L98: ---------- | M98: ---------- | N98: ----------
B99: ---------- | C99: ---------- | D99: يارا إبراهيم سيد (01021880370) | E99: محمد عمرو محمد عبدالباقي (01151653320) | F99: حنان النبوى محمد (01067888751) | G99: Sara Refaat (01220039613) | H99: ---------- | I99: ---------- | J99: مصطفى عبد الراضى صديق (01226696153) | K99: مصطفى عبد الراضى صديق (01226696153) | L99: ---------- | M99: ---------- | N99: ----------
B100: ---------- | C100: ---------- | D100: بلال أحمد (01066883767) | E100: Mostafa Ismail (01022400525) | F100: مينا رومانى عبده (01212866642) | G100: كارين روماني راشد (01102663062) | H100: ---------- | I100: ---------- | J100: سلمى أبوالعلا (01124166114) | K100: يوسف طه السيد (01207620695) | L100: ---------- | M100: ---------- | N100: ----------
...

Sheet مجمع
A1: اليوم | B1: الورديات مجمعة
A2: 2026-01-10 السبت | B2: ="" & "■■ " & 'الجدول'!B1 & " ■■" & CHAR(10) & "• " & 'الجدول'!B2 & CHAR(10) & "• " & 'الجدول'!B3 & CHAR(10) & "• " & 'الجدول'!B4 & CHAR(10) & "• " & 'الجدول'!B5 & CHAR(10) & "• " & 'الجدول'!B6 & CHAR(10) & CHAR(10) & "■■ " & 'الجدول'!C1 & " ■■" & CHAR(10) & "• " & 'الجدول'!C2 & CHAR(10) & "• " & 'الجدول'!C3 & CHAR(10) & "• " & 'الجدول'!C4 & CHAR(10) & "• " & 'الجدول'!C5 & CHAR(10) & "• " & 'الجدول'!C6 & CHAR(10) & CHAR(10) & "■■ " & 'الجدول'!D1 & " ■■" & CHAR(10) & "• " & 'الجدول'!D2 & CHAR(10) & "• " & 'الجدول'!D3 & CHAR(10) & "• " & 'الجدول'!D4 & CHAR(10) & "• " & 'الجدول'!D5 & CHAR(10) & "• " & 'الجدول'!D6 & CHAR(10) & CHAR(10) & "■■ " & 'الجدول'!E1 & " ■■" & CHAR(10) & "• " & 'الجدول'!E2 & CHAR(10) & "• " & 'الجدول'!E3 & CHAR(10) & "• " & 'الجدول'!E4 & CHAR(10) & "• " & 'الجدول'!E5 & CHAR(10) & "• " & 'الجدول'!E6 & CHAR(10) & CHAR(10) & "■■ " & 'الجدول'!F1 & " ■■" & CHAR(10) & "• " & 'الجدول'!F2 & CHAR(10) & "• " & 'الجدول'!F3 & CHAR(10) & "• " & 'الجدول'!F4 & CHAR(10) & "• " & 'الجدول'!F5 & CHAR(10) & "• " & 'الجدول'!F6 & CHAR(10) & CHAR(10) & "■■ " & 'الجدول'!G1 & " ■■" & CHAR(10) & "• " & 'الجدول'!G2 & CHAR(10) & "• " & 'الجدول'!G3 & CHAR(10) & "• " & 'الجدول'!G4 & CHAR(10) & "• " & 'الجدول'!G5 & CHAR(10) & "• " & 'الجدول'!G6 & CHAR(10) & CHAR(10) & "■■ " & 'الجدول'!H1 & " ■■" & CHAR(10) & "• " & 'الجدول'!H2 & CHAR(10) & "• " & 'الجدول'!H3 & CHAR(10) & "• " & 'الجدول'!H4 & CHAR(10) & "• " & 'الجدول'!H5 & CHAR(10) & "• " & 'الجدول'!H6 & CHAR(10) & CHAR(10) & "■■ " & 'الجدول'!I1 & " ■■" & CHAR(10) & "• " & 'الجدول'!I2 & CHAR(10) & "• " & 'الجدول'!I3 & CHAR(10) & "• " & 'الجدول'!I4 & CHAR(10) & "• " & 'الجدول'!I5 & CHAR(10) & "• " & 'الجدول'!I6 & CHAR(10) & CHAR(10) & "■■ " & 'الجدول'!J1 & " ■■" & CHAR(10) & "• " & 'الجدول'!J2 & CHAR(10) & "• " & 'الجدول'!J3 & CHAR(10) & "• " & 'الجدول'!J4 & CHAR(10) & "• " & 'الجدول'!J5 & CHAR(10) & "• " & 'الجدول'!J6 & CHAR(10) & CHAR(10) & "■■ " & 'الجدول'!K1 & " ■■" & CHAR(10) & "• " & 'الجدول'!K2 & CHAR(10) & "• " & 'الجدول'!K3 & CHAR(10) & "• " & 'الجدول'!K4 & CHAR(10) & "• " & 'الجدول'!K5 & CHAR(10) & "• " & 'الجدول'!K6 & CHAR(10) & CHAR(10) & "■■ " & 'الجدول'!L1 & " ■■" & CHAR(10) & "• " & 'الجدول'!L2 & CHAR(10) & "• " & 'الجدول'!L3 & CHAR(10) & "• " & 'الجدول'!L4 & CHAR(10) & "• " & 'الجدول'!L5 & CHAR(10) & "• " & 'الجدول'!L6 & CHAR(10) & CHAR(10) & "■■ " & 'الجدول'!M1 & " ■■" & CHAR(10) & "• " & 'الجدول'!M2 & CHAR(10) & "• " & 'الجدول'!M3 & CHAR(10) & "• " & 'الجدول'!M4 & CHAR(10) & "• " & 'الجدول'!M5 & CHAR(10) & "• " & 'الجدول'!M6 & CHAR(10) & CHAR(10) & "■■ " & 'الجدول'!N1 & " ■■" & CHAR(10) & "• " & 'الجدول'!N2 & CHAR(10) & "• " & 'الجدول'!N3 & CHAR(10) & "• " & 'الجدول'!N4 & CHAR(10) & "• " & 'الجدول'!N5 & CHAR(10) & "• " & 'الجدول'!N6 & CHAR(10) & CHAR(10) -> ■■ ER ADMISSION-NIGHT-🚨🌙 ■■ • ---------- • ---------- • ---------- • ---------- • ---------- ■■ ER ADMISSIONS -DAY-🚨☀️ ■■ • ---------- • ---------- • ---------- • ---------- • ---------- ■■ ER GENERAL-DAY-🚨☀️ ■■ • ---------- • ---------- • ---------- • ---------- • ---------- ■■ ER GENERAL-NIGHT-🚨🌙 ■■ • ---------- • ---------- • ---------- • ---------- • ---------- ■■ ER PT-DAY-🚨☀️ ■■ • ---------- • ---------- • ---------- • ---------- • ---------- ■■ ER PT-NIGHT-🚨🌙 ■■ • ---------- • ---------- • ---------- • ---------- • ---------- ■■ ER TRIAGE-DAY-🚨☀️ ■■ • ---------- • ---------- • ---------- • ---------- • ---------- ■■ ER TRIAGE-NIGHT-🚨🌙 ■■ • ---------- • ---------- • ---------- • ---------- • ---------- ■■ ER WARD-DAY-🚨☀️ ■■ • ---------- • ---------- • ---------- • ---------- • ---------- ■■ ER WARD-NIGHT-🚨🌙 ■■ • ---------- • ---------- • ---------- • ---------- • ---------- ■■ 🗡️LISTA ■■ • هديل هشام منصور الوشاحي (01227221344) • دانه طارق (01012809042) • احمد حسين أحمد (01001877491) • ---------- • ---------- ■■ WARD-DAY-☀️ ■■ • Sara Refaat (01220039613) • عمرو عبدالغفار حمزة (01014246636) • رؤى أحمد عبدالحميد البليهي (01021284862) • محمد محمود ابراهيم (01112057358) • مينا رومانى عبده (01212866642) ■■ WARD-NIGHT-🌙 ■■ • يوسف عاطف رزق الله (01148183647) • نورهان محمد (0112 826 8287) • احمد ايهاب محمد عواد (01032298339) • ---------- • ---------- | C2: =HYPERLINK("#الجدول!A" & 1, "الجدول الأساسي") -> الجدول الأساسي
A3: 2026-01-11 الأحد | B3: ="" & "■■ " & 'الجدول'!B1 & " ■■" & CHAR(10) & "• " & 'الجدول'!B7 & CHAR(10) & "• " & 'الجدول'!B8 & CHAR(10) & "• " & 'الجدول'!B9 & CHAR(10) & "• " & 'الجدول'!B10 & CHAR(10) & "• " & 'الجدول'!B11 & CHAR(10) & "• " & 'الجدول'!B12 & CHAR(10) & "• " & 'الجدول'!B13 & CHAR(10) & "• " & 'الجدول'!B14 & CHAR(10) & "• " & 'الجدول'!B15 & CHAR(10) & "• " & 'الجدول'!B16 & CHAR(10) & CHAR(10) & "■■ " & 'الجدول'!C1 & " ■■" & CHAR(10) & "• " & 'الجدول'!C7 & CHAR(10) & "• " & 'الجدول'!C8 & CHAR(10) & "• " & 'الجدول'!C9 & CHAR(10) & "• " & 'الجدول'!C10 & CHAR(10) & "• " & 'الجدول'!C11 & CHAR(10) & "• " & 'الجدول'!C12 & CHAR(10) & "• " & 'الجدول'!C13 & CHAR(10) & "• " & 'الجدول'!C14 & CHAR(10) & "• " & 'الجدول'!C15 & CHAR(10) & "• " & 'الجدول'!C16 & CHAR(10) & CHAR(10) & "■■ " & 'الجدول'!D1 & " ■■" & CHAR(10) & "• " & 'الجدول'!D7 & CHAR(10) & "• " & 'الجدول'!D8 & CHAR(10) & "• " & 'الجدول'!D9 & CHAR(10) & "• " & 'الجدول'!D10 & CHAR(10) & "• " & 'الجدول'!D11 & CHAR(10) & "• " & 'الجدول'!D12 & CHAR(10) & "• " & 'الجدول'!D13 & CHAR(10) & "• " & 'الجدول'!D14 & CHAR(10) & "• " & 'الجدول'!D15 & CHAR(10) & "• " & 'الجدول'!D16 & CHAR(10) & CHAR(10) & "■■ " & 'الجدول'!E1 & " ■■" & CHAR(10) & "• " & 'الجدول'!E7 & CHAR(10) & "• " & 'الجدول'!E8 & CHAR(10) & "• " & 'الجدول'!E9 & CHAR(10) & "• " & 'الجدول'!E10 & CHAR(10) & "• " & 'الجدول'!E11 & CHAR(10) & "• " & 'الجدول'!E12 & CHAR(10) & "• " & 'الجدول'!E13 & CHAR(10) & "• " & 'الجدول'!E14 & CHAR(10) & "• " & 'الجدول'!E15 & CHAR(10) & "• " & 'الجدول'!E16 & CHAR(10) & CHAR(10) & "■■ " & 'الجدول'!F1 & " ■■" & CHAR(10) & "• " & 'الجدول'!F7 & CHAR(10) & "• " & 'الجدول'!F8 & CHAR(10) & "• " & 'الجدول'!F9 & CHAR(10) & "• " & 'الجدول'!F10 & CHAR(10) & "• " & 'الجدول'!F11 & CHAR(10) & "• " & 'الجدول'!F12 & CHAR(10) & "• " & 'الجدول'!F13 & CHAR(10) & "• " & 'الجدول'!F14 & CHAR(10) & "• " & 'الجدول'!F15 & CHAR(10) & "• " & 'الجدول'!F16 & CHAR(10) & CHAR(10) & "■■ " & 'الجدول'!G1 & " ■■" & CHAR(10) & "• " & 'الجدول'!G7 & CHAR(10) & "• " & 'الجدول'!G8 & CHAR(10) & "• " & 'الجدول'!G9 & CHAR(10) & "• " & 'الجدول'!G10 & CHAR(10) & "• " & 'الجدول'!G11 & CHAR(10) & "• " & 'الجدول'!G12 & CHAR(10) & "• " & 'الجدول'!G13 & CHAR(10) & "• " & 'الجدول'!G14 & CHAR(10) & "• " & 'الجدول'!G15 & CHAR(10) & "• " & 'الجدول'!G16 & CHAR(10) & CHAR(10) & "■■ " & 'الجدول'!H1 & " ■■" & CHAR(10) & "• " & 'الجدول'!H7 & CHAR(10) & "• " & 'الجدول'!H8 & CHAR(10) & "• " & 'الجدول'!H9 & CHAR(10) & "• " & 'الجدول'!H10 & CHAR(10) & "• " & 'الجدول'!H11 & CHAR(10) & "• " & 'الجدول'!H12 & CHAR(10) & "• " & 'الجدول'!H13 & CHAR(10) & "• " & 'الجدول'!H14 & CHAR(10) & "• " & 'الجدول'!H15 & CHAR(10) & "• " & 'الجدول'!H16 & CHAR(10) & CHAR(10) & "■■ " & 'الجدول'!I1 & " ■■" & CHAR(10) & "• " & 'الجدول'!I7 & CHAR(10) & "• " & 'الجدول'!I8 & CHAR(10) & "• " & 'الجدول'!I9 & CHAR(10) & "• " & 'الجدول'!I10 & CHAR(10) & "• " & 'الجدول'!I11 & CHAR(10) & "• " & 'الجدول'!I12 & CHAR(10) & "• " & 'الجدول'!I13 & CHAR(10) & "• " & 'الجدول'!I14 & CHAR(10) & "• " & 'الجدول'!I15 & CHAR(10) & "• " & 'الجدول'!I16 & CHAR(10) & CHAR(10) & "■■ " & 'الجدول'!J1 & " ■■" & CHAR(10) & "• " & 'الجدول'!J7 & CHAR(10) & "• " & 'الجدول'!J8 & CHAR(10) & "• " & 'الجدول'!J9 & CHAR(10) & "• " & 'الجدول'!J10 & CHAR(10) & "• " & 'الجدول'!J11 & CHAR(10) & "• " & 'الجدول'!J12 & CHAR(10) & "• " & 'الجدول'!J13 & CHAR(10) & "• " & 'الجدول'!J14 & CHAR(10) & "• " & 'الجدول'!J15 & CHAR(10) & "• " & 'الجدول'!J16 & CHAR(10) & CHAR(10) & "■■ " & 'الجدول'!K1 & " ■■" & CHAR(10) & "• " & 'الجدول'!K7 & CHAR(10) & "• " & 'الجدول'!K8 & CHAR(10) & "• " & 'الجدول'!K9 & CHAR(10) & "• " & 'الجدول'!K10 & CHAR(10) & "• " & 'الجدول'!K11 & CHAR(10) & "• " & 'الجدول'!K12 & CHAR(10) & "• " & 'الجدول'!K13 & CHAR(10) & "• " & 'الجدول'!K14 & CHAR(10) & "• " & 'الجدول'!K15 & CHAR(10) & "• " & 'الجدول'!K16 & CHAR(10) & CHAR(10) & "■■ " & 'الجدول'!L1 & " ■■" & CHAR(10) & "• " & 'الجدول'!L7 & CHAR(10) & "• " & 'الجدول'!L8 & CHAR(10) & "• " & 'الجدول'!L9 & CHAR(10) & "• " & 'الجدول'!L10 & CHAR(10) & "• " & 'الجدول'!L11 & CHAR(10) & "• " & 'الجدول'!L12 & CHAR(10) & "• " & 'الجدول'!L13 & CHAR(10) & "• " & 'الجدول'!L14 & CHAR(10) & "• " & 'الجدول'!L15 & CHAR(10) & "• " & 'الجدول'!L16 & CHAR(10) & CHAR(10) & "■■ " & 'الجدول'!M1 & " ■■" & CHAR(10) & "• " & 'الجدول'!M7 & CHAR(10) & "• " & 'الجدول'!M8 & CHAR(10) & "• " & 'الجدول'!M9 & CHAR(10) & "• " & 'الجدول'!M10 & CHAR(10) & "• " & 'الجدول'!M11 & CHAR(10) & "• " & 'الجدول'!M12 & CHAR(10) & "• " & 'الجدول'!M13 & CHAR(10) & "• " & 'الجدول'!M14 & CHAR(10) & "• " & 'الجدول'!M15 & CHAR(10) & "• " & 'الجدول'!M16 & CHAR(10) & CHAR(10) & "■■ " & 'الجدول'!N1 & " ■■" & CHAR(10) & "• " & 'الجدول'!N7 & CHAR(10) & "• " & 'الجدول'!N8 & CHAR(10) & "• " & 'الجدول'!N9 & CHAR(10) & "• " & 'الجدول'!N10 & CHAR(10) & "• " & 'الجدول'!N11 & CHAR(10) & "• " & 'الجدول'!N12 & CHAR(10) & "• " & 'الجدول'!N13 & CHAR(10) & "• " & 'الجدول'!N14 & CHAR(10) & "• " & 'الجدول'!N15 & CHAR(10) & "• " & 'الجدول'!N16 & CHAR(10) & CHAR(10) -> ■■ ER ADMISSION-NIGHT-🚨🌙 ■■ • Ziad said mohamed (01028577876) • ---------- • ---------- • ---------- • ---------- • ---------- • ---------- • ---------- • ---------- • ---------- ■■ ER ADMISSIONS -DAY-🚨☀️ ■■ • Sara Refaat (01220039613) • ---------- • ---------- • ---------- • ---------- • ---------- • ---------- • ---------- • ---------- • ---------- ■■ ER GENERAL-DAY-🚨☀️ ■■ • حنان النبوى محمد (01067888751) • هديل نادي محند (01033032220) • محمود عبد المحسن إبراهيم (01062086612) • منه الله هشام السيد (01002996214) • سلمى أبوالعلا (01124166114) • بلال جودة (01066199644) • بلال أحمد (01066883767) • Youssef elsemary (01126286820) • عمر حسن محمد حسن حجازي (01019701020) • شيماء رمضان سعد (01021468731) ■■ ER GENERAL-NIGHT-🚨🌙 ■■ • مي طارق نهاد (01287477488) • شدو محمد شلتوت (1550336384) • كارين باسم صومائيل (01274209975) • زينة أشرف حسين (01067196820) • شهاب احمد حلمي (01055979002) • محمد عمرو محمد عبدالباقي (01151653320) • Marwan Ayman (01149894940) • محمد محمود ابراهيم (01112057358) • أحمد زيدان (01110524147) • ---------- ■■ ER PT-DAY-🚨☀️ ■■ • مينا رومانى عبده (01212866642) • عبدالمسيح مكرم (01203267885) • رؤى أحمد عبدالحميد البليهي (01021284862) • منار عواد عبدالعال عواد (01001915861) • مصطفى محمد علي محمد بدر (01150245681) • استيفن مدحت منير (01200226122) • مها حسين السيد (01012349071) • هديل هشام منصور الوشاحي (01227221344) • منار احمد سعيد (01092708033) • ---------- ■■ ER PT-NIGHT-🚨🌙 ■■ • احمد حسين أحمد (01001877491) • سندس أحمد سيد (01156131096) • احمد ناصر (01553479200) • يوسف طه السيد (01207620695) • احمد حسام الدين صلاح (01065567736) • Mostafa Ismail (01022400525) • عمر محمد سيد (01000688544) • نورهان محمد (0112 826 8287) • احمدنوید قیومی (01104573242) • ---------- ■■ ER TRIAGE-DAY-🚨☀️ ■■ • روان ياسر سليم (01005005160) • ---------- • ---------- • ---------- • ---------- • ---------- • ---------- • ---------- • ---------- • ---------- ■■ ER TRIAGE-NIGHT-🚨🌙 ■■ • عمرو عبدالغفار حمزة (01014246636) • ---------- • ---------- • ---------- • ---------- • ---------- • ---------- • ---------- • ---------- • ---------- ■■ ER WARD-DAY-🚨☀️ ■■ • Alaa mahmoud El haddad (01033882560) • منة السيد عبد الباقي (01274588193) • سعيد السيد محمد السيد محمد سابق (01203394950) • مصطفى عبد الراضى صديق (01226696153) • عمرو وائل سرور (01023140340) • كارين روماني راشد (01102663062) • ---------- • ---------- • ---------- • ---------- ■■ ER WARD-NIGHT-🚨🌙 ■■ • محمد احمد بسام الجمل (01091463337) • عبدالله احمد (01020242571) • احمد عزت الشيخ (01226872660) • تقى عماد حسني (01119716276) • مصطفى عبد الراضى صديق (01226696153) • عمرو وائل سرور (01023140340) • ---------- • ---------- • ---------- • ---------- ■■ 🗡️LISTA ■■ • ---------- • ---------- • ---------- • ---------- • ---------- • ---------- • ---------- • ---------- • ---------- • ---------- ■■ WARD-DAY-☀️ ■■ • ---------- • ---------- • ---------- • ---------- • ---------- • ---------- • ---------- • ---------- • ---------- • ---------- ■■ WARD-NIGHT-🌙 ■■ • ---------- • ---------- • ---------- • ---------- • ---------- • ---------- • ---------- • ---------- • ---------- • ---------- | C3: =HYPERLINK("#الجدول!A" & 6, "الجدول الأساسي") -> الجدول الأساسي
A4: 2026-01-12 الاثنين | B4: ="" & "■■ " & 'الجدول'!B1 & " ■■" & CHAR(10) & "• " & 'الجدول'!B17 & CHAR(10) & "• " & 'الجدول'!B18 & CHAR(10) & "• " & 'الجدول'!B19 & CHAR(10) & "• " & 'الجدول'!B20 & CHAR(10) & "• " & 'الجدول'!B21 & CHAR(10) & "• " & 'الجدول'!B22 & CHAR(10) & "• " & 'الجدول'!B23 & CHAR(10) & "• " & 'الجدول'!B24 & CHAR(10) & CHAR(10) & "■■ " & 'الجدول'!C1 & " ■■" & CHAR(10) & "• " & 'الجدول'!C17 & CHAR(10) & "• " & 'الجدول'!C18 & CHAR(10) & "• " & 'الجدول'!C19 & CHAR(10) & "• " & 'الجدول'!C20 & CHAR(10) & "• " & 'الجدول'!C21 & CHAR(10) & "• " & 'الجدول'!C22 & CHAR(10) & "• " & 'الجدول'!C23 & CHAR(10) & "• " & 'الجدول'!C24 & CHAR(10) & CHAR(10) & "■■ " & 'الجدول'!D1 & " ■■" & CHAR(10) & "• " & 'الجدول'!D17 & CHAR(10) & "• " & 'الجدول'!D18 & CHAR(10) & "• " & 'الجدول'!D19 & CHAR(10) & "• " & 'الجدول'!D20 & CHAR(10) & "• " & 'الجدول'!D21 & CHAR(10) & "• " & 'الجدول'!D22 & CHAR(10) & "• " & 'الجدول'!D23 & CHAR(10) & "• " & 'الجدول'!D24 & CHAR(10) & CHAR(10) & "■■ " & 'الجدول'!E1 & " ■■" & CHAR(10) & "• " & 'الجدول'!E17 & CHAR(10) & "• " & 'الجدول'!E18 & CHAR(10) & "• " & 'الجدول'!E19 & CHAR(10) & "• " & 'الجدول'!E20 & CHAR(10) & "• " & 'الجدول'!E21 & CHAR(10) & "• " & 'الجدول'!E22 & CHAR(10) & "• " & 'الجدول'!E23 & CHAR(10) & "• " & 'الجدول'!E24 & CHAR(10) & CHAR(10) & "■■ " & 'الجدول'!F1 & " ■■" & CHAR(10) & "• " & 'الجدول'!F17 & CHAR(10) & "• " & 'الجدول'!F18 & CHAR(10) & "• " & 'الجدول'!F19 & CHAR(10) & "• " & 'الجدول'!F20 & CHAR(10) & "• " & 'الجدول'!F21 & CHAR(10) & "• " & 'الجدول'!F22 & CHAR(10) & "• " & 'الجدول'!F23 & CHAR(10) & "• " & 'الجدول'!F24 & CHAR(10) & CHAR(10) & "■■ " & 'الجدول'!G1 & " ■■" & CHAR(10) & "• " & 'الجدول'!G17 & CHAR(10) & "• " & 'الجدول'!G18 & CHAR(10) & "• " & 'الجدول'!G19 & CHAR(10) & "• " & 'الجدول'!G20 & CHAR(10) & "• " & 'الجدول'!G21 & CHAR(10) & "• " & 'الجدول'!G22 & CHAR(10) & "• " & 'الجدول'!G23 & CHAR(10) & "• " & 'الجدول'!G24 & CHAR(10) & CHAR(10) & "■■ " & 'الجدول'!H1 & " ■■" & CHAR(10) & "• " & 'الجدول'!H17 & CHAR(10) & "• " & 'الجدول'!H18 & CHAR(10) & "• " & 'الجدول'!H19 & CHAR(10) & "• " & 'الجدول'!H20 & CHAR(10) & "• " & 'الجدول'!H21 & CHAR(10) & "• " & 'الجدول'!H22 & CHAR(10) & "• " & 'الجدول'!H23 & CHAR(10) & "• " & 'الجدول'!H24 & CHAR(10) & CHAR(10) & "■■ " & 'الجدول'!I1 & " ■■" & CHAR(10) & "• " & 'الجدول'!I17 & CHAR(10) & "• " & 'الجدول'!I18 & CHAR(10) & "• " & 'الجدول'!I19 & CHAR(10) & "• " & 'الجدول'!I20 & CHAR(10) & "• " & 'الجدول'!I21 & CHAR(10) & "• " & 'الجدول'!I22 & CHAR(10) & "• " & 'الجدول'!I23 & CHAR(10) & "• " & 'الجدول'!I24 & CHAR(10) & CHAR(10) & "■■ " & 'الجدول'!J1 & " ■■" & CHAR(10) & "• " & 'الجدول'!J17 & CHAR(10) & "• " & 'الجدول'!J18 & CHAR(10) & "• " & 'الجدول'!J19 & CHAR(10) & "• " & 'الجدول'!J20 & CHAR(10) & "• " & 'الجدول'!J21 & CHAR(10) & "• " & 'الجدول'!J22 & CHAR(10) & "• " & 'الجدول'!J23 & CHAR(10) & "• " & 'الجدول'!J24 & CHAR(10) & CHAR(10) & "■■ " & 'الجدول'!K1 & " ■■" & CHAR(10) & "• " & 'الجدول'!K17 & CHAR(10) & "• " & 'الجدول'!K18 & CHAR(10) & "• " & 'الجدول'!K19 & CHAR(10) & "• " & 'الجدول'!K20 & CHAR(10) & "• " & 'الجدول'!K21 & CHAR(10) & "• " & 'الجدول'!K22 & CHAR(10) & "• " & 'الجدول'!K23 & CHAR(10) & "• " & 'الجدول'!K24 & CHAR(10) & CHAR(10) & "■■ " & 'الجدول'!L1 & " ■■" & CHAR(10) & "• " & 'الجدول'!L17 & CHAR(10) & "• " & 'الجدول'!L18 & CHAR(10) & "• " & 'الجدول'!L19 & CHAR(10) & "• " & 'الجدول'!L20 & CHAR(10) & "• " & 'الجدول'!L21 & CHAR(10) & "• " & 'الجدول'!L22 & CHAR(10) & "• " & 'الجدول'!L23 & CHAR(10) & "• " & 'الجدول'!L24 & CHAR(10) & CHAR(10) & "■■ " & 'الجدول'!M1 & " ■■" & CHAR(10) & "• " & 'الجدول'!M17 & CHAR(10) & "• " & 'الجدول'!M18 & CHAR(10) & "• " & 'الجدول'!M19 & CHAR(10) & "• " & 'الجدول'!M20 & CHAR(10) & "• " & 'الجدول'!M21 & CHAR(10) & "• " & 'الجدول'!M22 & CHAR(10) & "• " & 'الجدول'!M23 & CHAR(10) & "• " & 'الجدول'!M24 & CHAR(10) & CHAR(10) & "■■ " & 'الجدول'!N1 & " ■■" & CHAR(10) & "• " & 'الجدول'!N17 & CHAR(10) & "• " & 'الجدول'!N18 & CHAR(10) & "• " & 'الجدول'!N19 & CHAR(10) & "• " & 'الجدول'!N20 & CHAR(10) & "• " & 'الجدول'!N21 & CHAR(10) & "• " & 'الجدول'!N22 & CHAR(10) & "• " & 'الجدول'!N23 & CHAR(10) & "• " & 'الجدول'!N24 & CHAR(10) & CHAR(10) -> ■■ ER ADMISSION-NIGHT-🚨🌙 ■■ • ---------- • ---------- • ---------- • ---------- • ---------- • ---------- • ---------- • ---------- ■■ ER ADMISSIONS -DAY-🚨☀️ ■■ • ---------- • ---------- • ---------- • ---------- • ---------- • ---------- • ---------- • ---------- ■■ ER GENERAL-DAY-🚨☀️ ■■ • ---------- • ---------- • ---------- • ---------- • ---------- • ---------- • ---------- • ---------- ■■ ER GENERAL-NIGHT-🚨🌙 ■■ • ---------- • ---------- • ---------- • ---------- • ---------- • ---------- • ---------- • ---------- ■■ ER PT-DAY-🚨☀️ ■■ • ---------- • ---------- • ---------- • ---------- • ---------- • ---------- • ---------- • ---------- ■■ ER PT-NIGHT-🚨🌙 ■■ • ---------- • ---------- • ---------- • ---------- • ---------- • ---------- • ---------- • ---------- ■■ ER TRIAGE-DAY-🚨☀️ ■■ • ---------- • ---------- • ---------- • ---------- • ---------- • ---------- • ---------- • ---------- ■■ ER TRIAGE-NIGHT-🚨🌙 ■■ • ---------- • ---------- • ---------- • ---------- • ---------- • ---------- • ---------- • ---------- ■■ ER WARD-DAY-🚨☀️ ■■ • ---------- • ---------- • ---------- • ---------- • ---------- • ---------- • ---------- • ---------- ■■ ER WARD-NIGHT-🚨🌙 ■■ • ---------- • ---------- • ---------- • ---------- • ---------- • ---------- • ---------- • ---------- ■■ 🗡️LISTA ■■ • ---------- • ---------- • ---------- • ---------- • ---------- • ---------- • ---------- • ---------- ■■ WARD-DAY-☀️ ■■ • مي خالد ابوزيد (01023578224) • عبدالمسيح مكرم (01203267885) • أحمد رجب محمد (01273127265) • مصطفى محمد علي محمد بدر (01150245681) • دانه طارق (01012809042) • محمد خالد محمد (01008204601) • كارين روماني راشد (01102663062) • بلال أحمد (01066883767) ■■ WARD-NIGHT-🌙 ■■ • عمرو وائل سرور (01023140340) • مريم السيد أحمد خيرالله (01099882992) • نورهان محمد (0112 826 8287) • شهاب احمد حلمي (01055979002) • تقى عماد حسني (01119716276) • ---------- • ---------- • ---------- | C4: =HYPERLINK("#الجدول!A" & 16, "الجدول الأساسي") -> الجدول الأساسي
A5: 2026-01-13 الثلاثاء | B5: ="" & "■■ " & 'الجدول'!B1 & " ■■" & CHAR(10) & "• " & 'الجدول'!B25 & CHAR(10) & "• " & 'الجدول'!B26 & CHAR(10) & "• " & 'الجدول'!B27 & CHAR(10) & "• " & 'الجدول'!B28 & CHAR(10) & "• " & 'الجدول'!B29 & CHAR(10) & "• " & 'الجدول'!B30 & CHAR(10) & CHAR(10) & "■■ " & 'الجدول'!C1 & " ■■" & CHAR(10) & "• " & 'الجدول'!C25 & CHAR(10) & "• " & 'الجدول'!C26 & CHAR(10) & "• " & 'الجدول'!C27 & CHAR(10) & "• " & 'الجدول'!C28 & CHAR(10) & "• " & 'الجدول'!C29 & CHAR(10) & "• " & 'الجدول'!C30 & CHAR(10) & CHAR(10) & "■■ " & 'الجدول'!D1 & " ■■" & CHAR(10) & "• " & 'الجدول'!D25 & CHAR(10) & "• " & 'الجدول'!D26 & CHAR(10) & "• " & 'الجدول'!D27 & CHAR(10) & "• " & 'الجدول'!D28 & CHAR(10) & "• " & 'الجدول'!D29 & CHAR(10) & "• " & 'الجدول'!D30 & CHAR(10) & CHAR(10) & "■■ " & 'الجدول'!E1 & " ■■" & CHAR(10) & "• " & 'الجدول'!E25 & CHAR(10) & "• " & 'الجدول'!E26 & CHAR(10) & "• " & 'الجدول'!E27 & CHAR(10) & "• " & 'الجدول'!E28 & CHAR(10) & "• " & 'الجدول'!E29 & CHAR(10) & "• " & 'الجدول'!E30 & CHAR(10) & CHAR(10) & "■■ " & 'الجدول'!F1 & " ■■" & CHAR(10) & "• " & 'الجدول'!F25 & CHAR(10) & "• " & 'الجدول'!F26 & CHAR(10) & "• " & 'الجدول'!F27 & CHAR(10) & "• " & 'الجدول'!F28 & CHAR(10) & "• " & 'الجدول'!F29 & CHAR(10) & "• " & 'الجدول'!F30 & CHAR(10) & CHAR(10) & "■■ " & 'الجدول'!G1 & " ■■" & CHAR(10) & "• " & 'الجدول'!G25 & CHAR(10) & "• " & 'الجدول'!G26 & CHAR(10) & "• " & 'الجدول'!G27 & CHAR(10) & "• " & 'الجدول'!G28 & CHAR(10) & "• " & 'الجدول'!G29 & CHAR(10) & "• " & 'الجدول'!G30 & CHAR(10) & CHAR(10) & "■■ " & 'الجدول'!H1 & " ■■" & CHAR(10) & "• " & 'الجدول'!H25 & CHAR(10) & "• " & 'الجدول'!H26 & CHAR(10) & "• " & 'الجدول'!H27 & CHAR(10) & "• " & 'الجدول'!H28 & CHAR(10) & "• " & 'الجدول'!H29 & CHAR(10) & "• " & 'الجدول'!H30 & CHAR(10) & CHAR(10) & "■■ " & 'الجدول'!I1 & " ■■" & CHAR(10) & "• " & 'الجدول'!I25 & CHAR(10) & "• " & 'الجدول'!I26 & CHAR(10) & "• " & 'الجدول'!I27 & CHAR(10) & "• " & 'الجدول'!I28 & CHAR(10) & "• " & 'الجدول'!I29 & CHAR(10) & "• " & 'الجدول'!I30 & CHAR(10) & CHAR(10) & "■■ " & 'الجدول'!J1 & " ■■" & CHAR(10) & "• " & 'الجدول'!J25 & CHAR(10) & "• " & 'الجدول'!J26 & CHAR(10) & "• " & 'الجدول'!J27 & CHAR(10) & "• " & 'الجدول'!J28 & CHAR(10) & "• " & 'الجدول'!J29 & CHAR(10) & "• " & 'الجدول'!J30 & CHAR(10) & CHAR(10) & "■■ " & 'الجدول'!K1 & " ■■" & CHAR(10) & "• " & 'الجدول'!K25 & CHAR(10) & "• " & 'الجدول'!K26 & CHAR(10) & "• " & 'الجدول'!K27 & CHAR(10) & "• " & 'الجدول'!K28 & CHAR(10) & "• " & 'الجدول'!K29 & CHAR(10) & "• " & 'الجدول'!K30 & CHAR(10) & CHAR(10) & "■■ " & 'الجدول'!L1 & " ■■" & CHAR(10) & "• " & 'الجدول'!L25 & CHAR(10) & "• " & 'الجدول'!L26 & CHAR(10) & "• " & 'الجدول'!L27 & CHAR(10) & "• " & 'الجدول'!L28 & CHAR(10) & "• " & 'الجدول'!L29 & CHAR(10) & "• " & 'الجدول'!L30 & CHAR(10) & CHAR(10) & "■■ " & 'الجدول'!M1 & " ■■" & CHAR(10) & "• " & 'الجدول'!M25 & CHAR(10) & "• " & 'الجدول'!M26 & CHAR(10) & "• " & 'الجدول'!M27 & CHAR(10) & "• " & 'الجدول'!M28 & CHAR(10) & "• " & 'الجدول'!M29 & CHAR(10) & "• " & 'الجدول'!M30 & CHAR(10) & CHAR(10) & "■■ " & 'الجدول'!N1 & " ■■" & CHAR(10) & "• " & 'الجدول'!N25 & CHAR(10) & "• " & 'الجدول'!N26 & CHAR(10) & "• " & 'الجدول'!N27 & CHAR(10) & "• " & 'الجدول'!N28 & CHAR(10) & "• " & 'الجدول'!N29 & CHAR(10) & "• " & 'الجدول'!N30 & CHAR(10) & CHAR(10) -> ■■ ER ADMISSION-NIGHT-🚨🌙 ■■ • ---------- • ---------- • ---------- • ---------- • ---------- • ---------- ■■ ER ADMISSIONS -DAY-🚨☀️ ■■ • ---------- • ---------- • ---------- • ---------- • ---------- • ---------- ■■ ER GENERAL-DAY-🚨☀️ ■■ • ---------- • ---------- • ---------- • ---------- • ---------- • ---------- ■■ ER GENERAL-NIGHT-🚨🌙 ■■ • ---------- • ---------- • ---------- • ---------- • ---------- • ---------- ■■ ER PT-DAY-🚨☀️ ■■ • ---------- • ---------- • ---------- • ---------- • ---------- • ---------- ■■ ER PT-NIGHT-🚨🌙 ■■ • ---------- • ---------- • ---------- • ---------- • ---------- • ---------- ■■ ER TRIAGE-DAY-🚨☀️ ■■ • ---------- • ---------- • ---------- • ---------- • ---------- • ---------- ■■ ER TRIAGE-NIGHT-🚨🌙 ■■ • ---------- • ---------- • ---------- • ---------- • ---------- • ---------- ■■ ER WARD-DAY-🚨☀️ ■■ • ---------- • ---------- • ---------- • ---------- • ---------- • ---------- ■■ ER WARD-NIGHT-🚨🌙 ■■ • ---------- • ---------- • ---------- • ---------- • ---------- • ---------- ■■ 🗡️LISTA ■■ • يوسف عاطف رزق الله (01148183647) • محمد خالد محمد (01008204601) • سعيد السيد محمد السيد محمد سابق (01203394950) • ---------- • ---------- • ---------- ■■ WARD-DAY-☀️ ■■ • محمود عبد المحسن إبراهيم (01062086612) • استيفن مدحت منير (01200226122) • أعناب طارق عوض (01146334179) • احمد حسام الدين صلاح (01065567736) • منار عواد عبدالعال عواد (01001915861) • احمدنوید قیومی (01104573242) ■■ WARD-NIGHT-🌙 ■■ • محمد احمد بسام الجمل (01091463337) • كارين باسم صومائيل (01274209975) • مي طارق نهاد (01287477488) • احمد عزت الشيخ (01226872660) • ---------- • ---------- | C5: =HYPERLINK("#الجدول!A" & 24, "الجدول الأساسي") -> الجدول الأساسي
A6: 2026-01-14 الأربعاء | B6: ="" & "■■ " & 'الجدول'!B1 & " ■■" & CHAR(10) & "• " & 'الجدول'!B31 & CHAR(10) & "• " & 'الجدول'!B32 & CHAR(10) & "• " & 'الجدول'!B33 & CHAR(10) & "• " & 'الجدول'!B34 & CHAR(10) & "• " & 'الجدول'!B35 & CHAR(10) & "• " & 'الجدول'!B36 & CHAR(10) & CHAR(10) & "■■ " & 'الجدول'!C1 & " ■■" & CHAR(10) & "• " & 'الجدول'!C31 & CHAR(10) & "• " & 'الجدول'!C32 & CHAR(10) & "• " & 'الجدول'!C33 & CHAR(10) & "• " & 'الجدول'!C34 & CHAR(10) & "• " & 'الجدول'!C35 & CHAR(10) & "• " & 'الجدول'!C36 & CHAR(10) & CHAR(10) & "■■ " & 'الجدول'!D1 & " ■■" & CHAR(10) & "• " & 'الجدول'!D31 & CHAR(10) & "• " & 'الجدول'!D32 & CHAR(10) & "• " & 'الجدول'!D33 & CHAR(10) & "• " & 'الجدول'!D34 & CHAR(10) & "• " & 'الجدول'!D35 & CHAR(10) & "• " & 'الجدول'!D36 & CHAR(10) & CHAR(10) & "■■ " & 'الجدول'!E1 & " ■■" & CHAR(10) & "• " & 'الجدول'!E31 & CHAR(10) & "• " & 'الجدول'!E32 & CHAR(10) & "• " & 'الجدول'!E33 & CHAR(10) & "• " & 'الجدول'!E34 & CHAR(10) & "• " & 'الجدول'!E35 & CHAR(10) & "• " & 'الجدول'!E36 & CHAR(10) & CHAR(10) & "■■ " & 'الجدول'!F1 & " ■■" & CHAR(10) & "• " & 'الجدول'!F31 & CHAR(10) & "• " & 'الجدول'!F32 & CHAR(10) & "• " & 'الجدول'!F33 & CHAR(10) & "• " & 'الجدول'!F34 & CHAR(10) & "• " & 'الجدول'!F35 & CHAR(10) & "• " & 'الجدول'!F36 & CHAR(10) & CHAR(10) & "■■ " & 'الجدول'!G1 & " ■■" & CHAR(10) & "• " & 'الجدول'!G31 & CHAR(10) & "• " & 'الجدول'!G32 & CHAR(10) & "• " & 'الجدول'!G33 & CHAR(10) & "• " & 'الجدول'!G34 & CHAR(10) & "• " & 'الجدول'!G35 & CHAR(10) & "• " & 'الجدول'!G36 & CHAR(10) & CHAR(10) & "■■ " & 'الجدول'!H1 & " ■■" & CHAR(10) & "• " & 'الجدول'!H31 & CHAR(10) & "• " & 'الجدول'!H32 & CHAR(10) & "• " & 'الجدول'!H33 & CHAR(10) & "• " & 'الجدول'!H34 & CHAR(10) & "• " & 'الجدول'!H35 & CHAR(10) & "• " & 'الجدول'!H36 & CHAR(10) & CHAR(10) & "■■ " & 'الجدول'!I1 & " ■■" & CHAR(10) & "• " & 'الجدول'!I31 & CHAR(10) & "• " & 'الجدول'!I32 & CHAR(10) & "• " & 'الجدول'!I33 & CHAR(10) & "• " & 'الجدول'!I34 & CHAR(10) & "• " & 'الجدول'!I35 & CHAR(10) & "• " & 'الجدول'!I36 & CHAR(10) & CHAR(10) & "■■ " & 'الجدول'!J1 & " ■■" & CHAR(10) & "• " & 'الجدول'!J31 & CHAR(10) & "• " & 'الجدول'!J32 & CHAR(10) & "• " & 'الجدول'!J33 & CHAR(10) & "• " & 'الجدول'!J34 & CHAR(10) & "• " & 'الجدول'!J35 & CHAR(10) & "• " & 'الجدول'!J36 & CHAR(10) & CHAR(10) & "■■ " & 'الجدول'!K1 & " ■■" & CHAR(10) & "• " & 'الجدول'!K31 & CHAR(10) & "• " & 'الجدول'!K32 & CHAR(10) & "• " & 'الجدول'!K33 & CHAR(10) & "• " & 'الجدول'!K34 & CHAR(10) & "• " & 'الجدول'!K35 & CHAR(10) & "• " & 'الجدول'!K36 & CHAR(10) & CHAR(10) & "■■ " & 'الجدول'!L1 & " ■■" & CHAR(10) & "• " & 'الجدول'!L31 & CHAR(10) & "• " & 'الجدول'!L32 & CHAR(10) & "• " & 'الجدول'!L33 & CHAR(10) & "• " & 'الجدول'!L34 & CHAR(10) & "• " & 'الجدول'!L35 & CHAR(10) & "• " & 'الجدول'!L36 & CHAR(10) & CHAR(10) & "■■ " & 'الجدول'!M1 & " ■■" & CHAR(10) & "• " & 'الجدول'!M31 & CHAR(10) & "• " & 'الجدول'!M32 & CHAR(10) & "• " & 'الجدول'!M33 & CHAR(10) & "• " & 'الجدول'!M34 & CHAR(10) & "• " & 'الجدول'!M35 & CHAR(10) & "• " & 'الجدول'!M36 & CHAR(10) & CHAR(10) & "■■ " & 'الجدول'!N1 & " ■■" & CHAR(10) & "• " & 'الجدول'!N31 & CHAR(10) & "• " & 'الجدول'!N32 & CHAR(10) & "• " & 'الجدول'!N33 & CHAR(10) & "• " & 'الجدول'!N34 & CHAR(10) & "• " & 'الجدول'!N35 & CHAR(10) & "• " & 'الجدول'!N36 & CHAR(10) & CHAR(10) -> ■■ ER ADMISSION-NIGHT-🚨🌙 ■■ • ---------- • ---------- • ---------- • ---------- • ---------- • ---------- ■■ ER ADMISSIONS -DAY-🚨☀️ ■■ • ---------- • ---------- • ---------- • ---------- • ---------- • ---------- ■■ ER GENERAL-DAY-🚨☀️ ■■ • ---------- • ---------- • ---------- • ---------- • ---------- • ---------- ■■ ER GENERAL-NIGHT-🚨🌙 ■■ • ---------- • ---------- • ---------- • ---------- • ---------- • ---------- ■■ ER PT-DAY-🚨☀️ ■■ • ---------- • ---------- • ---------- • ---------- • ---------- • ---------- ■■ ER PT-NIGHT-🚨🌙 ■■ • ---------- • ---------- • ---------- • ---------- • ---------- • ---------- ■■ ER TRIAGE-DAY-🚨☀️ ■■ • ---------- • ---------- • ---------- • ---------- • ---------- • ---------- ■■ ER TRIAGE-NIGHT-🚨🌙 ■■ • ---------- • ---------- • ---------- • ---------- • ---------- • ---------- ■■ ER WARD-DAY-🚨☀️ ■■ • ---------- • ---------- • ---------- • ---------- • ---------- • ---------- ■■ ER WARD-NIGHT-🚨🌙 ■■ • ---------- • ---------- • ---------- • ---------- • ---------- • ---------- ■■ 🗡️LISTA ■■ • ---------- • ---------- • ---------- • ---------- • ---------- • ---------- ■■ WARD-DAY-☀️ ■■ • رنيم حاتم رفيق بسيسو (01144758373) • Ziad said mohamed (01028577876) • سلمى أبوالعلا (01124166114) • منار احمد سعيد (01092708033) • بلال جودة (01066199644) • عمر حسن محمد حسن حجازي (01019701020) ■■ WARD-NIGHT-🌙 ■■ • محمد احمد بسام الجمل (01091463337) • ملك محمد فؤاد (01001721072) • سندس أحمد سيد (01156131096) • احمد عزت الشيخ (01226872660) • ---------- • ---------- | C6: =HYPERLINK("#الجدول!A" & 30, "الجدول الأساسي") -> الجدول الأساسي
A7: 2026-01-15 الخميس | B7: ="" & "■■ " & 'الجدول'!B1 & " ■■" & CHAR(10) & "• " & 'الجدول'!B37 & CHAR(10) & "• " & 'الجدول'!B38 & CHAR(10) & "• " & 'الجدول'!B39 & CHAR(10) & "• " & 'الجدول'!B40 & CHAR(10) & "• " & 'الجدول'!B41 & CHAR(10) & CHAR(10) & "■■ " & 'الجدول'!C1 & " ■■" & CHAR(10) & "• " & 'الجدول'!C37 & CHAR(10) & "• " & 'الجدول'!C38 & CHAR(10) & "• " & 'الجدول'!C39 & CHAR(10) & "• " & 'الجدول'!C40 & CHAR(10) & "• " & 'الجدول'!C41 & CHAR(10) & CHAR(10) & "■■ " & 'الجدول'!D1 & " ■■" & CHAR(10) & "• " & 'الجدول'!D37 & CHAR(10) & "• " & 'الجدول'!D38 & CHAR(10) & "• " & 'الجدول'!D39 & CHAR(10) & "• " & 'الجدول'!D40 & CHAR(10) & "• " & 'الجدول'!D41 & CHAR(10) & CHAR(10) & "■■ " & 'الجدول'!E1 & " ■■" & CHAR(10) & "• " & 'الجدول'!E37 & CHAR(10) & "• " & 'الجدول'!E38 & CHAR(10) & "• " & 'الجدول'!E39 & CHAR(10) & "• " & 'الجدول'!E40 & CHAR(10) & "• " & 'الجدول'!E41 & CHAR(10) & CHAR(10) & "■■ " & 'الجدول'!F1 & " ■■" & CHAR(10) & "• " & 'الجدول'!F37 & CHAR(10) & "• " & 'الجدول'!F38 & CHAR(10) & "• " & 'الجدول'!F39 & CHAR(10) & "• " & 'الجدول'!F40 & CHAR(10) & "• " & 'الجدول'!F41 & CHAR(10) & CHAR(10) & "■■ " & 'الجدول'!G1 & " ■■" & CHAR(10) & "• " & 'الجدول'!G37 & CHAR(10) & "• " & 'الجدول'!G38 & CHAR(10) & "• " & 'الجدول'!G39 & CHAR(10) & "• " & 'الجدول'!G40 & CHAR(10) & "• " & 'الجدول'!G41 & CHAR(10) & CHAR(10) & "■■ " & 'الجدول'!H1 & " ■■" & CHAR(10) & "• " & 'الجدول'!H37 & CHAR(10) & "• " & 'الجدول'!H38 & CHAR(10) & "• " & 'الجدول'!H39 & CHAR(10) & "• " & 'الجدول'!H40 & CHAR(10) & "• " & 'الجدول'!H41 & CHAR(10) & CHAR(10) & "■■ " & 'الجدول'!I1 & " ■■" & CHAR(10) & "• " & 'الجدول'!I37 & CHAR(10) & "• " & 'الجدول'!I38 & CHAR(10) & "• " & 'الجدول'!I39 & CHAR(10) & "• " & 'الجدول'!I40 & CHAR(10) & "• " & 'الجدول'!I41 & CHAR(10) & CHAR(10) & "■■ " & 'الجدول'!J1 & " ■■" & CHAR(10) & "• " & 'الجدول'!J37 & CHAR(10) & "• " & 'الجدول'!J38 & CHAR(10) & "• " & 'الجدول'!J39 & CHAR(10) & "• " & 'الجدول'!J40 & CHAR(10) & "• " & 'الجدول'!J41 & CHAR(10) & CHAR(10) & "■■ " & 'الجدول'!K1 & " ■■" & CHAR(10) & "• " & 'الجدول'!K37 & CHAR(10) & "• " & 'الجدول'!K38 & CHAR(10) & "• " & 'الجدول'!K39 & CHAR(10) & "• " & 'الجدول'!K40 & CHAR(10) & "• " & 'الجدول'!K41 & CHAR(10) & CHAR(10) & "■■ " & 'الجدول'!L1 & " ■■" & CHAR(10) & "• " & 'الجدول'!L37 & CHAR(10) & "• " & 'الجدول'!L38 & CHAR(10) & "• " & 'الجدول'!L39 & CHAR(10) & "• " & 'الجدول'!L40 & CHAR(10) & "• " & 'الجدول'!L41 & CHAR(10) & CHAR(10) & "■■ " & 'الجدول'!M1 & " ■■" & CHAR(10) & "• " & 'الجدول'!M37 & CHAR(10) & "• " & 'الجدول'!M38 & CHAR(10) & "• " & 'الجدول'!M39 & CHAR(10) & "• " & 'الجدول'!M40 & CHAR(10) & "• " & 'الجدول'!M41 & CHAR(10) & CHAR(10) & "■■ " & 'الجدول'!N1 & " ■■" & CHAR(10) & "• " & 'الجدول'!N37 & CHAR(10) & "• " & 'الجدول'!N38 & CHAR(10) & "• " & 'الجدول'!N39 & CHAR(10) & "• " & 'الجدول'!N40 & CHAR(10) & "• " & 'الجدول'!N41 & CHAR(10) & CHAR(10) -> ■■ ER ADMISSION-NIGHT-🚨🌙 ■■ • ---------- • ---------- • ---------- • ---------- • ---------- ■■ ER ADMISSIONS -DAY-🚨☀️ ■■ • ---------- • ---------- • ---------- • ---------- • ---------- ■■ ER GENERAL-DAY-🚨☀️ ■■ • ---------- • ---------- • ---------- • ---------- • ---------- ■■ ER GENERAL-NIGHT-🚨🌙 ■■ • ---------- • ---------- • ---------- • ---------- • ---------- ■■ ER PT-DAY-🚨☀️ ■■ • ---------- • ---------- • ---------- • ---------- • ---------- ■■ ER PT-NIGHT-🚨🌙 ■■ • ---------- • ---------- • ---------- • ---------- • ---------- ■■ ER TRIAGE-DAY-🚨☀️ ■■ • ---------- • ---------- • ---------- • ---------- • ---------- ■■ ER TRIAGE-NIGHT-🚨🌙 ■■ • ---------- • ---------- • ---------- • ---------- • ---------- ■■ ER WARD-DAY-🚨☀️ ■■ • ---------- • ---------- • ---------- • ---------- • ---------- ■■ ER WARD-NIGHT-🚨🌙 ■■ • ---------- • ---------- • ---------- • ---------- • ---------- ■■ 🗡️LISTA ■■ • ---------- • ---------- • ---------- • ---------- • ---------- ■■ WARD-DAY-☀️ ■■ • مها حسين السيد (01012349071) • محمد خالد محمد (01008204601) • زينة أشرف حسين (01067196820) • مي خالد ابوزيد (01023578224) • عمرو عبدالغفار حمزة (01014246636) ■■ WARD-NIGHT-🌙 ■■ • تقى عماد حسني (01119716276) • رنا اكرم احمد (01122182132) • Marwan Ayman (01149894940) • ---------- • ---------- | C7: =HYPERLINK("#الجدول!A" & 36, "الجدول الأساسي") -> الجدول الأساسي
A8: 2026-01-16 الجمعة | B8: ="" & "■■ " & 'الجدول'!B1 & " ■■" & CHAR(10) & "• " & 'الجدول'!B42 & CHAR(10) & "• " & 'الجدول'!B43 & CHAR(10) & "• " & 'الجدول'!B44 & CHAR(10) & "• " & 'الجدول'!B45 & CHAR(10) & CHAR(10) & "■■ " & 'الجدول'!C1 & " ■■" & CHAR(10) & "• " & 'الجدول'!C42 & CHAR(10) & "• " & 'الجدول'!C43 & CHAR(10) & "• " & 'الجدول'!C44 & CHAR(10) & "• " & 'الجدول'!C45 & CHAR(10) & CHAR(10) & "■■ " & 'الجدول'!D1 & " ■■" & CHAR(10) & "• " & 'الجدول'!D42 & CHAR(10) & "• " & 'الجدول'!D43 & CHAR(10) & "• " & 'الجدول'!D44 & CHAR(10) & "• " & 'الجدول'!D45 & CHAR(10) & CHAR(10) & "■■ " & 'الجدول'!E1 & " ■■" & CHAR(10) & "• " & 'الجدول'!E42 & CHAR(10) & "• " & 'الجدول'!E43 & CHAR(10) & "• " & 'الجدول'!E44 & CHAR(10) & "• " & 'الجدول'!E45 & CHAR(10) & CHAR(10) & "■■ " & 'الجدول'!F1 & " ■■" & CHAR(10) & "• " & 'الجدول'!F42 & CHAR(10) & "• " & 'الجدول'!F43 & CHAR(10) & "• " & 'الجدول'!F44 & CHAR(10) & "• " & 'الجدول'!F45 & CHAR(10) & CHAR(10) & "■■ " & 'الجدول'!G1 & " ■■" & CHAR(10) & "• " & 'الجدول'!G42 & CHAR(10) & "• " & 'الجدول'!G43 & CHAR(10) & "• " & 'الجدول'!G44 & CHAR(10) & "• " & 'الجدول'!G45 & CHAR(10) & CHAR(10) & "■■ " & 'الجدول'!H1 & " ■■" & CHAR(10) & "• " & 'الجدول'!H42 & CHAR(10) & "• " & 'الجدول'!H43 & CHAR(10) & "• " & 'الجدول'!H44 & CHAR(10) & "• " & 'الجدول'!H45 & CHAR(10) & CHAR(10) & "■■ " & 'الجدول'!I1 & " ■■" & CHAR(10) & "• " & 'الجدول'!I42 & CHAR(10) & "• " & 'الجدول'!I43 & CHAR(10) & "• " & 'الجدول'!I44 & CHAR(10) & "• " & 'الجدول'!I45 & CHAR(10) & CHAR(10) & "■■ " & 'الجدول'!J1 & " ■■" & CHAR(10) & "• " & 'الجدول'!J42 & CHAR(10) & "• " & 'الجدول'!J43 & CHAR(10) & "• " & 'الجدول'!J44 & CHAR(10) & "• " & 'الجدول'!J45 & CHAR(10) & CHAR(10) & "■■ " & 'الجدول'!K1 & " ■■" & CHAR(10) & "• " & 'الجدول'!K42 & CHAR(10) & "• " & 'الجدول'!K43 & CHAR(10) & "• " & 'الجدول'!K44 & CHAR(10) & "• " & 'الجدول'!K45 & CHAR(10) & CHAR(10) & "■■ " & 'الجدول'!L1 & " ■■" & CHAR(10) & "• " & 'الجدول'!L42 & CHAR(10) & "• " & 'الجدول'!L43 & CHAR(10) & "• " & 'الجدول'!L44 & CHAR(10) & "• " & 'الجدول'!L45 & CHAR(10) & CHAR(10) & "■■ " & 'الجدول'!M1 & " ■■" & CHAR(10) & "• " & 'الجدول'!M42 & CHAR(10) & "• " & 'الجدول'!M43 & CHAR(10) & "• " & 'الجدول'!M44 & CHAR(10) & "• " & 'الجدول'!M45 & CHAR(10) & CHAR(10) & "■■ " & 'الجدول'!N1 & " ■■" & CHAR(10) & "• " & 'الجدول'!N42 & CHAR(10) & "• " & 'الجدول'!N43 & CHAR(10) & "• " & 'الجدول'!N44 & CHAR(10) & "• " & 'الجدول'!N45 & CHAR(10) & CHAR(10) -> ■■ ER ADMISSION-NIGHT-🚨🌙 ■■ • ---------- • ---------- • ---------- • ---------- ■■ ER ADMISSIONS -DAY-🚨☀️ ■■ • ---------- • ---------- • ---------- • ---------- ■■ ER GENERAL-DAY-🚨☀️ ■■ • ---------- • ---------- • ---------- • ---------- ■■ ER GENERAL-NIGHT-🚨🌙 ■■ • ---------- • ---------- • ---------- • ---------- ■■ ER PT-DAY-🚨☀️ ■■ • ---------- • ---------- • ---------- • ---------- ■■ ER PT-NIGHT-🚨🌙 ■■ • ---------- • ---------- • ---------- • ---------- ■■ ER TRIAGE-DAY-🚨☀️ ■■ • ---------- • ---------- • ---------- • ---------- ■■ ER TRIAGE-NIGHT-🚨🌙 ■■ • ---------- • ---------- • ---------- • ---------- ■■ ER WARD-DAY-🚨☀️ ■■ • ---------- • ---------- • ---------- • ---------- ■■ ER WARD-NIGHT-🚨🌙 ■■ • ---------- • ---------- • ---------- • ---------- ■■ 🗡️LISTA ■■ • ---------- • ---------- • ---------- • ---------- ■■ WARD-DAY-☀️ ■■ • أحمد زيدان (01110524147) • ريهام سعد عبدالرحمن (01124867574) • Alaa mahmoud El haddad (01033882560) • Mostafa Ismail (01022400525) ■■ WARD-NIGHT-🌙 ■■ • عبدالله احمد (01020242571) • احمد عزت الشيخ (01226872660) • احمدنوید قیومی (01104573242) • | C8: =HYPERLINK("#الجدول!A" & 41, "الجدول الأساسي") -> الجدول الأساسي
A9: 2026-01-17 السبت | B9: ="" & "■■ " & 'الجدول'!B1 & " ■■" & CHAR(10) & "• " & 'الجدول'!B46 & CHAR(10) & "• " & 'الجدول'!B47 & CHAR(10) & "• " & 'الجدول'!B48 & CHAR(10) & "• " & 'الجدول'!B49 & CHAR(10) & "• " & 'الجدول'!B50 & CHAR(10) & CHAR(10) & "■■ " & 'الجدول'!C1 & " ■■" & CHAR(10) & "• " & 'الجدول'!C46 & CHAR(10) & "• " & 'الجدول'!C47 & CHAR(10) & "• " & 'الجدول'!C48 & CHAR(10) & "• " & 'الجدول'!C49 & CHAR(10) & "• " & 'الجدول'!C50 & CHAR(10) & CHAR(10) & "■■ " & 'الجدول'!D1 & " ■■" & CHAR(10) & "• " & 'الجدول'!D46 & CHAR(10) & "• " & 'الجدول'!D47 & CHAR(10) & "• " & 'الجدول'!D48 & CHAR(10) & "• " & 'الجدول'!D49 & CHAR(10) & "• " & 'الجدول'!D50 & CHAR(10) & CHAR(10) & "■■ " & 'الجدول'!E1 & " ■■" & CHAR(10) & "• " & 'الجدول'!E46 & CHAR(10) & "• " & 'الجدول'!E47 & CHAR(10) & "• " & 'الجدول'!E48 & CHAR(10) & "• " & 'الجدول'!E49 & CHAR(10) & "• " & 'الجدول'!E50 & CHAR(10) & CHAR(10) & "■■ " & 'الجدول'!F1 & " ■■" & CHAR(10) & "• " & 'الجدول'!F46 & CHAR(10) & "• " & 'الجدول'!F47 & CHAR(10) & "• " & 'الجدول'!F48 & CHAR(10) & "• " & 'الجدول'!F49 & CHAR(10) & "• " & 'الجدول'!F50 & CHAR(10) & CHAR(10) & "■■ " & 'الجدول'!G1 & " ■■" & CHAR(10) & "• " & 'الجدول'!G46 & CHAR(10) & "• " & 'الجدول'!G47 & CHAR(10) & "• " & 'الجدول'!G48 & CHAR(10) & "• " & 'الجدول'!G49 & CHAR(10) & "• " & 'الجدول'!G50 & CHAR(10) & CHAR(10) & "■■ " & 'الجدول'!H1 & " ■■" & CHAR(10) & "• " & 'الجدول'!H46 & CHAR(10) & "• " & 'الجدول'!H47 & CHAR(10) & "• " & 'الجدول'!H48 & CHAR(10) & "• " & 'الجدول'!H49 & CHAR(10) & "• " & 'الجدول'!H50 & CHAR(10) & CHAR(10) & "■■ " & 'الجدول'!I1 & " ■■" & CHAR(10) & "• " & 'الجدول'!I46 & CHAR(10) & "• " & 'الجدول'!I47 & CHAR(10) & "• " & 'الجدول'!I48 & CHAR(10) & "• " & 'الجدول'!I49 & CHAR(10) & "• " & 'الجدول'!I50 & CHAR(10) & CHAR(10) & "■■ " & 'الجدول'!J1 & " ■■" & CHAR(10) & "• " & 'الجدول'!J46 & CHAR(10) & "• " & 'الجدول'!J47 & CHAR(10) & "• " & 'الجدول'!J48 & CHAR(10) & "• " & 'الجدول'!J49 & CHAR(10) & "• " & 'الجدول'!J50 & CHAR(10) & CHAR(10) & "■■ " & 'الجدول'!K1 & " ■■" & CHAR(10) & "• " & 'الجدول'!K46 & CHAR(10) & "• " & 'الجدول'!K47 & CHAR(10) & "• " & 'الجدول'!K48 & CHAR(10) & "• " & 'الجدول'!K49 & CHAR(10) & "• " & 'الجدول'!K50 & CHAR(10) & CHAR(10) & "■■ " & 'الجدول'!L1 & " ■■" & CHAR(10) & "• " & 'الجدول'!L46 & CHAR(10) & "• " & 'الجدول'!L47 & CHAR(10) & "• " & 'الجدول'!L48 & CHAR(10) & "• " & 'الجدول'!L49 & CHAR(10) & "• " & 'الجدول'!L50 & CHAR(10) & CHAR(10) & "■■ " & 'الجدول'!M1 & " ■■" & CHAR(10) & "• " & 'الجدول'!M46 & CHAR(10) & "• " & 'الجدول'!M47 & CHAR(10) & "• " & 'الجدول'!M48 & CHAR(10) & "• " & 'الجدول'!M49 & CHAR(10) & "• " & 'الجدول'!M50 & CHAR(10) & CHAR(10) & "■■ " & 'الجدول'!N1 & " ■■" & CHAR(10) & "• " & 'الجدول'!N46 & CHAR(10) & "• " & 'الجدول'!N47 & CHAR(10) & "• " & 'الجدول'!N48 & CHAR(10) & "• " & 'الجدول'!N49 & CHAR(10) & "• " & 'الجدول'!N50 & CHAR(10) & CHAR(10) -> ■■ ER ADMISSION-NIGHT-🚨🌙 ■■ • ---------- • ---------- • ---------- • ---------- • ---------- ■■ ER ADMISSIONS -DAY-🚨☀️ ■■ • ---------- • ---------- • ---------- • ---------- • ---------- ■■ ER GENERAL-DAY-🚨☀️ ■■ • ---------- • ---------- • ---------- • ---------- • ---------- ■■ ER GENERAL-NIGHT-🚨🌙 ■■ • ---------- • ---------- • ---------- • ---------- • ---------- ■■ ER PT-DAY-🚨☀️ ■■ • ---------- • ---------- • ---------- • ---------- • ---------- ■■ ER PT-NIGHT-🚨🌙 ■■ • ---------- • ---------- • ---------- • ---------- • ---------- ■■ ER TRIAGE-DAY-🚨☀️ ■■ • ---------- • ---------- • ---------- • ---------- • ---------- ■■ ER TRIAGE-NIGHT-🚨🌙 ■■ • ---------- • ---------- • ---------- • ---------- • ---------- ■■ ER WARD-DAY-🚨☀️ ■■ • ---------- • ---------- • ---------- • ---------- • ---------- ■■ ER WARD-NIGHT-🚨🌙 ■■ • ---------- • ---------- • ---------- • ---------- • ---------- ■■ 🗡️LISTA ■■ • منار عواد عبدالعال عواد (01001915861) • شدو محمد شلتوت (1550336384) • حنان النبوى محمد (01067888751) • ---------- • ---------- ■■ WARD-DAY-☀️ ■■ • محمد محمود ابراهيم (01112057358) • رؤى أحمد عبدالحميد البليهي (01021284862) • منه الله هشام السيد (01002996214) • احمدنوید قیومی (01104573242) • دانه طارق (01012809042) ■■ WARD-NIGHT-🌙 ■■ • كارين باسم صومائيل (01274209975) • احمد حسام الدين صلاح (01065567736) • احمد ايهاب محمد عواد (01032298339) • ---------- • ---------- | C9: =HYPERLINK("#الجدول!A" & 45, "الجدول الأساسي") -> الجدول الأساسي
A10: 2026-01-18 الأحد | B10: ="" & "■■ " & 'الجدول'!B1 & " ■■" & CHAR(10) & "• " & 'الجدول'!B51 & CHAR(10) & "• " & 'الجدول'!B52 & CHAR(10) & "• " & 'الجدول'!B53 & CHAR(10) & "• " & 'الجدول'!B54 & CHAR(10) & "• " & 'الجدول'!B55 & CHAR(10) & "• " & 'الجدول'!B56 & CHAR(10) & "• " & 'الجدول'!B57 & CHAR(10) & "• " & 'الجدول'!B58 & CHAR(10) & "• " & 'الجدول'!B59 & CHAR(10) & "• " & 'الجدول'!B60 & CHAR(10) & CHAR(10) & "■■ " & 'الجدول'!C1 & " ■■" & CHAR(10) & "• " & 'الجدول'!C51 & CHAR(10) & "• " & 'الجدول'!C52 & CHAR(10) & "• " & 'الجدول'!C53 & CHAR(10) & "• " & 'الجدول'!C54 & CHAR(10) & "• " & 'الجدول'!C55 & CHAR(10) & "• " & 'الجدول'!C56 & CHAR(10) & "• " & 'الجدول'!C57 & CHAR(10) & "• " & 'الجدول'!C58 & CHAR(10) & "• " & 'الجدول'!C59 & CHAR(10) & "• " & 'الجدول'!C60 & CHAR(10) & CHAR(10) & "■■ " & 'الجدول'!D1 & " ■■" & CHAR(10) & "• " & 'الجدول'!D51 & CHAR(10) & "• " & 'الجدول'!D52 & CHAR(10) & "• " & 'الجدول'!D53 & CHAR(10) & "• " & 'الجدول'!D54 & CHAR(10) & "• " & 'الجدول'!D55 & CHAR(10) & "• " & 'الجدول'!D56 & CHAR(10) & "• " & 'الجدول'!D57 & CHAR(10) & "• " & 'الجدول'!D58 & CHAR(10) & "• " & 'الجدول'!D59 & CHAR(10) & "• " & 'الجدول'!D60 & CHAR(10) & CHAR(10) & "■■ " & 'الجدول'!E1 & " ■■" & CHAR(10) & "• " & 'الجدول'!E51 & CHAR(10) & "• " & 'الجدول'!E52 & CHAR(10) & "• " & 'الجدول'!E53 & CHAR(10) & "• " & 'الجدول'!E54 & CHAR(10) & "• " & 'الجدول'!E55 & CHAR(10) & "• " & 'الجدول'!E56 & CHAR(10) & "• " & 'الجدول'!E57 & CHAR(10) & "• " & 'الجدول'!E58 & CHAR(10) & "• " & 'الجدول'!E59 & CHAR(10) & "• " & 'الجدول'!E60 & CHAR(10) & CHAR(10) & "■■ " & 'الجدول'!F1 & " ■■" & CHAR(10) & "• " & 'الجدول'!F51 & CHAR(10) & "• " & 'الجدول'!F52 & CHAR(10) & "• " & 'الجدول'!F53 & CHAR(10) & "• " & 'الجدول'!F54 & CHAR(10) & "• " & 'الجدول'!F55 & CHAR(10) & "• " & 'الجدول'!F56 & CHAR(10) & "• " & 'الجدول'!F57 & CHAR(10) & "• " & 'الجدول'!F58 & CHAR(10) & "• " & 'الجدول'!F59 & CHAR(10) & "• " & 'الجدول'!F60 & CHAR(10) & CHAR(10) & "■■ " & 'الجدول'!G1 & " ■■" & CHAR(10) & "• " & 'الجدول'!G51 & CHAR(10) & "• " & 'الجدول'!G52 & CHAR(10) & "• " & 'الجدول'!G53 & CHAR(10) & "• " & 'الجدول'!G54 & CHAR(10) & "• " & 'الجدول'!G55 & CHAR(10) & "• " & 'الجدول'!G56 & CHAR(10) & "• " & 'الجدول'!G57 & CHAR(10) & "• " & 'الجدول'!G58 & CHAR(10) & "• " & 'الجدول'!G59 & CHAR(10) & "• " & 'الجدول'!G60 & CHAR(10) & CHAR(10) & "■■ " & 'الجدول'!H1 & " ■■" & CHAR(10) & "• " & 'الجدول'!H51 & CHAR(10) & "• " & 'الجدول'!H52 & CHAR(10) & "• " & 'الجدول'!H53 & CHAR(10) & "• " & 'الجدول'!H54 & CHAR(10) & "• " & 'الجدول'!H55 & CHAR(10) & "• " & 'الجدول'!H56 & CHAR(10) & "• " & 'الجدول'!H57 & CHAR(10) & "• " & 'الجدول'!H58 & CHAR(10) & "• " & 'الجدول'!H59 & CHAR(10) & "• " & 'الجدول'!H60 & CHAR(10) & CHAR(10) & "■■ " & 'الجدول'!I1 & " ■■" & CHAR(10) & "• " & 'الجدول'!I51 & CHAR(10) & "• " & 'الجدول'!I52 & CHAR(10) & "• " & 'الجدول'!I53 & CHAR(10) & "• " & 'الجدول'!I54 & CHAR(10) & "• " & 'الجدول'!I55 & CHAR(10) & "• " & 'الجدول'!I56 & CHAR(10) & "• " & 'الجدول'!I57 & CHAR(10) & "• " & 'الجدول'!I58 & CHAR(10) & "• " & 'الجدول'!I59 & CHAR(10) & "• " & 'الجدول'!I60 & CHAR(10) & CHAR(10) & "■■ " & 'الجدول'!J1 & " ■■" & CHAR(10) & "• " & 'الجدول'!J51 & CHAR(10) & "• " & 'الجدول'!J52 & CHAR(10) & "• " & 'الجدول'!J53 & CHAR(10) & "• " & 'الجدول'!J54 & CHAR(10) & "• " & 'الجدول'!J55 & CHAR(10) & "• " & 'الجدول'!J56 & CHAR(10) & "• " & 'الجدول'!J57 & CHAR(10) & "• " & 'الجدول'!J58 & CHAR(10) & "• " & 'الجدول'!J59 & CHAR(10) & "• " & 'الجدول'!J60 & CHAR(10) & CHAR(10) & "■■ " & 'الجدول'!K1 & " ■■" & CHAR(10) & "• " & 'الجدول'!K51 & CHAR(10) & "• " & 'الجدول'!K52 & CHAR(10) & "• " & 'الجدول'!K53 & CHAR(10) & "• " & 'الجدول'!K54 & CHAR(10) & "• " & 'الجدول'!K55 & CHAR(10) & "• " & 'الجدول'!K56 & CHAR(10) & "• " & 'الجدول'!K57 & CHAR(10) & "• " & 'الجدول'!K58 & CHAR(10) & "• " & 'الجدول'!K59 & CHAR(10) & "• " & 'الجدول'!K60 & CHAR(10) & CHAR(10) & "■■ " & 'الجدول'!L1 & " ■■" & CHAR(10) & "• " & 'الجدول'!L51 & CHAR(10) & "• " & 'الجدول'!L52 & CHAR(10) & "• " & 'الجدول'!L53 & CHAR(10) & "• " & 'الجدول'!L54 & CHAR(10) & "• " & 'الجدول'!L55 & CHAR(10) & "• " & 'الجدول'!L56 & CHAR(10) & "• " & 'الجدول'!L57 & CHAR(10) & "• " & 'الجدول'!L58 & CHAR(10) & "• " & 'الجدول'!L59 & CHAR(10) & "• " & 'الجدول'!L60 & CHAR(10) & CHAR(10) & "■■ " & 'الجدول'!M1 & " ■■" & CHAR(10) & "• " & 'الجدول'!M51 & CHAR(10) & "• " & 'الجدول'!M52 & CHAR(10) & "• " & 'الجدول'!M53 & CHAR(10) & "• " & 'الجدول'!M54 & CHAR(10) & "• " & 'الجدول'!M55 & CHAR(10) & "• " & 'الجدول'!M56 & CHAR(10) & "• " & 'الجدول'!M57 & CHAR(10) & "• " & 'الجدول'!M58 & CHAR(10) & "• " & 'الجدول'!M59 & CHAR(10) & "• " & 'الجدول'!M60 & CHAR(10) & CHAR(10) & "■■ " & 'الجدول'!N1 & " ■■" & CHAR(10) & "• " & 'الجدول'!N51 & CHAR(10) & "• " & 'الجدول'!N52 & CHAR(10) & "• " & 'الجدول'!N53 & CHAR(10) & "• " & 'الجدول'!N54 & CHAR(10) & "• " & 'الجدول'!N55 & CHAR(10) & "• " & 'الجدول'!N56 & CHAR(10) & "• " & 'الجدول'!N57 & CHAR(10) & "• " & 'الجدول'!N58 & CHAR(10) & "• " & 'الجدول'!N59 & CHAR(10) & "• " & 'الجدول'!N60 & CHAR(10) & CHAR(10) -> ■■ ER ADMISSION-NIGHT-🚨🌙 ■■ • احمد ايهاب محمد عواد (01032298339) • ---------- • ---------- • ---------- • ---------- • ---------- • ---------- • ---------- • ---------- • ---------- ■■ ER ADMISSIONS -DAY-🚨☀️ ■■ • مصطفى محمد علي محمد بدر (01150245681) • ---------- • ---------- • ---------- • ---------- • ---------- • ---------- • ---------- • ---------- • ---------- ■■ ER GENERAL-DAY-🚨☀️ ■■ • روان ياسر سليم (01005005160) • استيفن مدحت منير (01200226122) • عمر حسن محمد حسن حجازي (01019701020) • سلمى أبوالعلا (01124166114) • بلال جودة (01066199644) • منه الله هشام السيد (01002996214) • مينا رومانى عبده (01212866642) • بلال أحمد (01066883767) • رنيم حاتم رفيق بسيسو (01144758373) • يارا إبراهيم سيد (01021880370) ■■ ER GENERAL-NIGHT-🚨🌙 ■■ • مي طارق نهاد (01287477488) • محمد عمرو محمد عبدالباقي (01151653320) • Alaa mahmoud El haddad (01033882560) • محمد محمود ابراهيم (01112057358) • أحمد زيدان (01110524147) • حنان النبوى محمد (01067888751) • تقى عماد حسني (01119716276) • شدو محمد شلتوت (1550336384) • Marwan Ayman (01149894940) • ---------- ■■ ER PT-DAY-🚨☀️ ■■ • عبدالمسيح مكرم (01203267885) • Youssef elsemary (01126286820) • رؤى أحمد عبدالحميد البليهي (01021284862) • منار احمد سعيد (01092708033) • هديل نادي محند (01033032220) • يوسف عاطف رزق الله (01148183647) • مريم السيد أحمد خيرالله (01099882992) • منار عواد عبدالعال عواد (01001915861) • دانه طارق (01012809042) • ---------- ■■ ER PT-NIGHT-🚨🌙 ■■ • Ziad said mohamed (01028577876) • سندس أحمد سيد (01156131096) • هديل هشام منصور الوشاحي (01227221344) • احمد حسين أحمد (01001877491) • زينة أشرف حسين (01067196820) • احمد حسام الدين صلاح (01065567736) • شهاب احمد حلمي (01055979002) • احمدنوید قیومی (01104573242) • شيماء رمضان سعد (01021468731) • ---------- ■■ ER TRIAGE-DAY-🚨☀️ ■■ • أعناب طارق عوض (01146334179) • ---------- • ---------- • ---------- • ---------- • ---------- • ---------- • ---------- • ---------- • ---------- ■■ ER TRIAGE-NIGHT-🚨🌙 ■■ • عمرو عبدالغفار حمزة (01014246636) • ---------- • ---------- • ---------- • ---------- • ---------- • ---------- • ---------- • ---------- • ---------- ■■ ER WARD-DAY-🚨☀️ ■■ • منة السيد عبد الباقي (01274588193) • محمود عبد المحسن إبراهيم (01062086612) • مي خالد ابوزيد (01023578224) • عمرو وائل سرور (01023140340) • مصطفى عبد الراضى صديق (01226696153) • كارين باسم صومائيل (01274209975) • ---------- • ---------- • ---------- • ---------- ■■ ER WARD-NIGHT-🚨🌙 ■■ • محمد احمد بسام الجمل (01091463337) • عبدالله احمد (01020242571) • نورهان محمد (0112 826 8287) • احمد عزت الشيخ (01226872660) • مصطفى عبد الراضى صديق (01226696153) • احمد ناصر (01553479200) • ---------- • ---------- • ---------- • ---------- ■■ 🗡️LISTA ■■ • ---------- • ---------- • ---------- • ---------- • ---------- • ---------- • ---------- • ---------- • ---------- • ---------- ■■ WARD-DAY-☀️ ■■ • ---------- • ---------- • ---------- • ---------- • ---------- • ---------- • ---------- • ---------- • ---------- • ---------- ■■ WARD-NIGHT-🌙 ■■ • ---------- • ---------- • ---------- • ---------- • ---------- • ---------- • ---------- • ---------- • ---------- • ---------- | C10: =HYPERLINK("#الجدول!A" & 50, "الجدول الأساسي") -> الجدول الأساسي
A11: 2026-01-19 الاثنين | B11: ="" & "■■ " & 'الجدول'!B1 & " ■■" & CHAR(10) & "• " & 'الجدول'!B61 & CHAR(10) & "• " & 'الجدول'!B62 & CHAR(10) & "• " & 'الجدول'!B63 & CHAR(10) & "• " & 'الجدول'!B64 & CHAR(10) & "• " & 'الجدول'!B65 & CHAR(10) & "• " & 'الجدول'!B66 & CHAR(10) & "• " & 'الجدول'!B67 & CHAR(10) & "• " & 'الجدول'!B68 & CHAR(10) & CHAR(10) & "■■ " & 'الجدول'!C1 & " ■■" & CHAR(10) & "• " & 'الجدول'!C61 & CHAR(10) & "• " & 'الجدول'!C62 & CHAR(10) & "• " & 'الجدول'!C63 & CHAR(10) & "• " & 'الجدول'!C64 & CHAR(10) & "• " & 'الجدول'!C65 & CHAR(10) & "• " & 'الجدول'!C66 & CHAR(10) & "• " & 'الجدول'!C67 & CHAR(10) & "• " & 'الجدول'!C68 & CHAR(10) & CHAR(10) & "■■ " & 'الجدول'!D1 & " ■■" & CHAR(10) & "• " & 'الجدول'!D61 & CHAR(10) & "• " & 'الجدول'!D62 & CHAR(10) & "• " & 'الجدول'!D63 & CHAR(10) & "• " & 'الجدول'!D64 & CHAR(10) & "• " & 'الجدول'!D65 & CHAR(10) & "• " & 'الجدول'!D66 & CHAR(10) & "• " & 'الجدول'!D67 & CHAR(10) & "• " & 'الجدول'!D68 & CHAR(10) & CHAR(10) & "■■ " & 'الجدول'!E1 & " ■■" & CHAR(10) & "• " & 'الجدول'!E61 & CHAR(10) & "• " & 'الجدول'!E62 & CHAR(10) & "• " & 'الجدول'!E63 & CHAR(10) & "• " & 'الجدول'!E64 & CHAR(10) & "• " & 'الجدول'!E65 & CHAR(10) & "• " & 'الجدول'!E66 & CHAR(10) & "• " & 'الجدول'!E67 & CHAR(10) & "• " & 'الجدول'!E68 & CHAR(10) & CHAR(10) & "■■ " & 'الجدول'!F1 & " ■■" & CHAR(10) & "• " & 'الجدول'!F61 & CHAR(10) & "• " & 'الجدول'!F62 & CHAR(10) & "• " & 'الجدول'!F63 & CHAR(10) & "• " & 'الجدول'!F64 & CHAR(10) & "• " & 'الجدول'!F65 & CHAR(10) & "• " & 'الجدول'!F66 & CHAR(10) & "• " & 'الجدول'!F67 & CHAR(10) & "• " & 'الجدول'!F68 & CHAR(10) & CHAR(10) & "■■ " & 'الجدول'!G1 & " ■■" & CHAR(10) & "• " & 'الجدول'!G61 & CHAR(10) & "• " & 'الجدول'!G62 & CHAR(10) & "• " & 'الجدول'!G63 & CHAR(10) & "• " & 'الجدول'!G64 & CHAR(10) & "• " & 'الجدول'!G65 & CHAR(10) & "• " & 'الجدول'!G66 & CHAR(10) & "• " & 'الجدول'!G67 & CHAR(10) & "• " & 'الجدول'!G68 & CHAR(10) & CHAR(10) & "■■ " & 'الجدول'!H1 & " ■■" & CHAR(10) & "• " & 'الجدول'!H61 & CHAR(10) & "• " & 'الجدول'!H62 & CHAR(10) & "• " & 'الجدول'!H63 & CHAR(10) & "• " & 'الجدول'!H64 & CHAR(10) & "• " & 'الجدول'!H65 & CHAR(10) & "• " & 'الجدول'!H66 & CHAR(10) & "• " & 'الجدول'!H67 & CHAR(10) & "• " & 'الجدول'!H68 & CHAR(10) & CHAR(10) & "■■ " & 'الجدول'!I1 & " ■■" & CHAR(10) & "• " & 'الجدول'!I61 & CHAR(10) & "• " & 'الجدول'!I62 & CHAR(10) & "• " & 'الجدول'!I63 & CHAR(10) & "• " & 'الجدول'!I64 & CHAR(10) & "• " & 'الجدول'!I65 & CHAR(10) & "• " & 'الجدول'!I66 & CHAR(10) & "• " & 'الجدول'!I67 & CHAR(10) & "• " & 'الجدول'!I68 & CHAR(10) & CHAR(10) & "■■ " & 'الجدول'!J1 & " ■■" & CHAR(10) & "• " & 'الجدول'!J61 & CHAR(10) & "• " & 'الجدول'!J62 & CHAR(10) & "• " & 'الجدول'!J63 & CHAR(10) & "• " & 'الجدول'!J64 & CHAR(10) & "• " & 'الجدول'!J65 & CHAR(10) & "• " & 'الجدول'!J66 & CHAR(10) & "• " & 'الجدول'!J67 & CHAR(10) & "• " & 'الجدول'!J68 & CHAR(10) & CHAR(10) & "■■ " & 'الجدول'!K1 & " ■■" & CHAR(10) & "• " & 'الجدول'!K61 & CHAR(10) & "• " & 'الجدول'!K62 & CHAR(10) & "• " & 'الجدول'!K63 & CHAR(10) & "• " & 'الجدول'!K64 & CHAR(10) & "• " & 'الجدول'!K65 & CHAR(10) & "• " & 'الجدول'!K66 & CHAR(10) & "• " & 'الجدول'!K67 & CHAR(10) & "• " & 'الجدول'!K68 & CHAR(10) & CHAR(10) & "■■ " & 'الجدول'!L1 & " ■■" & CHAR(10) & "• " & 'الجدول'!L61 & CHAR(10) & "• " & 'الجدول'!L62 & CHAR(10) & "• " & 'الجدول'!L63 & CHAR(10) & "• " & 'الجدول'!L64 & CHAR(10) & "• " & 'الجدول'!L65 & CHAR(10) & "• " & 'الجدول'!L66 & CHAR(10) & "• " & 'الجدول'!L67 & CHAR(10) & "• " & 'الجدول'!L68 & CHAR(10) & CHAR(10) & "■■ " & 'الجدول'!M1 & " ■■" & CHAR(10) & "• " & 'الجدول'!M61 & CHAR(10) & "• " & 'الجدول'!M62 & CHAR(10) & "• " & 'الجدول'!M63 & CHAR(10) & "• " & 'الجدول'!M64 & CHAR(10) & "• " & 'الجدول'!M65 & CHAR(10) & "• " & 'الجدول'!M66 & CHAR(10) & "• " & 'الجدول'!M67 & CHAR(10) & "• " & 'الجدول'!M68 & CHAR(10) & CHAR(10) & "■■ " & 'الجدول'!N1 & " ■■" & CHAR(10) & "• " & 'الجدول'!N61 & CHAR(10) & "• " & 'الجدول'!N62 & CHAR(10) & "• " & 'الجدول'!N63 & CHAR(10) & "• " & 'الجدول'!N64 & CHAR(10) & "• " & 'الجدول'!N65 & CHAR(10) & "• " & 'الجدول'!N66 & CHAR(10) & "• " & 'الجدول'!N67 & CHAR(10) & "• " & 'الجدول'!N68 & CHAR(10) & CHAR(10) -> ■■ ER ADMISSION-NIGHT-🚨🌙 ■■ • ---------- • ---------- • ---------- • ---------- • ---------- • ---------- • ---------- • ---------- ■■ ER ADMISSIONS -DAY-🚨☀️ ■■ • ---------- • ---------- • ---------- • ---------- • ---------- • ---------- • ---------- • ---------- ■■ ER GENERAL-DAY-🚨☀️ ■■ • ---------- • ---------- • ---------- • ---------- • ---------- • ---------- • ---------- • ---------- ■■ ER GENERAL-NIGHT-🚨🌙 ■■ • ---------- • ---------- • ---------- • ---------- • ---------- • ---------- • ---------- • ---------- ■■ ER PT-DAY-🚨☀️ ■■ • ---------- • ---------- • ---------- • ---------- • ---------- • ---------- • ---------- • ---------- ■■ ER PT-NIGHT-🚨🌙 ■■ • ---------- • ---------- • ---------- • ---------- • ---------- • ---------- • ---------- • ---------- ■■ ER TRIAGE-DAY-🚨☀️ ■■ • ---------- • ---------- • ---------- • ---------- • ---------- • ---------- • ---------- • ---------- ■■ ER TRIAGE-NIGHT-🚨🌙 ■■ • ---------- • ---------- • ---------- • ---------- • ---------- • ---------- • ---------- • ---------- ■■ ER WARD-DAY-🚨☀️ ■■ • ---------- • ---------- • ---------- • ---------- • ---------- • ---------- • ---------- • ---------- ■■ ER WARD-NIGHT-🚨🌙 ■■ • ---------- • ---------- • ---------- • ---------- • ---------- • ---------- • ---------- • ---------- ■■ 🗡️LISTA ■■ • ---------- • ---------- • ---------- • ---------- • ---------- • ---------- • ---------- • ---------- ■■ WARD-DAY-☀️ ■■ • مصطفى محمد علي محمد بدر (01150245681) • مي خالد ابوزيد (01023578224) • دانه طارق (01012809042) • أحمد رجب محمد (01273127265) • منار عواد عبدالعال عواد (01001915861) • منة السيد عبد الباقي (01274588193) • مينا رومانى عبده (01212866642) • رنيم حاتم رفيق بسيسو (01144758373) ■■ WARD-NIGHT-🌙 ■■ • محمد عمرو محمد عبدالباقي (01151653320) • يوسف عاطف رزق الله (01148183647) • مريم السيد أحمد خيرالله (01099882992) • منه الله هشام السيد (01002996214) • عمرو وائل سرور (01023140340) • ---------- • ---------- • ---------- | C11: =HYPERLINK("#الجدول!A" & 60, "الجدول الأساسي") -> الجدول الأساسي
A12: 2026-01-20 الثلاثاء | B12: ="" & "■■ " & 'الجدول'!B1 & " ■■" & CHAR(10) & "• " & 'الجدول'!B69 & CHAR(10) & "• " & 'الجدول'!B70 & CHAR(10) & "• " & 'الجدول'!B71 & CHAR(10) & "• " & 'الجدول'!B72 & CHAR(10) & "• " & 'الجدول'!B73 & CHAR(10) & "• " & 'الجدول'!B74 & CHAR(10) & CHAR(10) & "■■ " & 'الجدول'!C1 & " ■■" & CHAR(10) & "• " & 'الجدول'!C69 & CHAR(10) & "• " & 'الجدول'!C70 & CHAR(10) & "• " & 'الجدول'!C71 & CHAR(10) & "• " & 'الجدول'!C72 & CHAR(10) & "• " & 'الجدول'!C73 & CHAR(10) & "• " & 'الجدول'!C74 & CHAR(10) & CHAR(10) & "■■ " & 'الجدول'!D1 & " ■■" & CHAR(10) & "• " & 'الجدول'!D69 & CHAR(10) & "• " & 'الجدول'!D70 & CHAR(10) & "• " & 'الجدول'!D71 & CHAR(10) & "• " & 'الجدول'!D72 & CHAR(10) & "• " & 'الجدول'!D73 & CHAR(10) & "• " & 'الجدول'!D74 & CHAR(10) & CHAR(10) & "■■ " & 'الجدول'!E1 & " ■■" & CHAR(10) & "• " & 'الجدول'!E69 & CHAR(10) & "• " & 'الجدول'!E70 & CHAR(10) & "• " & 'الجدول'!E71 & CHAR(10) & "• " & 'الجدول'!E72 & CHAR(10) & "• " & 'الجدول'!E73 & CHAR(10) & "• " & 'الجدول'!E74 & CHAR(10) & CHAR(10) & "■■ " & 'الجدول'!F1 & " ■■" & CHAR(10) & "• " & 'الجدول'!F69 & CHAR(10) & "• " & 'الجدول'!F70 & CHAR(10) & "• " & 'الجدول'!F71 & CHAR(10) & "• " & 'الجدول'!F72 & CHAR(10) & "• " & 'الجدول'!F73 & CHAR(10) & "• " & 'الجدول'!F74 & CHAR(10) & CHAR(10) & "■■ " & 'الجدول'!G1 & " ■■" & CHAR(10) & "• " & 'الجدول'!G69 & CHAR(10) & "• " & 'الجدول'!G70 & CHAR(10) & "• " & 'الجدول'!G71 & CHAR(10) & "• " & 'الجدول'!G72 & CHAR(10) & "• " & 'الجدول'!G73 & CHAR(10) & "• " & 'الجدول'!G74 & CHAR(10) & CHAR(10) & "■■ " & 'الجدول'!H1 & " ■■" & CHAR(10) & "• " & 'الجدول'!H69 & CHAR(10) & "• " & 'الجدول'!H70 & CHAR(10) & "• " & 'الجدول'!H71 & CHAR(10) & "• " & 'الجدول'!H72 & CHAR(10) & "• " & 'الجدول'!H73 & CHAR(10) & "• " & 'الجدول'!H74 & CHAR(10) & CHAR(10) & "■■ " & 'الجدول'!I1 & " ■■" & CHAR(10) & "• " & 'الجدول'!I69 & CHAR(10) & "• " & 'الجدول'!I70 & CHAR(10) & "• " & 'الجدول'!I71 & CHAR(10) & "• " & 'الجدول'!I72 & CHAR(10) & "• " & 'الجدول'!I73 & CHAR(10) & "• " & 'الجدول'!I74 & CHAR(10) & CHAR(10) & "■■ " & 'الجدول'!J1 & " ■■" & CHAR(10) & "• " & 'الجدول'!J69 & CHAR(10) & "• " & 'الجدول'!J70 & CHAR(10) & "• " & 'الجدول'!J71 & CHAR(10) & "• " & 'الجدول'!J72 & CHAR(10) & "• " & 'الجدول'!J73 & CHAR(10) & "• " & 'الجدول'!J74 & CHAR(10) & CHAR(10) & "■■ " & 'الجدول'!K1 & " ■■" & CHAR(10) & "• " & 'الجدول'!K69 & CHAR(10) & "• " & 'الجدول'!K70 & CHAR(10) & "• " & 'الجدول'!K71 & CHAR(10) & "• " & 'الجدول'!K72 & CHAR(10) & "• " & 'الجدول'!K73 & CHAR(10) & "• " & 'الجدول'!K74 & CHAR(10) & CHAR(10) & "■■ " & 'الجدول'!L1 & " ■■" & CHAR(10) & "• " & 'الجدول'!L69 & CHAR(10) & "• " & 'الجدول'!L70 & CHAR(10) & "• " & 'الجدول'!L71 & CHAR(10) & "• " & 'الجدول'!L72 & CHAR(10) & "• " & 'الجدول'!L73 & CHAR(10) & "• " & 'الجدول'!L74 & CHAR(10) & CHAR(10) & "■■ " & 'الجدول'!M1 & " ■■" & CHAR(10) & "• " & 'الجدول'!M69 & CHAR(10) & "• " & 'الجدول'!M70 & CHAR(10) & "• " & 'الجدول'!M71 & CHAR(10) & "• " & 'الجدول'!M72 & CHAR(10) & "• " & 'الجدول'!M73 & CHAR(10) & "• " & 'الجدول'!M74 & CHAR(10) & CHAR(10) & "■■ " & 'الجدول'!N1 & " ■■" & CHAR(10) & "• " & 'الجدول'!N69 & CHAR(10) & "• " & 'الجدول'!N70 & CHAR(10) & "• " & 'الجدول'!N71 & CHAR(10) & "• " & 'الجدول'!N72 & CHAR(10) & "• " & 'الجدول'!N73 & CHAR(10) & "• " & 'الجدول'!N74 & CHAR(10) & CHAR(10) -> ■■ ER ADMISSION-NIGHT-🚨🌙 ■■ • ---------- • ---------- • ---------- • ---------- • ---------- • ---------- ■■ ER ADMISSIONS -DAY-🚨☀️ ■■ • ---------- • ---------- • ---------- • ---------- • ---------- • ---------- ■■ ER GENERAL-DAY-🚨☀️ ■■ • ---------- • ---------- • ---------- • ---------- • ---------- • ---------- ■■ ER GENERAL-NIGHT-🚨🌙 ■■ • ---------- • ---------- • ---------- • ---------- • ---------- • ---------- ■■ ER PT-DAY-🚨☀️ ■■ • ---------- • ---------- • ---------- • ---------- • ---------- • ---------- ■■ ER PT-NIGHT-🚨🌙 ■■ • ---------- • ---------- • ---------- • ---------- • ---------- • ---------- ■■ ER TRIAGE-DAY-🚨☀️ ■■ • ---------- • ---------- • ---------- • ---------- • ---------- • ---------- ■■ ER TRIAGE-NIGHT-🚨🌙 ■■ • ---------- • ---------- • ---------- • ---------- • ---------- • ---------- ■■ ER WARD-DAY-🚨☀️ ■■ • ---------- • ---------- • ---------- • ---------- • ---------- • ---------- ■■ ER WARD-NIGHT-🚨🌙 ■■ • ---------- • ---------- • ---------- • ---------- • ---------- • ---------- ■■ 🗡️LISTA ■■ • احمد حسام الدين صلاح (01065567736) • زينة أشرف حسين (01067196820) • ريهام سعد عبدالرحمن (01124867574) • ---------- • ---------- • ---------- ■■ WARD-DAY-☀️ ■■ • محمود عبد المحسن إبراهيم (01062086612) • استيفن مدحت منير (01200226122) • مينا رومانى عبده (01212866642) • يارا إبراهيم سيد (01021880370) • حنان النبوى محمد (01067888751) • أعناب طارق عوض (01146334179) ■■ WARD-NIGHT-🌙 ■■ • مي طارق نهاد (01287477488) • احمد ناصر (01553479200) • هديل هشام منصور الوشاحي (01227221344) • محمد عمرو محمد عبدالباقي (01151653320) • ---------- • ---------- | C12: =HYPERLINK("#الجدول!A" & 68, "الجدول الأساسي") -> الجدول الأساسي
A13: 2026-01-21 الأربعاء | B13: ="" & "■■ " & 'الجدول'!B1 & " ■■" & CHAR(10) & "• " & 'الجدول'!B75 & CHAR(10) & "• " & 'الجدول'!B76 & CHAR(10) & "• " & 'الجدول'!B77 & CHAR(10) & "• " & 'الجدول'!B78 & CHAR(10) & "• " & 'الجدول'!B79 & CHAR(10) & "• " & 'الجدول'!B80 & CHAR(10) & CHAR(10) & "■■ " & 'الجدول'!C1 & " ■■" & CHAR(10) & "• " & 'الجدول'!C75 & CHAR(10) & "• " & 'الجدول'!C76 & CHAR(10) & "• " & 'الجدول'!C77 & CHAR(10) & "• " & 'الجدول'!C78 & CHAR(10) & "• " & 'الجدول'!C79 & CHAR(10) & "• " & 'الجدول'!C80 & CHAR(10) & CHAR(10) & "■■ " & 'الجدول'!D1 & " ■■" & CHAR(10) & "• " & 'الجدول'!D75 & CHAR(10) & "• " & 'الجدول'!D76 & CHAR(10) & "• " & 'الجدول'!D77 & CHAR(10) & "• " & 'الجدول'!D78 & CHAR(10) & "• " & 'الجدول'!D79 & CHAR(10) & "• " & 'الجدول'!D80 & CHAR(10) & CHAR(10) & "■■ " & 'الجدول'!E1 & " ■■" & CHAR(10) & "• " & 'الجدول'!E75 & CHAR(10) & "• " & 'الجدول'!E76 & CHAR(10) & "• " & 'الجدول'!E77 & CHAR(10) & "• " & 'الجدول'!E78 & CHAR(10) & "• " & 'الجدول'!E79 & CHAR(10) & "• " & 'الجدول'!E80 & CHAR(10) & CHAR(10) & "■■ " & 'الجدول'!F1 & " ■■" & CHAR(10) & "• " & 'الجدول'!F75 & CHAR(10) & "• " & 'الجدول'!F76 & CHAR(10) & "• " & 'الجدول'!F77 & CHAR(10) & "• " & 'الجدول'!F78 & CHAR(10) & "• " & 'الجدول'!F79 & CHAR(10) & "• " & 'الجدول'!F80 & CHAR(10) & CHAR(10) & "■■ " & 'الجدول'!G1 & " ■■" & CHAR(10) & "• " & 'الجدول'!G75 & CHAR(10) & "• " & 'الجدول'!G76 & CHAR(10) & "• " & 'الجدول'!G77 & CHAR(10) & "• " & 'الجدول'!G78 & CHAR(10) & "• " & 'الجدول'!G79 & CHAR(10) & "• " & 'الجدول'!G80 & CHAR(10) & CHAR(10) & "■■ " & 'الجدول'!H1 & " ■■" & CHAR(10) & "• " & 'الجدول'!H75 & CHAR(10) & "• " & 'الجدول'!H76 & CHAR(10) & "• " & 'الجدول'!H77 & CHAR(10) & "• " & 'الجدول'!H78 & CHAR(10) & "• " & 'الجدول'!H79 & CHAR(10) & "• " & 'الجدول'!H80 & CHAR(10) & CHAR(10) & "■■ " & 'الجدول'!I1 & " ■■" & CHAR(10) & "• " & 'الجدول'!I75 & CHAR(10) & "• " & 'الجدول'!I76 & CHAR(10) & "• " & 'الجدول'!I77 & CHAR(10) & "• " & 'الجدول'!I78 & CHAR(10) & "• " & 'الجدول'!I79 & CHAR(10) & "• " & 'الجدول'!I80 & CHAR(10) & CHAR(10) & "■■ " & 'الجدول'!J1 & " ■■" & CHAR(10) & "• " & 'الجدول'!J75 & CHAR(10) & "• " & 'الجدول'!J76 & CHAR(10) & "• " & 'الجدول'!J77 & CHAR(10) & "• " & 'الجدول'!J78 & CHAR(10) & "• " & 'الجدول'!J79 & CHAR(10) & "• " & 'الجدول'!J80 & CHAR(10) & CHAR(10) & "■■ " & 'الجدول'!K1 & " ■■" & CHAR(10) & "• " & 'الجدول'!K75 & CHAR(10) & "• " & 'الجدول'!K76 & CHAR(10) & "• " & 'الجدول'!K77 & CHAR(10) & "• " & 'الجدول'!K78 & CHAR(10) & "• " & 'الجدول'!K79 & CHAR(10) & "• " & 'الجدول'!K80 & CHAR(10) & CHAR(10) & "■■ " & 'الجدول'!L1 & " ■■" & CHAR(10) & "• " & 'الجدول'!L75 & CHAR(10) & "• " & 'الجدول'!L76 & CHAR(10) & "• " & 'الجدول'!L77 & CHAR(10) & "• " & 'الجدول'!L78 & CHAR(10) & "• " & 'الجدول'!L79 & CHAR(10) & "• " & 'الجدول'!L80 & CHAR(10) & CHAR(10) & "■■ " & 'الجدول'!M1 & " ■■" & CHAR(10) & "• " & 'الجدول'!M75 & CHAR(10) & "• " & 'الجدول'!M76 & CHAR(10) & "• " & 'الجدول'!M77 & CHAR(10) & "• " & 'الجدول'!M78 & CHAR(10) & "• " & 'الجدول'!M79 & CHAR(10) & "• " & 'الجدول'!M80 & CHAR(10) & CHAR(10) & "■■ " & 'الجدول'!N1 & " ■■" & CHAR(10) & "• " & 'الجدول'!N75 & CHAR(10) & "• " & 'الجدول'!N76 & CHAR(10) & "• " & 'الجدول'!N77 & CHAR(10) & "• " & 'الجدول'!N78 & CHAR(10) & "• " & 'الجدول'!N79 & CHAR(10) & "• " & 'الجدول'!N80 & CHAR(10) & CHAR(10) -> ■■ ER ADMISSION-NIGHT-🚨🌙 ■■ • ---------- • ---------- • ---------- • ---------- • ---------- • ---------- ■■ ER ADMISSIONS -DAY-🚨☀️ ■■ • ---------- • ---------- • ---------- • ---------- • ---------- • ---------- ■■ ER GENERAL-DAY-🚨☀️ ■■ • ---------- • ---------- • ---------- • ---------- • ---------- • ---------- ■■ ER GENERAL-NIGHT-🚨🌙 ■■ • ---------- • ---------- • ---------- • ---------- • ---------- • ---------- ■■ ER PT-DAY-🚨☀️ ■■ • ---------- • ---------- • ---------- • ---------- • ---------- • ---------- ■■ ER PT-NIGHT-🚨🌙 ■■ • ---------- • ---------- • ---------- • ---------- • ---------- • ---------- ■■ ER TRIAGE-DAY-🚨☀️ ■■ • ---------- • ---------- • ---------- • ---------- • ---------- • ---------- ■■ ER TRIAGE-NIGHT-🚨🌙 ■■ • ---------- • ---------- • ---------- • ---------- • ---------- • ---------- ■■ ER WARD-DAY-🚨☀️ ■■ • ---------- • ---------- • ---------- • ---------- • ---------- • ---------- ■■ ER WARD-NIGHT-🚨🌙 ■■ • ---------- • ---------- • ---------- • ---------- • ---------- • ---------- ■■ 🗡️LISTA ■■ • ---------- • ---------- • ---------- • ---------- • ---------- • ---------- ■■ WARD-DAY-☀️ ■■ • روان ياسر سليم (01005005160) • رنيم حاتم رفيق بسيسو (01144758373) • سلمى أبوالعلا (01124166114) • منار احمد سعيد (01092708033) • بلال جودة (01066199644) • عمر حسن محمد حسن حجازي (01019701020) ■■ WARD-NIGHT-🌙 ■■ • زينة أشرف حسين (01067196820) • ملك محمد فؤاد (01001721072) • احمد حسين أحمد (01001877491) • سندس أحمد سيد (01156131096) • ---------- • ---------- | C13: =HYPERLINK("#الجدول!A" & 74, "الجدول الأساسي") -> الجدول الأساسي
A14: 2026-01-22 الخميس | B14: ="" & "■■ " & 'الجدول'!B1 & " ■■" & CHAR(10) & "• " & 'الجدول'!B81 & CHAR(10) & "• " & 'الجدول'!B82 & CHAR(10) & "• " & 'الجدول'!B83 & CHAR(10) & "• " & 'الجدول'!B84 & CHAR(10) & "• " & 'الجدول'!B85 & CHAR(10) & CHAR(10) & "■■ " & 'الجدول'!C1 & " ■■" & CHAR(10) & "• " & 'الجدول'!C81 & CHAR(10) & "• " & 'الجدول'!C82 & CHAR(10) & "• " & 'الجدول'!C83 & CHAR(10) & "• " & 'الجدول'!C84 & CHAR(10) & "• " & 'الجدول'!C85 & CHAR(10) & CHAR(10) & "■■ " & 'الجدول'!D1 & " ■■" & CHAR(10) & "• " & 'الجدول'!D81 & CHAR(10) & "• " & 'الجدول'!D82 & CHAR(10) & "• " & 'الجدول'!D83 & CHAR(10) & "• " & 'الجدول'!D84 & CHAR(10) & "• " & 'الجدول'!D85 & CHAR(10) & CHAR(10) & "■■ " & 'الجدول'!E1 & " ■■" & CHAR(10) & "• " & 'الجدول'!E81 & CHAR(10) & "• " & 'الجدول'!E82 & CHAR(10) & "• " & 'الجدول'!E83 & CHAR(10) & "• " & 'الجدول'!E84 & CHAR(10) & "• " & 'الجدول'!E85 & CHAR(10) & CHAR(10) & "■■ " & 'الجدول'!F1 & " ■■" & CHAR(10) & "• " & 'الجدول'!F81 & CHAR(10) & "• " & 'الجدول'!F82 & CHAR(10) & "• " & 'الجدول'!F83 & CHAR(10) & "• " & 'الجدول'!F84 & CHAR(10) & "• " & 'الجدول'!F85 & CHAR(10) & CHAR(10) & "■■ " & 'الجدول'!G1 & " ■■" & CHAR(10) & "• " & 'الجدول'!G81 & CHAR(10) & "• " & 'الجدول'!G82 & CHAR(10) & "• " & 'الجدول'!G83 & CHAR(10) & "• " & 'الجدول'!G84 & CHAR(10) & "• " & 'الجدول'!G85 & CHAR(10) & CHAR(10) & "■■ " & 'الجدول'!H1 & " ■■" & CHAR(10) & "• " & 'الجدول'!H81 & CHAR(10) & "• " & 'الجدول'!H82 & CHAR(10) & "• " & 'الجدول'!H83 & CHAR(10) & "• " & 'الجدول'!H84 & CHAR(10) & "• " & 'الجدول'!H85 & CHAR(10) & CHAR(10) & "■■ " & 'الجدول'!I1 & " ■■" & CHAR(10) & "• " & 'الجدول'!I81 & CHAR(10) & "• " & 'الجدول'!I82 & CHAR(10) & "• " & 'الجدول'!I83 & CHAR(10) & "• " & 'الجدول'!I84 & CHAR(10) & "• " & 'الجدول'!I85 & CHAR(10) & CHAR(10) & "■■ " & 'الجدول'!J1 & " ■■" & CHAR(10) & "• " & 'الجدول'!J81 & CHAR(10) & "• " & 'الجدول'!J82 & CHAR(10) & "• " & 'الجدول'!J83 & CHAR(10) & "• " & 'الجدول'!J84 & CHAR(10) & "• " & 'الجدول'!J85 & CHAR(10) & CHAR(10) & "■■ " & 'الجدول'!K1 & " ■■" & CHAR(10) & "• " & 'الجدول'!K81 & CHAR(10) & "• " & 'الجدول'!K82 & CHAR(10) & "• " & 'الجدول'!K83 & CHAR(10) & "• " & 'الجدول'!K84 & CHAR(10) & "• " & 'الجدول'!K85 & CHAR(10) & CHAR(10) & "■■ " & 'الجدول'!L1 & " ■■" & CHAR(10) & "• " & 'الجدول'!L81 & CHAR(10) & "• " & 'الجدول'!L82 & CHAR(10) & "• " & 'الجدول'!L83 & CHAR(10) & "• " & 'الجدول'!L84 & CHAR(10) & "• " & 'الجدول'!L85 & CHAR(10) & CHAR(10) & "■■ " & 'الجدول'!M1 & " ■■" & CHAR(10) & "• " & 'الجدول'!M81 & CHAR(10) & "• " & 'الجدول'!M82 & CHAR(10) & "• " & 'الجدول'!M83 & CHAR(10) & "• " & 'الجدول'!M84 & CHAR(10) & "• " & 'الجدول'!M85 & CHAR(10) & CHAR(10) & "■■ " & 'الجدول'!N1 & " ■■" & CHAR(10) & "• " & 'الجدول'!N81 & CHAR(10) & "• " & 'الجدول'!N82 & CHAR(10) & "• " & 'الجدول'!N83 & CHAR(10) & "• " & 'الجدول'!N84 & CHAR(10) & "• " & 'الجدول'!N85 & CHAR(10) & CHAR(10) -> ■■ ER ADMISSION-NIGHT-🚨🌙 ■■ • ---------- • ---------- • ---------- • ---------- • ---------- ■■ ER ADMISSIONS -DAY-🚨☀️ ■■ • ---------- • ---------- • ---------- • ---------- • ---------- ■■ ER GENERAL-DAY-🚨☀️ ■■ • ---------- • ---------- • ---------- • ---------- • ---------- ■■ ER GENERAL-NIGHT-🚨🌙 ■■ • ---------- • ---------- • ---------- • ---------- • ---------- ■■ ER PT-DAY-🚨☀️ ■■ • ---------- • ---------- • ---------- • ---------- • ---------- ■■ ER PT-NIGHT-🚨🌙 ■■ • ---------- • ---------- • ---------- • ---------- • ---------- ■■ ER TRIAGE-DAY-🚨☀️ ■■ • ---------- • ---------- • ---------- • ---------- • ---------- ■■ ER TRIAGE-NIGHT-🚨🌙 ■■ • ---------- • ---------- • ---------- • ---------- • ---------- ■■ ER WARD-DAY-🚨☀️ ■■ • ---------- • ---------- • ---------- • ---------- • ---------- ■■ ER WARD-NIGHT-🚨🌙 ■■ • ---------- • ---------- • ---------- • ---------- • ---------- ■■ 🗡️LISTA ■■ • ---------- • ---------- • ---------- • ---------- • ---------- ■■ WARD-DAY-☀️ ■■ • رنا اكرم احمد (01122182132) • مها حسين السيد (01012349071) • استيفن مدحت منير (01200226122) • عبدالمسيح مكرم (01203267885) • كارين روماني راشد (01102663062) ■■ WARD-NIGHT-🌙 ■■ • شهاب احمد حلمي (01055979002) • أحمد زيدان (01110524147) • تقى عماد حسني (01119716276) • ---------- • ---------- | C14: =HYPERLINK("#الجدول!A" & 80, "الجدول الأساسي") -> الجدول الأساسي
A15: 2026-01-23 الجمعة | B15: ="" & "■■ " & 'الجدول'!B1 & " ■■" & CHAR(10) & "• " & 'الجدول'!B86 & CHAR(10) & "• " & 'الجدول'!B87 & CHAR(10) & "• " & 'الجدول'!B88 & CHAR(10) & "• " & 'الجدول'!B89 & CHAR(10) & CHAR(10) & "■■ " & 'الجدول'!C1 & " ■■" & CHAR(10) & "• " & 'الجدول'!C86 & CHAR(10) & "• " & 'الجدول'!C87 & CHAR(10) & "• " & 'الجدول'!C88 & CHAR(10) & "• " & 'الجدول'!C89 & CHAR(10) & CHAR(10) & "■■ " & 'الجدول'!D1 & " ■■" & CHAR(10) & "• " & 'الجدول'!D86 & CHAR(10) & "• " & 'الجدول'!D87 & CHAR(10) & "• " & 'الجدول'!D88 & CHAR(10) & "• " & 'الجدول'!D89 & CHAR(10) & CHAR(10) & "■■ " & 'الجدول'!E1 & " ■■" & CHAR(10) & "• " & 'الجدول'!E86 & CHAR(10) & "• " & 'الجدول'!E87 & CHAR(10) & "• " & 'الجدول'!E88 & CHAR(10) & "• " & 'الجدول'!E89 & CHAR(10) & CHAR(10) & "■■ " & 'الجدول'!F1 & " ■■" & CHAR(10) & "• " & 'الجدول'!F86 & CHAR(10) & "• " & 'الجدول'!F87 & CHAR(10) & "• " & 'الجدول'!F88 & CHAR(10) & "• " & 'الجدول'!F89 & CHAR(10) & CHAR(10) & "■■ " & 'الجدول'!G1 & " ■■" & CHAR(10) & "• " & 'الجدول'!G86 & CHAR(10) & "• " & 'الجدول'!G87 & CHAR(10) & "• " & 'الجدول'!G88 & CHAR(10) & "• " & 'الجدول'!G89 & CHAR(10) & CHAR(10) & "■■ " & 'الجدول'!H1 & " ■■" & CHAR(10) & "• " & 'الجدول'!H86 & CHAR(10) & "• " & 'الجدول'!H87 & CHAR(10) & "• " & 'الجدول'!H88 & CHAR(10) & "• " & 'الجدول'!H89 & CHAR(10) & CHAR(10) & "■■ " & 'الجدول'!I1 & " ■■" & CHAR(10) & "• " & 'الجدول'!I86 & CHAR(10) & "• " & 'الجدول'!I87 & CHAR(10) & "• " & 'الجدول'!I88 & CHAR(10) & "• " & 'الجدول'!I89 & CHAR(10) & CHAR(10) & "■■ " & 'الجدول'!J1 & " ■■" & CHAR(10) & "• " & 'الجدول'!J86 & CHAR(10) & "• " & 'الجدول'!J87 & CHAR(10) & "• " & 'الجدول'!J88 & CHAR(10) & "• " & 'الجدول'!J89 & CHAR(10) & CHAR(10) & "■■ " & 'الجدول'!K1 & " ■■" & CHAR(10) & "• " & 'الجدول'!K86 & CHAR(10) & "• " & 'الجدول'!K87 & CHAR(10) & "• " & 'الجدول'!K88 & CHAR(10) & "• " & 'الجدول'!K89 & CHAR(10) & CHAR(10) & "■■ " & 'الجدول'!L1 & " ■■" & CHAR(10) & "• " & 'الجدول'!L86 & CHAR(10) & "• " & 'الجدول'!L87 & CHAR(10) & "• " & 'الجدول'!L88 & CHAR(10) & "• " & 'الجدول'!L89 & CHAR(10) & CHAR(10) & "■■ " & 'الجدول'!M1 & " ■■" & CHAR(10) & "• " & 'الجدول'!M86 & CHAR(10) & "• " & 'الجدول'!M87 & CHAR(10) & "• " & 'الجدول'!M88 & CHAR(10) & "• " & 'الجدول'!M89 & CHAR(10) & CHAR(10) & "■■ " & 'الجدول'!N1 & " ■■" & CHAR(10) & "• " & 'الجدول'!N86 & CHAR(10) & "• " & 'الجدول'!N87 & CHAR(10) & "• " & 'الجدول'!N88 & CHAR(10) & "• " & 'الجدول'!N89 & CHAR(10) & CHAR(10) -> ■■ ER ADMISSION-NIGHT-🚨🌙 ■■ • ---------- • ---------- • ---------- • ---------- ■■ ER ADMISSIONS -DAY-🚨☀️ ■■ • ---------- • ---------- • ---------- • ---------- ■■ ER GENERAL-DAY-🚨☀️ ■■ • ---------- • ---------- • ---------- • ---------- ■■ ER GENERAL-NIGHT-🚨🌙 ■■ • ---------- • ---------- • ---------- • ---------- ■■ ER PT-DAY-🚨☀️ ■■ • ---------- • ---------- • ---------- • ---------- ■■ ER PT-NIGHT-🚨🌙 ■■ • ---------- • ---------- • ---------- • ---------- ■■ ER TRIAGE-DAY-🚨☀️ ■■ • ---------- • ---------- • ---------- • ---------- ■■ ER TRIAGE-NIGHT-🚨🌙 ■■ • ---------- • ---------- • ---------- • ---------- ■■ ER WARD-DAY-🚨☀️ ■■ • ---------- • ---------- • ---------- • ---------- ■■ ER WARD-NIGHT-🚨🌙 ■■ • ---------- • ---------- • ---------- • ---------- ■■ 🗡️LISTA ■■ • ---------- • ---------- • ---------- • ---------- ■■ WARD-DAY-☀️ ■■ • ريهام سعد عبدالرحمن (01124867574) • Alaa mahmoud El haddad (01033882560) • Mostafa Ismail (01022400525) • شيماء رمضان سعد (01021468731) ■■ WARD-NIGHT-🌙 ■■ • عبدالله احمد (01020242571) • حنان النبوى محمد (01067888751) • شدو محمد شلتوت (1550336384) • Ziad said mohamed (01028577876) | C15: =HYPERLINK("#الجدول!A" & 85, "الجدول الأساسي") -> الجدول الأساسي
A16: 2026-01-24 السبت | B16: ="" & "■■ " & 'الجدول'!B1 & " ■■" & CHAR(10) & "• " & 'الجدول'!B90 & CHAR(10) & "• " & 'الجدول'!B91 & CHAR(10) & "• " & 'الجدول'!B92 & CHAR(10) & "• " & 'الجدول'!B93 & CHAR(10) & "• " & 'الجدول'!B94 & CHAR(10) & CHAR(10) & "■■ " & 'الجدول'!C1 & " ■■" & CHAR(10) & "• " & 'الجدول'!C90 & CHAR(10) & "• " & 'الجدول'!C91 & CHAR(10) & "• " & 'الجدول'!C92 & CHAR(10) & "• " & 'الجدول'!C93 & CHAR(10) & "• " & 'الجدول'!C94 & CHAR(10) & CHAR(10) & "■■ " & 'الجدول'!D1 & " ■■" & CHAR(10) & "• " & 'الجدول'!D90 & CHAR(10) & "• " & 'الجدول'!D91 & CHAR(10) & "• " & 'الجدول'!D92 & CHAR(10) & "• " & 'الجدول'!D93 & CHAR(10) & "• " & 'الجدول'!D94 & CHAR(10) & CHAR(10) & "■■ " & 'الجدول'!E1 & " ■■" & CHAR(10) & "• " & 'الجدول'!E90 & CHAR(10) & "• " & 'الجدول'!E91 & CHAR(10) & "• " & 'الجدول'!E92 & CHAR(10) & "• " & 'الجدول'!E93 & CHAR(10) & "• " & 'الجدول'!E94 & CHAR(10) & CHAR(10) & "■■ " & 'الجدول'!F1 & " ■■" & CHAR(10) & "• " & 'الجدول'!F90 & CHAR(10) & "• " & 'الجدول'!F91 & CHAR(10) & "• " & 'الجدول'!F92 & CHAR(10) & "• " & 'الجدول'!F93 & CHAR(10) & "• " & 'الجدول'!F94 & CHAR(10) & CHAR(10) & "■■ " & 'الجدول'!G1 & " ■■" & CHAR(10) & "• " & 'الجدول'!G90 & CHAR(10) & "• " & 'الجدول'!G91 & CHAR(10) & "• " & 'الجدول'!G92 & CHAR(10) & "• " & 'الجدول'!G93 & CHAR(10) & "• " & 'الجدول'!G94 & CHAR(10) & CHAR(10) & "■■ " & 'الجدول'!H1 & " ■■" & CHAR(10) & "• " & 'الجدول'!H90 & CHAR(10) & "• " & 'الجدول'!H91 & CHAR(10) & "• " & 'الجدول'!H92 & CHAR(10) & "• " & 'الجدول'!H93 & CHAR(10) & "• " & 'الجدول'!H94 & CHAR(10) & CHAR(10) & "■■ " & 'الجدول'!I1 & " ■■" & CHAR(10) & "• " & 'الجدول'!I90 & CHAR(10) & "• " & 'الجدول'!I91 & CHAR(10) & "• " & 'الجدول'!I92 & CHAR(10) & "• " & 'الجدول'!I93 & CHAR(10) & "• " & 'الجدول'!I94 & CHAR(10) & CHAR(10) & "■■ " & 'الجدول'!J1 & " ■■" & CHAR(10) & "• " & 'الجدول'!J90 & CHAR(10) & "• " & 'الجدول'!J91 & CHAR(10) & "• " & 'الجدول'!J92 & CHAR(10) & "• " & 'الجدول'!J93 & CHAR(10) & "• " & 'الجدول'!J94 & CHAR(10) & CHAR(10) & "■■ " & 'الجدول'!K1 & " ■■" & CHAR(10) & "• " & 'الجدول'!K90 & CHAR(10) & "• " & 'الجدول'!K91 & CHAR(10) & "• " & 'الجدول'!K92 & CHAR(10) & "• " & 'الجدول'!K93 & CHAR(10) & "• " & 'الجدول'!K94 & CHAR(10) & CHAR(10) & "■■ " & 'الجدول'!L1 & " ■■" & CHAR(10) & "• " & 'الجدول'!L90 & CHAR(10) & "• " & 'الجدول'!L91 & CHAR(10) & "• " & 'الجدول'!L92 & CHAR(10) & "• " & 'الجدول'!L93 & CHAR(10) & "• " & 'الجدول'!L94 & CHAR(10) & CHAR(10) & "■■ " & 'الجدول'!M1 & " ■■" & CHAR(10) & "• " & 'الجدول'!M90 & CHAR(10) & "• " & 'الجدول'!M91 & CHAR(10) & "• " & 'الجدول'!M92 & CHAR(10) & "• " & 'الجدول'!M93 & CHAR(10) & "• " & 'الجدول'!M94 & CHAR(10) & CHAR(10) & "■■ " & 'الجدول'!N1 & " ■■" & CHAR(10) & "• " & 'الجدول'!N90 & CHAR(10) & "• " & 'الجدول'!N91 & CHAR(10) & "• " & 'الجدول'!N92 & CHAR(10) & "• " & 'الجدول'!N93 & CHAR(10) & "• " & 'الجدول'!N94 & CHAR(10) & CHAR(10) -> ■■ ER ADMISSION-NIGHT-🚨🌙 ■■ • ---------- • ---------- • ---------- • ---------- • ---------- ■■ ER ADMISSIONS -DAY-🚨☀️ ■■ • ---------- • ---------- • ---------- • ---------- • ---------- ■■ ER GENERAL-DAY-🚨☀️ ■■ • ---------- • ---------- • ---------- • ---------- • ---------- ■■ ER GENERAL-NIGHT-🚨🌙 ■■ • ---------- • ---------- • ---------- • ---------- • ---------- ■■ ER PT-DAY-🚨☀️ ■■ • ---------- • ---------- • ---------- • ---------- • ---------- ■■ ER PT-NIGHT-🚨🌙 ■■ • ---------- • ---------- • ---------- • ---------- • ---------- ■■ ER TRIAGE-DAY-🚨☀️ ■■ • ---------- • ---------- • ---------- • ---------- • ---------- ■■ ER TRIAGE-NIGHT-🚨🌙 ■■ • ---------- • ---------- • ---------- • ---------- • ---------- ■■ ER WARD-DAY-🚨☀️ ■■ • ---------- • ---------- • ---------- • ---------- • ---------- ■■ ER WARD-NIGHT-🚨🌙 ■■ • ---------- • ---------- • ---------- • ---------- • ---------- ■■ 🗡️LISTA ■■ • احمد ايهاب محمد عواد (01032298339) • نورهان محمد (0112 826 8287) • عمر حسن محمد حسن حجازي (01019701020) • ---------- • ---------- ■■ WARD-DAY-☀️ ■■ • محمد محمود ابراهيم (01112057358) • رؤى أحمد عبدالحميد البليهي (01021284862) • روان ياسر سليم (01005005160) • هديل نادي محند (01033032220) • منار عواد عبدالعال عواد (01001915861) ■■ WARD-NIGHT-🌙 ■■ • عمر محمد سيد (01000688544) • يوسف طه السيد (01207620695) • احمد ايهاب محمد عواد (01032298339) • ---------- • ---------- | C16: =HYPERLINK("#الجدول!A" & 89, "الجدول الأساسي") -> الجدول الأساسي
A17: 2026-01-25 الأحد | B17: ="" & "■■ " & 'الجدول'!B1 & " ■■" & CHAR(10) & "• " & 'الجدول'!B95 & CHAR(10) & "• " & 'الجدول'!B96 & CHAR(10) & "• " & 'الجدول'!B97 & CHAR(10) & "• " & 'الجدول'!B98 & CHAR(10) & "• " & 'الجدول'!B99 & CHAR(10) & "• " & 'الجدول'!B100 & CHAR(10) & "• " & 'الجدول'!B101 & CHAR(10) & "• " & 'الجدول'!B102 & CHAR(10) & "• " & 'الجدول'!B103 & CHAR(10) & "• " & 'الجدول'!B104 & CHAR(10) & CHAR(10) & "■■ " & 'الجدول'!C1 & " ■■" & CHAR(10) & "• " & 'الجدول'!C95 & CHAR(10) & "• " & 'الجدول'!C96 & CHAR(10) & "• " & 'الجدول'!C97 & CHAR(10) & "• " & 'الجدول'!C98 & CHAR(10) & "• " & 'الجدول'!C99 & CHAR(10) & "• " & 'الجدول'!C100 & CHAR(10) & "• " & 'الجدول'!C101 & CHAR(10) & "• " & 'الجدول'!C102 & CHAR(10) & "• " & 'الجدول'!C103 & CHAR(10) & "• " & 'الجدول'!C104 & CHAR(10) & CHAR(10) & "■■ " & 'الجدول'!D1 & " ■■" & CHAR(10) & "• " & 'الجدول'!D95 & CHAR(10) & "• " & 'الجدول'!D96 & CHAR(10) & "• " & 'الجدول'!D97 & CHAR(10) & "• " & 'الجدول'!D98 & CHAR(10) & "• " & 'الجدول'!D99 & CHAR(10) & "• " & 'الجدول'!D100 & CHAR(10) & "• " & 'الجدول'!D101 & CHAR(10) & "• " & 'الجدول'!D102 & CHAR(10) & "• " & 'الجدول'!D103 & CHAR(10) & "• " & 'الجدول'!D104 & CHAR(10) & CHAR(10) & "■■ " & 'الجدول'!E1 & " ■■" & CHAR(10) & "• " & 'الجدول'!E95 & CHAR(10) & "• " & 'الجدول'!E96 & CHAR(10) & "• " & 'الجدول'!E97 & CHAR(10) & "• " & 'الجدول'!E98 & CHAR(10) & "• " & 'الجدول'!E99 & CHAR(10) & "• " & 'الجدول'!E100 & CHAR(10) & "• " & 'الجدول'!E101 & CHAR(10) & "• " & 'الجدول'!E102 & CHAR(10) & "• " & 'الجدول'!E103 & CHAR(10) & "• " & 'الجدول'!E104 & CHAR(10) & CHAR(10) & "■■ " & 'الجدول'!F1 & " ■■" & CHAR(10) & "• " & 'الجدول'!F95 & CHAR(10) & "• " & 'الجدول'!F96 & CHAR(10) & "• " & 'الجدول'!F97 & CHAR(10) & "• " & 'الجدول'!F98 & CHAR(10) & "• " & 'الجدول'!F99 & CHAR(10) & "• " & 'الجدول'!F100 & CHAR(10) & "• " & 'الجدول'!F101 & CHAR(10) & "• " & 'الجدول'!F102 & CHAR(10) & "• " & 'الجدول'!F103 & CHAR(10) & "• " & 'الجدول'!F104 & CHAR(10) & CHAR(10) & "■■ " & 'الجدول'!G1 & " ■■" & CHAR(10) & "• " & 'الجدول'!G95 & CHAR(10) & "• " & 'الجدول'!G96 & CHAR(10) & "• " & 'الجدول'!G97 & CHAR(10) & "• " & 'الجدول'!G98 & CHAR(10) & "• " & 'الجدول'!G99 & CHAR(10) & "• " & 'الجدول'!G100 & CHAR(10) & "• " & 'الجدول'!G101 & CHAR(10) & "• " & 'الجدول'!G102 & CHAR(10) & "• " & 'الجدول'!G103 & CHAR(10) & "• " & 'الجدول'!G104 & CHAR(10) & CHAR(10) & "■■ " & 'الجدول'!H1 & " ■■" & CHAR(10) & "• " & 'الجدول'!H95 & CHAR(10) & "• " & 'الجدول'!H96 & CHAR(10) & "• " & 'الجدول'!H97 & CHAR(10) & "• " & 'الجدول'!H98 & CHAR(10) & "• " & 'الجدول'!H99 & CHAR(10) & "• " & 'الجدول'!H100 & CHAR(10) & "• " & 'الجدول'!H101 & CHAR(10) & "• " & 'الجدول'!H102 & CHAR(10) & "• " & 'الجدول'!H103 & CHAR(10) & "• " & 'الجدول'!H104 & CHAR(10) & CHAR(10) & "■■ " & 'الجدول'!I1 & " ■■" & CHAR(10) & "• " & 'الجدول'!I95 & CHAR(10) & "• " & 'الجدول'!I96 & CHAR(10) & "• " & 'الجدول'!I97 & CHAR(10) & "• " & 'الجدول'!I98 & CHAR(10) & "• " & 'الجدول'!I99 & CHAR(10) & "• " & 'الجدول'!I100 & CHAR(10) & "• " & 'الجدول'!I101 & CHAR(10) & "• " & 'الجدول'!I102 & CHAR(10) & "• " & 'الجدول'!I103 & CHAR(10) & "• " & 'الجدول'!I104 & CHAR(10) & CHAR(10) & "■■ " & 'الجدول'!J1 & " ■■" & CHAR(10) & "• " & 'الجدول'!J95 & CHAR(10) & "• " & 'الجدول'!J96 & CHAR(10) & "• " & 'الجدول'!J97 & CHAR(10) & "• " & 'الجدول'!J98 & CHAR(10) & "• " & 'الجدول'!J99 & CHAR(10) & "• " & 'الجدول'!J100 & CHAR(10) & "• " & 'الجدول'!J101 & CHAR(10) & "• " & 'الجدول'!J102 & CHAR(10) & "• " & 'الجدول'!J103 & CHAR(10) & "• " & 'الجدول'!J104 & CHAR(10) & CHAR(10) & "■■ " & 'الجدول'!K1 & " ■■" & CHAR(10) & "• " & 'الجدول'!K95 & CHAR(10) & "• " & 'الجدول'!K96 & CHAR(10) & "• " & 'الجدول'!K97 & CHAR(10) & "• " & 'الجدول'!K98 & CHAR(10) & "• " & 'الجدول'!K99 & CHAR(10) & "• " & 'الجدول'!K100 & CHAR(10) & "• " & 'الجدول'!K101 & CHAR(10) & "• " & 'الجدول'!K102 & CHAR(10) & "• " & 'الجدول'!K103 & CHAR(10) & "• " & 'الجدول'!K104 & CHAR(10) & CHAR(10) & "■■ " & 'الجدول'!L1 & " ■■" & CHAR(10) & "• " & 'الجدول'!L95 & CHAR(10) & "• " & 'الجدول'!L96 & CHAR(10) & "• " & 'الجدول'!L97 & CHAR(10) & "• " & 'الجدول'!L98 & CHAR(10) & "• " & 'الجدول'!L99 & CHAR(10) & "• " & 'الجدول'!L100 & CHAR(10) & "• " & 'الجدول'!L101 & CHAR(10) & "• " & 'الجدول'!L102 & CHAR(10) & "• " & 'الجدول'!L103 & CHAR(10) & "• " & 'الجدول'!L104 & CHAR(10) & CHAR(10) & "■■ " & 'الجدول'!M1 & " ■■" & CHAR(10) & "• " & 'الجدول'!M95 & CHAR(10) & "• " & 'الجدول'!M96 & CHAR(10) & "• " & 'الجدول'!M97 & CHAR(10) & "• " & 'الجدول'!M98 & CHAR(10) & "• " & 'الجدول'!M99 & CHAR(10) & "• " & 'الجدول'!M100 & CHAR(10) & "• " & 'الجدول'!M101 & CHAR(10) & "• " & 'الجدول'!M102 & CHAR(10) & "• " & 'الجدول'!M103 & CHAR(10) & "• " & 'الجدول'!M104 & CHAR(10) & CHAR(10) & "■■ " & 'الجدول'!N1 & " ■■" & CHAR(10) & "• " & 'الجدول'!N95 & CHAR(10) & "• " & 'الجدول'!N96 & CHAR(10) & "• " & 'الجدول'!N97 & CHAR(10) & "• " & 'الجدول'!N98 & CHAR(10) & "• " & 'الجدول'!N99 & CHAR(10) & "• " & 'الجدول'!N100 & CHAR(10) & "• " & 'الجدول'!N101 & CHAR(10) & "• " & 'الجدول'!N102 & CHAR(10) & "• " & 'الجدول'!N103 & CHAR(10) & "• " & 'الجدول'!N104 & CHAR(10) & CHAR(10) -> ■■ ER ADMISSION-NIGHT-🚨🌙 ■■ • عمرو عبدالغفار حمزة (01014246636) • ---------- • ---------- • ---------- • ---------- • ---------- • ---------- • ---------- • ---------- • ---------- ■■ ER ADMISSIONS -DAY-🚨☀️ ■■ • منة السيد عبد الباقي (01274588193) • ---------- • ---------- • ---------- • ---------- • ---------- • ---------- • ---------- • ---------- • ---------- ■■ ER GENERAL-DAY-🚨☀️ ■■ • Youssef elsemary (01126286820) • بلال جودة (01066199644) • محمد خالد محمد (01008204601) • عمر حسن محمد حسن حجازي (01019701020) • يارا إبراهيم سيد (01021880370) • بلال أحمد (01066883767) • رنا اكرم احمد (01122182132) • روان ياسر سليم (01005005160) • عبدالمسيح مكرم (01203267885) • احمدنوید قیومی (01104573242) ■■ ER GENERAL-NIGHT-🚨🌙 ■■ • مي طارق نهاد (01287477488) • شدو محمد شلتوت (1550336384) • شهاب احمد حلمي (01055979002) • تقى عماد حسني (01119716276) • محمد عمرو محمد عبدالباقي (01151653320) • Mostafa Ismail (01022400525) • كارين باسم صومائيل (01274209975) • محمد محمود ابراهيم (01112057358) • Marwan Ayman (01149894940) • ---------- ■■ ER PT-DAY-🚨☀️ ■■ • مها حسين السيد (01012349071) • منار عواد عبدالعال عواد (01001915861) • مريم السيد أحمد خيرالله (01099882992) • هديل نادي محند (01033032220) • حنان النبوى محمد (01067888751) • مينا رومانى عبده (01212866642) • يوسف عاطف رزق الله (01148183647) • منار احمد سعيد (01092708033) • رؤى أحمد عبدالحميد البليهي (01021284862) • ---------- ■■ ER PT-NIGHT-🚨🌙 ■■ • أعناب طارق عوض (01146334179) • هديل هشام منصور الوشاحي (01227221344) • Ziad said mohamed (01028577876) • رنيم حاتم رفيق بسيسو (01144758373) • Sara Refaat (01220039613) • كارين روماني راشد (01102663062) • ريهام سعد عبدالرحمن (01124867574) • زينة أشرف حسين (01067196820) • أحمد رجب محمد (01273127265) • ---------- ■■ ER TRIAGE-DAY-🚨☀️ ■■ • مصطفى محمد علي محمد بدر (01150245681) • ---------- • ---------- • ---------- • ---------- • ---------- • ---------- • ---------- • ---------- • ---------- ■■ ER TRIAGE-NIGHT-🚨🌙 ■■ • عمر محمد سيد (01000688544) • ---------- • ---------- • ---------- • ---------- • ---------- • ---------- • ---------- • ---------- • ---------- ■■ ER WARD-DAY-🚨☀️ ■■ • أحمد زيدان (01110524147) • مي خالد ابوزيد (01023578224) • محمود عبد المحسن إبراهيم (01062086612) • شيماء رمضان سعد (01021468731) • مصطفى عبد الراضى صديق (01226696153) • سلمى أبوالعلا (01124166114) • ---------- • ---------- • ---------- • ---------- ■■ ER WARD-NIGHT-🚨🌙 ■■ • عبدالله احمد (01020242571) • سندس أحمد سيد (01156131096) • Alaa mahmoud El haddad (01033882560) • نورهان محمد (0112 826 8287) • مصطفى عبد الراضى صديق (01226696153) • يوسف طه السيد (01207620695) • ---------- • ---------- • ---------- • ---------- ■■ 🗡️LISTA ■■ • ---------- • ---------- • ---------- • ---------- • ---------- • ---------- • ---------- • ---------- • ---------- • ---------- ■■ WARD-DAY-☀️ ■■ • ---------- • ---------- • ---------- • ---------- • ---------- • ---------- • ---------- • ---------- • ---------- • ---------- ■■ WARD-NIGHT-🌙 ■■ • ---------- • ---------- • ---------- • ---------- • ---------- • ---------- • ---------- • ---------- • ---------- • ---------- | C17: =HYPERLINK("#الجدول!A" & 94, "الجدول الأساسي") -> الجدول الأساسي
A18: 2026-01-26 الاثنين | B18: ="" & "■■ " & 'الجدول'!B1 & " ■■" & CHAR(10) & "• " & 'الجدول'!B105 & CHAR(10) & "• " & 'الجدول'!B106 & CHAR(10) & "• " & 'الجدول'!B107 & CHAR(10) & "• " & 'الجدول'!B108 & CHAR(10) & "• " & 'الجدول'!B109 & CHAR(10) & "• " & 'الجدول'!B110 & CHAR(10) & "• " & 'الجدول'!B111 & CHAR(10) & "• " & 'الجدول'!B112 & CHAR(10) & CHAR(10) & "■■ " & 'الجدول'!C1 & " ■■" & CHAR(10) & "• " & 'الجدول'!C105 & CHAR(10) & "• " & 'الجدول'!C106 & CHAR(10) & "• " & 'الجدول'!C107 & CHAR(10) & "• " & 'الجدول'!C108 & CHAR(10) & "• " & 'الجدول'!C109 & CHAR(10) & "• " & 'الجدول'!C110 & CHAR(10) & "• " & 'الجدول'!C111 & CHAR(10) & "• " & 'الجدول'!C112 & CHAR(10) & CHAR(10) & "■■ " & 'الجدول'!D1 & " ■■" & CHAR(10) & "• " & 'الجدول'!D105 & CHAR(10) & "• " & 'الجدول'!D106 & CHAR(10) & "• " & 'الجدول'!D107 & CHAR(10) & "• " & 'الجدول'!D108 & CHAR(10) & "• " & 'الجدول'!D109 & CHAR(10) & "• " & 'الجدول'!D110 & CHAR(10) & "• " & 'الجدول'!D111 & CHAR(10) & "• " & 'الجدول'!D112 & CHAR(10) & CHAR(10) & "■■ " & 'الجدول'!E1 & " ■■" & CHAR(10) & "• " & 'الجدول'!E105 & CHAR(10) & "• " & 'الجدول'!E106 & CHAR(10) & "• " & 'الجدول'!E107 & CHAR(10) & "• " & 'الجدول'!E108 & CHAR(10) & "• " & 'الجدول'!E109 & CHAR(10) & "• " & 'الجدول'!E110 & CHAR(10) & "• " & 'الجدول'!E111 & CHAR(10) & "• " & 'الجدول'!E112 & CHAR(10) & CHAR(10) & "■■ " & 'الجدول'!F1 & " ■■" & CHAR(10) & "• " & 'الجدول'!F105 & CHAR(10) & "• " & 'الجدول'!F106 & CHAR(10) & "• " & 'الجدول'!F107 & CHAR(10) & "• " & 'الجدول'!F108 & CHAR(10) & "• " & 'الجدول'!F109 & CHAR(10) & "• " & 'الجدول'!F110 & CHAR(10) & "• " & 'الجدول'!F111 & CHAR(10) & "• " & 'الجدول'!F112 & CHAR(10) & CHAR(10) & "■■ " & 'الجدول'!G1 & " ■■" & CHAR(10) & "• " & 'الجدول'!G105 & CHAR(10) & "• " & 'الجدول'!G106 & CHAR(10) & "• " & 'الجدول'!G107 & CHAR(10) & "• " & 'الجدول'!G108 & CHAR(10) & "• " & 'الجدول'!G109 & CHAR(10) & "• " & 'الجدول'!G110 & CHAR(10) & "• " & 'الجدول'!G111 & CHAR(10) & "• " & 'الجدول'!G112 & CHAR(10) & CHAR(10) & "■■ " & 'الجدول'!H1 & " ■■" & CHAR(10) & "• " & 'الجدول'!H105 & CHAR(10) & "• " & 'الجدول'!H106 & CHAR(10) & "• " & 'الجدول'!H107 & CHAR(10) & "• " & 'الجدول'!H108 & CHAR(10) & "• " & 'الجدول'!H109 & CHAR(10) & "• " & 'الجدول'!H110 & CHAR(10) & "• " & 'الجدول'!H111 & CHAR(10) & "• " & 'الجدول'!H112 & CHAR(10) & CHAR(10) & "■■ " & 'الجدول'!I1 & " ■■" & CHAR(10) & "• " & 'الجدول'!I105 & CHAR(10) & "• " & 'الجدول'!I106 & CHAR(10) & "• " & 'الجدول'!I107 & CHAR(10) & "• " & 'الجدول'!I108 & CHAR(10) & "• " & 'الجدول'!I109 & CHAR(10) & "• " & 'الجدول'!I110 & CHAR(10) & "• " & 'الجدول'!I111 & CHAR(10) & "• " & 'الجدول'!I112 & CHAR(10) & CHAR(10) & "■■ " & 'الجدول'!J1 & " ■■" & CHAR(10) & "• " & 'الجدول'!J105 & CHAR(10) & "• " & 'الجدول'!J106 & CHAR(10) & "• " & 'الجدول'!J107 & CHAR(10) & "• " & 'الجدول'!J108 & CHAR(10) & "• " & 'الجدول'!J109 & CHAR(10) & "• " & 'الجدول'!J110 & CHAR(10) & "• " & 'الجدول'!J111 & CHAR(10) & "• " & 'الجدول'!J112 & CHAR(10) & CHAR(10) & "■■ " & 'الجدول'!K1 & " ■■" & CHAR(10) & "• " & 'الجدول'!K105 & CHAR(10) & "• " & 'الجدول'!K106 & CHAR(10) & "• " & 'الجدول'!K107 & CHAR(10) & "• " & 'الجدول'!K108 & CHAR(10) & "• " & 'الجدول'!K109 & CHAR(10) & "• " & 'الجدول'!K110 & CHAR(10) & "• " & 'الجدول'!K111 & CHAR(10) & "• " & 'الجدول'!K112 & CHAR(10) & CHAR(10) & "■■ " & 'الجدول'!L1 & " ■■" & CHAR(10) & "• " & 'الجدول'!L105 & CHAR(10) & "• " & 'الجدول'!L106 & CHAR(10) & "• " & 'الجدول'!L107 & CHAR(10) & "• " & 'الجدول'!L108 & CHAR(10) & "• " & 'الجدول'!L109 & CHAR(10) & "• " & 'الجدول'!L110 & CHAR(10) & "• " & 'الجدول'!L111 & CHAR(10) & "• " & 'الجدول'!L112 & CHAR(10) & CHAR(10) & "■■ " & 'الجدول'!M1 & " ■■" & CHAR(10) & "• " & 'الجدول'!M105 & CHAR(10) & "• " & 'الجدول'!M106 & CHAR(10) & "• " & 'الجدول'!M107 & CHAR(10) & "• " & 'الجدول'!M108 & CHAR(10) & "• " & 'الجدول'!M109 & CHAR(10) & "• " & 'الجدول'!M110 & CHAR(10) & "• " & 'الجدول'!M111 & CHAR(10) & "• " & 'الجدول'!M112 & CHAR(10) & CHAR(10) & "■■ " & 'الجدول'!N1 & " ■■" & CHAR(10) & "• " & 'الجدول'!N105 & CHAR(10) & "• " & 'الجدول'!N106 & CHAR(10) & "• " & 'الجدول'!N107 & CHAR(10) & "• " & 'الجدول'!N108 & CHAR(10) & "• " & 'الجدول'!N109 & CHAR(10) & "• " & 'الجدول'!N110 & CHAR(10) & "• " & 'الجدول'!N111 & CHAR(10) & "• " & 'الجدول'!N112 & CHAR(10) & CHAR(10) -> ■■ ER ADMISSION-NIGHT-🚨🌙 ■■ • ---------- • ---------- • ---------- • ---------- • ---------- • ---------- • ---------- • ---------- ■■ ER ADMISSIONS -DAY-🚨☀️ ■■ • ---------- • ---------- • ---------- • ---------- • ---------- • ---------- • ---------- • ---------- ■■ ER GENERAL-DAY-🚨☀️ ■■ • ---------- • ---------- • ---------- • ---------- • ---------- • ---------- • ---------- • ---------- ■■ ER GENERAL-NIGHT-🚨🌙 ■■ • ---------- • ---------- • ---------- • ---------- • ---------- • ---------- • ---------- • ---------- ■■ ER PT-DAY-🚨☀️ ■■ • ---------- • ---------- • ---------- • ---------- • ---------- • ---------- • ---------- • ---------- ■■ ER PT-NIGHT-🚨🌙 ■■ • ---------- • ---------- • ---------- • ---------- • ---------- • ---------- • ---------- • ---------- ■■ ER TRIAGE-DAY-🚨☀️ ■■ • ---------- • ---------- • ---------- • ---------- • ---------- • ---------- • ---------- • ---------- ■■ ER TRIAGE-NIGHT-🚨🌙 ■■ • ---------- • ---------- • ---------- • ---------- • ---------- • ---------- • ---------- • ---------- ■■ ER WARD-DAY-🚨☀️ ■■ • ---------- • ---------- • ---------- • ---------- • ---------- • ---------- • ---------- • ---------- ■■ ER WARD-NIGHT-🚨🌙 ■■ • ---------- • ---------- • ---------- • ---------- • ---------- • ---------- • ---------- • ---------- ■■ 🗡️LISTA ■■ • ---------- • ---------- • ---------- • ---------- • ---------- • ---------- • ---------- • ---------- ■■ WARD-DAY-☀️ ■■ • احمد حسين أحمد (01001877491) • احمد حسام الدين صلاح (01065567736) • أحمد رجب محمد (01273127265) • حنان النبوى محمد (01067888751) • منة السيد عبد الباقي (01274588193) • عمرو وائل سرور (01023140340) • مصطفى محمد علي محمد بدر (01150245681) • شيماء رمضان سعد (01021468731) ■■ WARD-NIGHT-🌙 ■■ • أحمد زيدان (01110524147) • يوسف عاطف رزق الله (01148183647) • احمد ناصر (01553479200) • نورهان محمد (0112 826 8287) • مريم السيد أحمد خيرالله (01099882992) • ---------- • ---------- • ---------- | C18: =HYPERLINK("#الجدول!A" & 104, "الجدول الأساسي") -> الجدول الأساسي
A19: 2026-01-27 الثلاثاء | B19: ="" & "■■ " & 'الجدول'!B1 & " ■■" & CHAR(10) & "• " & 'الجدول'!B113 & CHAR(10) & "• " & 'الجدول'!B114 & CHAR(10) & "• " & 'الجدول'!B115 & CHAR(10) & "• " & 'الجدول'!B116 & CHAR(10) & "• " & 'الجدول'!B117 & CHAR(10) & "• " & 'الجدول'!B118 & CHAR(10) & CHAR(10) & "■■ " & 'الجدول'!C1 & " ■■" & CHAR(10) & "• " & 'الجدول'!C113 & CHAR(10) & "• " & 'الجدول'!C114 & CHAR(10) & "• " & 'الجدول'!C115 & CHAR(10) & "• " & 'الجدول'!C116 & CHAR(10) & "• " & 'الجدول'!C117 & CHAR(10) & "• " & 'الجدول'!C118 & CHAR(10) & CHAR(10) & "■■ " & 'الجدول'!D1 & " ■■" & CHAR(10) & "• " & 'الجدول'!D113 & CHAR(10) & "• " & 'الجدول'!D114 & CHAR(10) & "• " & 'الجدول'!D115 & CHAR(10) & "• " & 'الجدول'!D116 & CHAR(10) & "• " & 'الجدول'!D117 & CHAR(10) & "• " & 'الجدول'!D118 & CHAR(10) & CHAR(10) & "■■ " & 'الجدول'!E1 & " ■■" & CHAR(10) & "• " & 'الجدول'!E113 & CHAR(10) & "• " & 'الجدول'!E114 & CHAR(10) & "• " & 'الجدول'!E115 & CHAR(10) & "• " & 'الجدول'!E116 & CHAR(10) & "• " & 'الجدول'!E117 & CHAR(10) & "• " & 'الجدول'!E118 & CHAR(10) & CHAR(10) & "■■ " & 'الجدول'!F1 & " ■■" & CHAR(10) & "• " & 'الجدول'!F113 & CHAR(10) & "• " & 'الجدول'!F114 & CHAR(10) & "• " & 'الجدول'!F115 & CHAR(10) & "• " & 'الجدول'!F116 & CHAR(10) & "• " & 'الجدول'!F117 & CHAR(10) & "• " & 'الجدول'!F118 & CHAR(10) & CHAR(10) & "■■ " & 'الجدول'!G1 & " ■■" & CHAR(10) & "• " & 'الجدول'!G113 & CHAR(10) & "• " & 'الجدول'!G114 & CHAR(10) & "• " & 'الجدول'!G115 & CHAR(10) & "• " & 'الجدول'!G116 & CHAR(10) & "• " & 'الجدول'!G117 & CHAR(10) & "• " & 'الجدول'!G118 & CHAR(10) & CHAR(10) & "■■ " & 'الجدول'!H1 & " ■■" & CHAR(10) & "• " & 'الجدول'!H113 & CHAR(10) & "• " & 'الجدول'!H114 & CHAR(10) & "• " & 'الجدول'!H115 & CHAR(10) & "• " & 'الجدول'!H116 & CHAR(10) & "• " & 'الجدول'!H117 & CHAR(10) & "• " & 'الجدول'!H118 & CHAR(10) & CHAR(10) & "■■ " & 'الجدول'!I1 & " ■■" & CHAR(10) & "• " & 'الجدول'!I113 & CHAR(10) & "• " & 'الجدول'!I114 & CHAR(10) & "• " & 'الجدول'!I115 & CHAR(10) & "• " & 'الجدول'!I116 & CHAR(10) & "• " & 'الجدول'!I117 & CHAR(10) & "• " & 'الجدول'!I118 & CHAR(10) & CHAR(10) & "■■ " & 'الجدول'!J1 & " ■■" & CHAR(10) & "• " & 'الجدول'!J113 & CHAR(10) & "• " & 'الجدول'!J114 & CHAR(10) & "• " & 'الجدول'!J115 & CHAR(10) & "• " & 'الجدول'!J116 & CHAR(10) & "• " & 'الجدول'!J117 & CHAR(10) & "• " & 'الجدول'!J118 & CHAR(10) & CHAR(10) & "■■ " & 'الجدول'!K1 & " ■■" & CHAR(10) & "• " & 'الجدول'!K113 & CHAR(10) & "• " & 'الجدول'!K114 & CHAR(10) & "• " & 'الجدول'!K115 & CHAR(10) & "• " & 'الجدول'!K116 & CHAR(10) & "• " & 'الجدول'!K117 & CHAR(10) & "• " & 'الجدول'!K118 & CHAR(10) & CHAR(10) & "■■ " & 'الجدول'!L1 & " ■■" & CHAR(10) & "• " & 'الجدول'!L113 & CHAR(10) & "• " & 'الجدول'!L114 & CHAR(10) & "• " & 'الجدول'!L115 & CHAR(10) & "• " & 'الجدول'!L116 & CHAR(10) & "• " & 'الجدول'!L117 & CHAR(10) & "• " & 'الجدول'!L118 & CHAR(10) & CHAR(10) & "■■ " & 'الجدول'!M1 & " ■■" & CHAR(10) & "• " & 'الجدول'!M113 & CHAR(10) & "• " & 'الجدول'!M114 & CHAR(10) & "• " & 'الجدول'!M115 & CHAR(10) & "• " & 'الجدول'!M116 & CHAR(10) & "• " & 'الجدول'!M117 & CHAR(10) & "• " & 'الجدول'!M118 & CHAR(10) & CHAR(10) & "■■ " & 'الجدول'!N1 & " ■■" & CHAR(10) & "• " & 'الجدول'!N113 & CHAR(10) & "• " & 'الجدول'!N114 & CHAR(10) & "• " & 'الجدول'!N115 & CHAR(10) & "• " & 'الجدول'!N116 & CHAR(10) & "• " & 'الجدول'!N117 & CHAR(10) & "• " & 'الجدول'!N118 & CHAR(10) & CHAR(10) -> ■■ ER ADMISSION-NIGHT-🚨🌙 ■■ • ---------- • ---------- • ---------- • ---------- • ---------- • ---------- ■■ ER ADMISSIONS -DAY-🚨☀️ ■■ • ---------- • ---------- • ---------- • ---------- • ---------- • ---------- ■■ ER GENERAL-DAY-🚨☀️ ■■ • ---------- • ---------- • ---------- • ---------- • ---------- • ---------- ■■ ER GENERAL-NIGHT-🚨🌙 ■■ • ---------- • ---------- • ---------- • ---------- • ---------- • ---------- ■■ ER PT-DAY-🚨☀️ ■■ • ---------- • ---------- • ---------- • ---------- • ---------- • ---------- ■■ ER PT-NIGHT-🚨🌙 ■■ • ---------- • ---------- • ---------- • ---------- • ---------- • ---------- ■■ ER TRIAGE-DAY-🚨☀️ ■■ • ---------- • ---------- • ---------- • ---------- • ---------- • ---------- ■■ ER TRIAGE-NIGHT-🚨🌙 ■■ • ---------- • ---------- • ---------- • ---------- • ---------- • ---------- ■■ ER WARD-DAY-🚨☀️ ■■ • ---------- • ---------- • ---------- • ---------- • ---------- • ---------- ■■ ER WARD-NIGHT-🚨🌙 ■■ • ---------- • ---------- • ---------- • ---------- • ---------- • ---------- ■■ 🗡️LISTA ■■ • بلال جودة (01066199644) • Sara Refaat (01220039613) • عمرو عبدالغفار حمزة (01014246636) • ---------- • ---------- • ---------- ■■ WARD-DAY-☀️ ■■ • كارين روماني راشد (01102663062) • Youssef elsemary (01126286820) • محمود عبد المحسن إبراهيم (01062086612) • مينا رومانى عبده (01212866642) • يارا إبراهيم سيد (01021880370) • محمد خالد محمد (01008204601) ■■ WARD-NIGHT-🌙 ■■ • مي طارق نهاد (01287477488) • كارين باسم صومائيل (01274209975) • هديل هشام منصور الوشاحي (01227221344) • شيماء رمضان سعد (01021468731) • ---------- • ---------- | C19: =HYPERLINK("#الجدول!A" & 112, "الجدول الأساسي") -> الجدول الأساسي
A20: 2026-01-28 الأربعاء | B20: ="" & "■■ " & 'الجدول'!B1 & " ■■" & CHAR(10) & "• " & 'الجدول'!B119 & CHAR(10) & "• " & 'الجدول'!B120 & CHAR(10) & "• " & 'الجدول'!B121 & CHAR(10) & "• " & 'الجدول'!B122 & CHAR(10) & "• " & 'الجدول'!B123 & CHAR(10) & "• " & 'الجدول'!B124 & CHAR(10) & CHAR(10) & "■■ " & 'الجدول'!C1 & " ■■" & CHAR(10) & "• " & 'الجدول'!C119 & CHAR(10) & "• " & 'الجدول'!C120 & CHAR(10) & "• " & 'الجدول'!C121 & CHAR(10) & "• " & 'الجدول'!C122 & CHAR(10) & "• " & 'الجدول'!C123 & CHAR(10) & "• " & 'الجدول'!C124 & CHAR(10) & CHAR(10) & "■■ " & 'الجدول'!D1 & " ■■" & CHAR(10) & "• " & 'الجدول'!D119 & CHAR(10) & "• " & 'الجدول'!D120 & CHAR(10) & "• " & 'الجدول'!D121 & CHAR(10) & "• " & 'الجدول'!D122 & CHAR(10) & "• " & 'الجدول'!D123 & CHAR(10) & "• " & 'الجدول'!D124 & CHAR(10) & CHAR(10) & "■■ " & 'الجدول'!E1 & " ■■" & CHAR(10) & "• " & 'الجدول'!E119 & CHAR(10) & "• " & 'الجدول'!E120 & CHAR(10) & "• " & 'الجدول'!E121 & CHAR(10) & "• " & 'الجدول'!E122 & CHAR(10) & "• " & 'الجدول'!E123 & CHAR(10) & "• " & 'الجدول'!E124 & CHAR(10) & CHAR(10) & "■■ " & 'الجدول'!F1 & " ■■" & CHAR(10) & "• " & 'الجدول'!F119 & CHAR(10) & "• " & 'الجدول'!F120 & CHAR(10) & "• " & 'الجدول'!F121 & CHAR(10) & "• " & 'الجدول'!F122 & CHAR(10) & "• " & 'الجدول'!F123 & CHAR(10) & "• " & 'الجدول'!F124 & CHAR(10) & CHAR(10) & "■■ " & 'الجدول'!G1 & " ■■" & CHAR(10) & "• " & 'الجدول'!G119 & CHAR(10) & "• " & 'الجدول'!G120 & CHAR(10) & "• " & 'الجدول'!G121 & CHAR(10) & "• " & 'الجدول'!G122 & CHAR(10) & "• " & 'الجدول'!G123 & CHAR(10) & "• " & 'الجدول'!G124 & CHAR(10) & CHAR(10) & "■■ " & 'الجدول'!H1 & " ■■" & CHAR(10) & "• " & 'الجدول'!H119 & CHAR(10) & "• " & 'الجدول'!H120 & CHAR(10) & "• " & 'الجدول'!H121 & CHAR(10) & "• " & 'الجدول'!H122 & CHAR(10) & "• " & 'الجدول'!H123 & CHAR(10) & "• " & 'الجدول'!H124 & CHAR(10) & CHAR(10) & "■■ " & 'الجدول'!I1 & " ■■" & CHAR(10) & "• " & 'الجدول'!I119 & CHAR(10) & "• " & 'الجدول'!I120 & CHAR(10) & "• " & 'الجدول'!I121 & CHAR(10) & "• " & 'الجدول'!I122 & CHAR(10) & "• " & 'الجدول'!I123 & CHAR(10) & "• " & 'الجدول'!I124 & CHAR(10) & CHAR(10) & "■■ " & 'الجدول'!J1 & " ■■" & CHAR(10) & "• " & 'الجدول'!J119 & CHAR(10) & "• " & 'الجدول'!J120 & CHAR(10) & "• " & 'الجدول'!J121 & CHAR(10) & "• " & 'الجدول'!J122 & CHAR(10) & "• " & 'الجدول'!J123 & CHAR(10) & "• " & 'الجدول'!J124 & CHAR(10) & CHAR(10) & "■■ " & 'الجدول'!K1 & " ■■" & CHAR(10) & "• " & 'الجدول'!K119 & CHAR(10) & "• " & 'الجدول'!K120 & CHAR(10) & "• " & 'الجدول'!K121 & CHAR(10) & "• " & 'الجدول'!K122 & CHAR(10) & "• " & 'الجدول'!K123 & CHAR(10) & "• " & 'الجدول'!K124 & CHAR(10) & CHAR(10) & "■■ " & 'الجدول'!L1 & " ■■" & CHAR(10) & "• " & 'الجدول'!L119 & CHAR(10) & "• " & 'الجدول'!L120 & CHAR(10) & "• " & 'الجدول'!L121 & CHAR(10) & "• " & 'الجدول'!L122 & CHAR(10) & "• " & 'الجدول'!L123 & CHAR(10) & "• " & 'الجدول'!L124 & CHAR(10) & CHAR(10) & "■■ " & 'الجدول'!M1 & " ■■" & CHAR(10) & "• " & 'الجدول'!M119 & CHAR(10) & "• " & 'الجدول'!M120 & CHAR(10) & "• " & 'الجدول'!M121 & CHAR(10) & "• " & 'الجدول'!M122 & CHAR(10) & "• " & 'الجدول'!M123 & CHAR(10) & "• " & 'الجدول'!M124 & CHAR(10) & CHAR(10) & "■■ " & 'الجدول'!N1 & " ■■" & CHAR(10) & "• " & 'الجدول'!N119 & CHAR(10) & "• " & 'الجدول'!N120 & CHAR(10) & "• " & 'الجدول'!N121 & CHAR(10) & "• " & 'الجدول'!N122 & CHAR(10) & "• " & 'الجدول'!N123 & CHAR(10) & "• " & 'الجدول'!N124 & CHAR(10) & CHAR(10) -> ■■ ER ADMISSION-NIGHT-🚨🌙 ■■ • ---------- • ---------- • ---------- • ---------- • ---------- • ---------- ■■ ER ADMISSIONS -DAY-🚨☀️ ■■ • ---------- • ---------- • ---------- • ---------- • ---------- • ---------- ■■ ER GENERAL-DAY-🚨☀️ ■■ • ---------- • ---------- • ---------- • ---------- • ---------- • ---------- ■■ ER GENERAL-NIGHT-🚨🌙 ■■ • ---------- • ---------- • ---------- • ---------- • ---------- • ---------- ■■ ER PT-DAY-🚨☀️ ■■ • ---------- • ---------- • ---------- • ---------- • ---------- • ---------- ■■ ER PT-NIGHT-🚨🌙 ■■ • ---------- • ---------- • ---------- • ---------- • ---------- • ---------- ■■ ER TRIAGE-DAY-🚨☀️ ■■ • ---------- • ---------- • ---------- • ---------- • ---------- • ---------- ■■ ER TRIAGE-NIGHT-🚨🌙 ■■ • ---------- • ---------- • ---------- • ---------- • ---------- • ---------- ■■ ER WARD-DAY-🚨☀️ ■■ • ---------- • ---------- • ---------- • ---------- • ---------- • ---------- ■■ ER WARD-NIGHT-🚨🌙 ■■ • ---------- • ---------- • ---------- • ---------- • ---------- • ---------- ■■ 🗡️LISTA ■■ • ---------- • ---------- • ---------- • ---------- • ---------- • ---------- ■■ WARD-DAY-☀️ ■■ • منار احمد سعيد (01092708033) • أعناب طارق عوض (01146334179) • Sara Refaat (01220039613) • بلال جودة (01066199644) • سلمى أبوالعلا (01124166114) • عمر حسن محمد حسن حجازي (01019701020) ■■ WARD-NIGHT-🌙 ■■ • يوسف طه السيد (01207620695) • احمد حسين أحمد (01001877491) • سندس أحمد سيد (01156131096) • ملك محمد فؤاد (01001721072) • ---------- • ---------- | C20: =HYPERLINK("#الجدول!A" & 118, "الجدول الأساسي") -> الجدول الأساسي
A21: 2026-01-29 الخميس | B21: ="" & "■■ " & 'الجدول'!B1 & " ■■" & CHAR(10) & "• " & 'الجدول'!B125 & CHAR(10) & "• " & 'الجدول'!B126 & CHAR(10) & "• " & 'الجدول'!B127 & CHAR(10) & "• " & 'الجدول'!B128 & CHAR(10) & "• " & 'الجدول'!B129 & CHAR(10) & CHAR(10) & "■■ " & 'الجدول'!C1 & " ■■" & CHAR(10) & "• " & 'الجدول'!C125 & CHAR(10) & "• " & 'الجدول'!C126 & CHAR(10) & "• " & 'الجدول'!C127 & CHAR(10) & "• " & 'الجدول'!C128 & CHAR(10) & "• " & 'الجدول'!C129 & CHAR(10) & CHAR(10) & "■■ " & 'الجدول'!D1 & " ■■" & CHAR(10) & "• " & 'الجدول'!D125 & CHAR(10) & "• " & 'الجدول'!D126 & CHAR(10) & "• " & 'الجدول'!D127 & CHAR(10) & "• " & 'الجدول'!D128 & CHAR(10) & "• " & 'الجدول'!D129 & CHAR(10) & CHAR(10) & "■■ " & 'الجدول'!E1 & " ■■" & CHAR(10) & "• " & 'الجدول'!E125 & CHAR(10) & "• " & 'الجدول'!E126 & CHAR(10) & "• " & 'الجدول'!E127 & CHAR(10) & "• " & 'الجدول'!E128 & CHAR(10) & "• " & 'الجدول'!E129 & CHAR(10) & CHAR(10) & "■■ " & 'الجدول'!F1 & " ■■" & CHAR(10) & "• " & 'الجدول'!F125 & CHAR(10) & "• " & 'الجدول'!F126 & CHAR(10) & "• " & 'الجدول'!F127 & CHAR(10) & "• " & 'الجدول'!F128 & CHAR(10) & "• " & 'الجدول'!F129 & CHAR(10) & CHAR(10) & "■■ " & 'الجدول'!G1 & " ■■" & CHAR(10) & "• " & 'الجدول'!G125 & CHAR(10) & "• " & 'الجدول'!G126 & CHAR(10) & "• " & 'الجدول'!G127 & CHAR(10) & "• " & 'الجدول'!G128 & CHAR(10) & "• " & 'الجدول'!G129 & CHAR(10) & CHAR(10) & "■■ " & 'الجدول'!H1 & " ■■" & CHAR(10) & "• " & 'الجدول'!H125 & CHAR(10) & "• " & 'الجدول'!H126 & CHAR(10) & "• " & 'الجدول'!H127 & CHAR(10) & "• " & 'الجدول'!H128 & CHAR(10) & "• " & 'الجدول'!H129 & CHAR(10) & CHAR(10) & "■■ " & 'الجدول'!I1 & " ■■" & CHAR(10) & "• " & 'الجدول'!I125 & CHAR(10) & "• " & 'الجدول'!I126 & CHAR(10) & "• " & 'الجدول'!I127 & CHAR(10) & "• " & 'الجدول'!I128 & CHAR(10) & "• " & 'الجدول'!I129 & CHAR(10) & CHAR(10) & "■■ " & 'الجدول'!J1 & " ■■" & CHAR(10) & "• " & 'الجدول'!J125 & CHAR(10) & "• " & 'الجدول'!J126 & CHAR(10) & "• " & 'الجدول'!J127 & CHAR(10) & "• " & 'الجدول'!J128 & CHAR(10) & "• " & 'الجدول'!J129 & CHAR(10) & CHAR(10) & "■■ " & 'الجدول'!K1 & " ■■" & CHAR(10) & "• " & 'الجدول'!K125 & CHAR(10) & "• " & 'الجدول'!K126 & CHAR(10) & "• " & 'الجدول'!K127 & CHAR(10) & "• " & 'الجدول'!K128 & CHAR(10) & "• " & 'الجدول'!K129 & CHAR(10) & CHAR(10) & "■■ " & 'الجدول'!L1 & " ■■" & CHAR(10) & "• " & 'الجدول'!L125 & CHAR(10) & "• " & 'الجدول'!L126 & CHAR(10) & "• " & 'الجدول'!L127 & CHAR(10) & "• " & 'الجدول'!L128 & CHAR(10) & "• " & 'الجدول'!L129 & CHAR(10) & CHAR(10) & "■■ " & 'الجدول'!M1 & " ■■" & CHAR(10) & "• " & 'الجدول'!M125 & CHAR(10) & "• " & 'الجدول'!M126 & CHAR(10) & "• " & 'الجدول'!M127 & CHAR(10) & "• " & 'الجدول'!M128 & CHAR(10) & "• " & 'الجدول'!M129 & CHAR(10) & CHAR(10) & "■■ " & 'الجدول'!N1 & " ■■" & CHAR(10) & "• " & 'الجدول'!N125 & CHAR(10) & "• " & 'الجدول'!N126 & CHAR(10) & "• " & 'الجدول'!N127 & CHAR(10) & "• " & 'الجدول'!N128 & CHAR(10) & "• " & 'الجدول'!N129 & CHAR(10) & CHAR(10) -> ■■ ER ADMISSION-NIGHT-🚨🌙 ■■ • ---------- • ---------- • ---------- • ---------- • ---------- ■■ ER ADMISSIONS -DAY-🚨☀️ ■■ • ---------- • ---------- • ---------- • ---------- • ---------- ■■ ER GENERAL-DAY-🚨☀️ ■■ • ---------- • ---------- • ---------- • ---------- • ---------- ■■ ER GENERAL-NIGHT-🚨🌙 ■■ • ---------- • ---------- • ---------- • ---------- • ---------- ■■ ER PT-DAY-🚨☀️ ■■ • ---------- • ---------- • ---------- • ---------- • ---------- ■■ ER PT-NIGHT-🚨🌙 ■■ • ---------- • ---------- • ---------- • ---------- • ---------- ■■ ER TRIAGE-DAY-🚨☀️ ■■ • ---------- • ---------- • ---------- • ---------- • ---------- ■■ ER TRIAGE-NIGHT-🚨🌙 ■■ • ---------- • ---------- • ---------- • ---------- • ---------- ■■ ER WARD-DAY-🚨☀️ ■■ • ---------- • ---------- • ---------- • ---------- • ---------- ■■ ER WARD-NIGHT-🚨🌙 ■■ • ---------- • ---------- • ---------- • ---------- • ---------- ■■ 🗡️LISTA ■■ • ---------- • ---------- • ---------- • ---------- • ---------- ■■ WARD-DAY-☀️ ■■ • زينة أشرف حسين (01067196820) • مها حسين السيد (01012349071) • دانه طارق (01012809042) • عبدالمسيح مكرم (01203267885) • احمدنوید قیومی (01104573242) ■■ WARD-NIGHT-🌙 ■■ • يوسف طه السيد (01207620695) • Marwan Ayman (01149894940) • شهاب احمد حلمي (01055979002) • ---------- • ---------- | C21: =HYPERLINK("#الجدول!A" & 124, "الجدول الأساسي") -> الجدول الأساسي
A22: 2026-01-30 الجمعة | B22: ="" & "■■ " & 'الجدول'!B1 & " ■■" & CHAR(10) & "• " & 'الجدول'!B130 & CHAR(10) & "• " & 'الجدول'!B131 & CHAR(10) & "• " & 'الجدول'!B132 & CHAR(10) & "• " & 'الجدول'!B133 & CHAR(10) & CHAR(10) & "■■ " & 'الجدول'!C1 & " ■■" & CHAR(10) & "• " & 'الجدول'!C130 & CHAR(10) & "• " & 'الجدول'!C131 & CHAR(10) & "• " & 'الجدول'!C132 & CHAR(10) & "• " & 'الجدول'!C133 & CHAR(10) & CHAR(10) & "■■ " & 'الجدول'!D1 & " ■■" & CHAR(10) & "• " & 'الجدول'!D130 & CHAR(10) & "• " & 'الجدول'!D131 & CHAR(10) & "• " & 'الجدول'!D132 & CHAR(10) & "• " & 'الجدول'!D133 & CHAR(10) & CHAR(10) & "■■ " & 'الجدول'!E1 & " ■■" & CHAR(10) & "• " & 'الجدول'!E130 & CHAR(10) & "• " & 'الجدول'!E131 & CHAR(10) & "• " & 'الجدول'!E132 & CHAR(10) & "• " & 'الجدول'!E133 & CHAR(10) & CHAR(10) & "■■ " & 'الجدول'!F1 & " ■■" & CHAR(10) & "• " & 'الجدول'!F130 & CHAR(10) & "• " & 'الجدول'!F131 & CHAR(10) & "• " & 'الجدول'!F132 & CHAR(10) & "• " & 'الجدول'!F133 & CHAR(10) & CHAR(10) & "■■ " & 'الجدول'!G1 & " ■■" & CHAR(10) & "• " & 'الجدول'!G130 & CHAR(10) & "• " & 'الجدول'!G131 & CHAR(10) & "• " & 'الجدول'!G132 & CHAR(10) & "• " & 'الجدول'!G133 & CHAR(10) & CHAR(10) & "■■ " & 'الجدول'!H1 & " ■■" & CHAR(10) & "• " & 'الجدول'!H130 & CHAR(10) & "• " & 'الجدول'!H131 & CHAR(10) & "• " & 'الجدول'!H132 & CHAR(10) & "• " & 'الجدول'!H133 & CHAR(10) & CHAR(10) & "■■ " & 'الجدول'!I1 & " ■■" & CHAR(10) & "• " & 'الجدول'!I130 & CHAR(10) & "• " & 'الجدول'!I131 & CHAR(10) & "• " & 'الجدول'!I132 & CHAR(10) & "• " & 'الجدول'!I133 & CHAR(10) & CHAR(10) & "■■ " & 'الجدول'!J1 & " ■■" & CHAR(10) & "• " & 'الجدول'!J130 & CHAR(10) & "• " & 'الجدول'!J131 & CHAR(10) & "• " & 'الجدول'!J132 & CHAR(10) & "• " & 'الجدول'!J133 & CHAR(10) & CHAR(10) & "■■ " & 'الجدول'!K1 & " ■■" & CHAR(10) & "• " & 'الجدول'!K130 & CHAR(10) & "• " & 'الجدول'!K131 & CHAR(10) & "• " & 'الجدول'!K132 & CHAR(10) & "• " & 'الجدول'!K133 & CHAR(10) & CHAR(10) & "■■ " & 'الجدول'!L1 & " ■■" & CHAR(10) & "• " & 'الجدول'!L130 & CHAR(10) & "• " & 'الجدول'!L131 & CHAR(10) & "• " & 'الجدول'!L132 & CHAR(10) & "• " & 'الجدول'!L133 & CHAR(10) & CHAR(10) & "■■ " & 'الجدول'!M1 & " ■■" & CHAR(10) & "• " & 'الجدول'!M130 & CHAR(10) & "• " & 'الجدول'!M131 & CHAR(10) & "• " & 'الجدول'!M132 & CHAR(10) & "• " & 'الجدول'!M133 & CHAR(10) & CHAR(10) & "■■ " & 'الجدول'!N1 & " ■■" & CHAR(10) & "• " & 'الجدول'!N130 & CHAR(10) & "• " & 'الجدول'!N131 & CHAR(10) & "• " & 'الجدول'!N132 & CHAR(10) & "• " & 'الجدول'!N133 & CHAR(10) & CHAR(10) -> ■■ ER ADMISSION-NIGHT-🚨🌙 ■■ • ---------- • ---------- • ---------- • ---------- ■■ ER ADMISSIONS -DAY-🚨☀️ ■■ • ---------- • ---------- • ---------- • ---------- ■■ ER GENERAL-DAY-🚨☀️ ■■ • ---------- • ---------- • ---------- • ---------- ■■ ER GENERAL-NIGHT-🚨🌙 ■■ • ---------- • ---------- • ---------- • ---------- ■■ ER PT-DAY-🚨☀️ ■■ • ---------- • ---------- • ---------- • ---------- ■■ ER PT-NIGHT-🚨🌙 ■■ • ---------- • ---------- • ---------- • ---------- ■■ ER TRIAGE-DAY-🚨☀️ ■■ • ---------- • ---------- • ---------- • ---------- ■■ ER TRIAGE-NIGHT-🚨🌙 ■■ • ---------- • ---------- • ---------- • ---------- ■■ ER WARD-DAY-🚨☀️ ■■ • ---------- • ---------- • ---------- • ---------- ■■ ER WARD-NIGHT-🚨🌙 ■■ • ---------- • ---------- • ---------- • ---------- ■■ 🗡️LISTA ■■ • ---------- • ---------- • ---------- • ---------- ■■ WARD-DAY-☀️ ■■ • رنيم حاتم رفيق بسيسو (01144758373) • حنان النبوى محمد (01067888751) • Alaa mahmoud El haddad (01033882560) • Mostafa Ismail (01022400525) ■■ WARD-NIGHT-🌙 ■■ • محمد احمد بسام الجمل (01091463337) • عبدالله احمد (01020242571) • شيماء رمضان سعد (01021468731) • احمد عزت الشيخ (01226872660) | C22: =HYPERLINK("#الجدول!A" & 129, "الجدول الأساسي") -> الجدول الأساسي
A23: 2026-01-31 السبت | B23: ="" & "■■ " & 'الجدول'!B1 & " ■■" & CHAR(10) & "• " & 'الجدول'!B134 & CHAR(10) & "• " & 'الجدول'!B135 & CHAR(10) & "• " & 'الجدول'!B136 & CHAR(10) & "• " & 'الجدول'!B137 & CHAR(10) & "• " & 'الجدول'!B138 & CHAR(10) & CHAR(10) & "■■ " & 'الجدول'!C1 & " ■■" & CHAR(10) & "• " & 'الجدول'!C134 & CHAR(10) & "• " & 'الجدول'!C135 & CHAR(10) & "• " & 'الجدول'!C136 & CHAR(10) & "• " & 'الجدول'!C137 & CHAR(10) & "• " & 'الجدول'!C138 & CHAR(10) & CHAR(10) & "■■ " & 'الجدول'!D1 & " ■■" & CHAR(10) & "• " & 'الجدول'!D134 & CHAR(10) & "• " & 'الجدول'!D135 & CHAR(10) & "• " & 'الجدول'!D136 & CHAR(10) & "• " & 'الجدول'!D137 & CHAR(10) & "• " & 'الجدول'!D138 & CHAR(10) & CHAR(10) & "■■ " & 'الجدول'!E1 & " ■■" & CHAR(10) & "• " & 'الجدول'!E134 & CHAR(10) & "• " & 'الجدول'!E135 & CHAR(10) & "• " & 'الجدول'!E136 & CHAR(10) & "• " & 'الجدول'!E137 & CHAR(10) & "• " & 'الجدول'!E138 & CHAR(10) & CHAR(10) & "■■ " & 'الجدول'!F1 & " ■■" & CHAR(10) & "• " & 'الجدول'!F134 & CHAR(10) & "• " & 'الجدول'!F135 & CHAR(10) & "• " & 'الجدول'!F136 & CHAR(10) & "• " & 'الجدول'!F137 & CHAR(10) & "• " & 'الجدول'!F138 & CHAR(10) & CHAR(10) & "■■ " & 'الجدول'!G1 & " ■■" & CHAR(10) & "• " & 'الجدول'!G134 & CHAR(10) & "• " & 'الجدول'!G135 & CHAR(10) & "• " & 'الجدول'!G136 & CHAR(10) & "• " & 'الجدول'!G137 & CHAR(10) & "• " & 'الجدول'!G138 & CHAR(10) & CHAR(10) & "■■ " & 'الجدول'!H1 & " ■■" & CHAR(10) & "• " & 'الجدول'!H134 & CHAR(10) & "• " & 'الجدول'!H135 & CHAR(10) & "• " & 'الجدول'!H136 & CHAR(10) & "• " & 'الجدول'!H137 & CHAR(10) & "• " & 'الجدول'!H138 & CHAR(10) & CHAR(10) & "■■ " & 'الجدول'!I1 & " ■■" & CHAR(10) & "• " & 'الجدول'!I134 & CHAR(10) & "• " & 'الجدول'!I135 & CHAR(10) & "• " & 'الجدول'!I136 & CHAR(10) & "• " & 'الجدول'!I137 & CHAR(10) & "• " & 'الجدول'!I138 & CHAR(10) & CHAR(10) & "■■ " & 'الجدول'!J1 & " ■■" & CHAR(10) & "• " & 'الجدول'!J134 & CHAR(10) & "• " & 'الجدول'!J135 & CHAR(10) & "• " & 'الجدول'!J136 & CHAR(10) & "• " & 'الجدول'!J137 & CHAR(10) & "• " & 'الجدول'!J138 & CHAR(10) & CHAR(10) & "■■ " & 'الجدول'!K1 & " ■■" & CHAR(10) & "• " & 'الجدول'!K134 & CHAR(10) & "• " & 'الجدول'!K135 & CHAR(10) & "• " & 'الجدول'!K136 & CHAR(10) & "• " & 'الجدول'!K137 & CHAR(10) & "• " & 'الجدول'!K138 & CHAR(10) & CHAR(10) & "■■ " & 'الجدول'!L1 & " ■■" & CHAR(10) & "• " & 'الجدول'!L134 & CHAR(10) & "• " & 'الجدول'!L135 & CHAR(10) & "• " & 'الجدول'!L136 & CHAR(10) & "• " & 'الجدول'!L137 & CHAR(10) & "• " & 'الجدول'!L138 & CHAR(10) & CHAR(10) & "■■ " & 'الجدول'!M1 & " ■■" & CHAR(10) & "• " & 'الجدول'!M134 & CHAR(10) & "• " & 'الجدول'!M135 & CHAR(10) & "• " & 'الجدول'!M136 & CHAR(10) & "• " & 'الجدول'!M137 & CHAR(10) & "• " & 'الجدول'!M138 & CHAR(10) & CHAR(10) & "■■ " & 'الجدول'!N1 & " ■■" & CHAR(10) & "• " & 'الجدول'!N134 & CHAR(10) & "• " & 'الجدول'!N135 & CHAR(10) & "• " & 'الجدول'!N136 & CHAR(10) & "• " & 'الجدول'!N137 & CHAR(10) & "• " & 'الجدول'!N138 & CHAR(10) & CHAR(10) -> ■■ ER ADMISSION-NIGHT-🚨🌙 ■■ • ---------- • ---------- • ---------- • ---------- • ---------- ■■ ER ADMISSIONS -DAY-🚨☀️ ■■ • ---------- • ---------- • ---------- • ---------- • ---------- ■■ ER GENERAL-DAY-🚨☀️ ■■ • ---------- • ---------- • ---------- • ---------- • ---------- ■■ ER GENERAL-NIGHT-🚨🌙 ■■ • ---------- • ---------- • ---------- • ---------- • ---------- ■■ ER PT-DAY-🚨☀️ ■■ • ---------- • ---------- • ---------- • ---------- • ---------- ■■ ER PT-NIGHT-🚨🌙 ■■ • ---------- • ---------- • ---------- • ---------- • ---------- ■■ ER TRIAGE-DAY-🚨☀️ ■■ • ---------- • ---------- • ---------- • ---------- • ---------- ■■ ER TRIAGE-NIGHT-🚨🌙 ■■ • ---------- • ---------- • ---------- • ---------- • ---------- ■■ ER WARD-DAY-🚨☀️ ■■ • ---------- • ---------- • ---------- • ---------- • ---------- ■■ ER WARD-NIGHT-🚨🌙 ■■ • ---------- • ---------- • ---------- • ---------- • ---------- ■■ 🗡️LISTA ■■ • عمر محمد سيد (01000688544) • منار احمد سعيد (01092708033) • روان ياسر سليم (01005005160) • ---------- • ---------- ■■ WARD-DAY-☀️ ■■ • Marwan Ayman (01149894940) • Ziad said mohamed (01028577876) • عمرو عبدالغفار حمزة (01014246636) • Sara Refaat (01220039613) • رنا اكرم احمد (01122182132) ■■ WARD-NIGHT-🌙 ■■ • يوسف طه السيد (01207620695) • شدو محمد شلتوت (1550336384) • نورهان محمد (0112 826 8287) • ---------- • ---------- | C23: =HYPERLINK("#الجدول!A" & 133, "الجدول الأساسي") -> الجدول الأساسي
